temperature,humidity,wind_speed,pbl_height,pm25,pm10,o3,no2,stubble_activity,aqi
18.11258320887879,73.72569462357836,9.89972583412842,1379.009215963773,235.92108610623848,269.8483121153646,100.39669358293537,156.77537348009423,0.6855280150108364,298.1342013661802
33.66928627306774,81.7842908174392,2.9996022505249105,835.5046745472972,46.410748022759094,383.50351535579335,66.33858919597749,101.41742836123534,0.46757096225241745,186.82268031489428
27.763836428907936,46.280413421512435,13.149721168644817,1114.874380570518,99.96883777973387,298.8267191019132,76.06727538804226,159.90208365196574,0.05570689569342413,92.96834227635603
24.163779073319986,70.61681647445494,9.390185466504002,710.4676171616229,275.31418433815276,78.31918823142634,110.34146957540308,23.966572592508296,0.9185101506885499,316.54194369871664
12.212503291945787,67.16348890434367,2.779456311575837,982.0484085594135,194.4663317140105,125.36690892043548,132.68284415335114,46.40285390156907,0.980329132876381,295.03060702367287
12.211852049077471,84.13397449123762,14.453901833477499,576.8063123895662,326.22979038972477,140.89096465422278,48.11063211756859,114.79150743280853,0.431043415211835,322.95409974526336
9.568257528541386,88.89565893128193,8.01629921836215,521.6226276996235,161.48796475264692,158.61755667662865,57.89075143594991,189.94678170301205,0.6136608074093272,241.58786444656616
31.38675593592325,30.79019014603014,1.5570275521389976,909.5217006373192,307.0380807185946,300.08556029723195,140.30351549073777,24.20399087713826,0.4502986262437467,391.33280872286275
24.230105317066638,73.81129473882152,9.589077114018474,797.3815438575725,168.15529436781839,271.824258719681,90.99165093732236,18.18600106980422,0.3218796508861206,193.9252800129007
27.11795960049323,33.369326942782386,4.171384151685748,911.3509168099735,343.15193197165513,133.4536176475361,35.05465439890014,39.744628236292584,0.07731879285780763,302.08009194130335
8.555781345986667,65.67581323002813,12.153555052220886,501.3248138018322,336.74534586162935,71.07522798961605,102.91731944773359,131.81909448342975,0.45606773039729886,367.4099063879907
34.18756600837385,48.696127387839084,12.358420066709764,613.7409645437933,128.6151128335065,118.85881405837031,148.70670177551315,85.80865416734696,0.8183845563594515,177.62984857304662
30.47595130161139,49.940478968939175,14.694736659892596,217.45714488047304,312.35481123754505,492.8154038045575,125.28349902585602,166.85495208936038,0.017031461088003574,368.3097770293652
13.733155988313456,52.94230272440318,7.777108199855304,173.186921181088,299.71175349116425,255.53159690407725,114.40375911719639,23.667298781459504,0.5821076831802223,380.8525146547475
12.909274114591717,70.38400918822467,7.0968747560521885,454.83998154222274,89.52453111809574,438.9789321629717,39.12653159727769,47.3186764947932,0.8807721087266889,274.7738440882644
12.951921766042712,51.71324776847,11.425396278973968,203.94560306276406,226.015832258479,430.4261346676679,132.659569855761,67.00501703833018,0.217549430014358,292.4361511668068
16.21454055990752,77.62543828836823,2.420824516957935,245.28459208863697,43.9851641446389,275.2989964329219,83.6104380949765,129.0787164708692,0.1832558646890622,131.6587609604033
22.168423654070423,56.29428006230153,8.4302749500003,1238.0997675515118,296.11453779254236,365.07634589185,134.50060309007378,140.18281115729397,0.7722766257019431,379.99478900997065
19.662515503337126,34.44295802014731,8.420590201897339,154.42317582336503,77.60014155615386,128.66592478984765,56.175896119483106,33.59862585311703,0.2550864311192933,120.50002594122392
15.863186785347132,80.94438976146697,1.7973602807506146,1022.5199115086399,43.368851457302284,356.6624842663778,18.687147368960588,189.3228947084305,0.19198426756064846,134.57081799568425
24.520028157504246,48.57429109852589,6.560769239850247,481.58084834156074,152.0723015278077,165.29690646111317,76.63663561236446,74.79838568613974,0.37798925056923505,194.49317742893345
11.766334237605129,58.12984717395207,12.872629579224428,1320.163952991377,210.38430573788236,422.74856450690936,47.777264674502874,145.5020649700538,0.39250201227021797,250.97839184038648
15.88790551045089,74.5538524094236,12.914227518922575,778.9891984084993,302.12259632472444,78.51310123009856,110.13210056868175,109.59946660006277,0.874101063016566,307.91877389348195
17.891769768929677,51.60965021466628,1.9389461413353746,527.807043058956,341.50003342217303,395.6437895272276,143.99491739984452,52.324041573950254,0.6184434719336769,468.18029786855647
20.31388957385997,33.678067649536516,1.8154527998435475,824.6945099652083,165.032529148055,85.97097702156498,106.73638116121894,170.78338139192812,0.40596145633958935,204.0761223016499
29.199750957611368,54.304868055832884,4.309084416528062,634.7412266633763,39.94748458513917,445.3470489713821,134.1707501592885,165.46522535646668,0.5343879642857668,196.14879856193
13.391192118275713,91.38915787512973,13.184107907032905,890.0214905377622,267.2081410785373,179.9340783421017,73.4233619041689,85.25365224417112,0.9539652333252742,352.17651980701214
21.884329837167513,71.71273582440628,2.3690874835657345,260.3460156568875,206.50717455389935,341.0209478220644,118.02970320734224,121.83544128183253,0.11321467660989537,309.98598227673585
23.99519335927515,73.64614466336846,10.93995363809797,1495.7867039375715,167.80414379867284,264.2510481653287,128.02608113403846,58.98688222782855,0.20771552172469143,184.9542792643831
9.254161143439939,71.09833998644659,1.9669014843899966,695.7782287754046,122.05873000142259,208.49944682067593,109.52258786169594,141.07180946179727,0.9625287065865553,282.6704097260377
24.403711001338834,42.93448903236339,9.535498879343468,587.5228955903161,185.79151418836676,336.9032432644084,81.08882004973904,68.71509439788197,0.9573248485272041,305.2108828472511
12.604151339556871,57.19170116664821,5.6629758372276,1094.293787642771,131.7642694708202,475.86057105356946,97.62125534615153,170.37495953262464,0.17716542126477264,231.42718384702843
9.756393010602547,78.81108689361568,11.939252463005072,609.4591690934654,269.8139163566289,58.984083792326054,108.07097939504324,51.30316981268212,0.14510881712529822,228.1676456171138
33.61990950584,36.58923834095535,3.888511507967772,1266.5840270402607,199.48491984257154,462.67231370622795,45.43181645099976,12.812650335508186,0.4210851343386198,294.3531678632436
34.072064893013106,48.0604304458313,9.768426526154418,735.9790141045953,309.3597654708569,320.1775613096662,123.34109652809786,61.0165279739045,0.04971829248796911,312.68207760436536
29.82672839914445,47.96074205028049,3.917396751350332,1107.3817785716087,199.36949183431588,411.36457835376405,143.04543545541827,46.29997242730247,0.6549035322851401,325.34697152812157
16.224571767681006,58.08123029364289,10.84807410512623,250.43450301864115,98.62659640217692,216.5824785797677,75.13350412519104,106.5744235477356,0.07749602166174219,110.5225058451665
10.637147078172365,93.72396816124203,13.168331501130858,1284.5668597771564,300.8603211366077,257.0477684253023,108.14940563538283,48.703625414749496,0.05802962709428072,266.06774118005615
26.474291715828237,34.38766553444842,2.3386260873380205,1130.0051814893538,203.88228482691449,439.67134582853544,113.18362681064956,155.006075436704,0.48518693620884923,331.03547224984885
19.884117330969236,63.715564634738676,13.0656374846348,396.40348984675194,88.25754258737521,230.8300661125186,102.71465665300724,55.86042122076075,0.9577866361101015,164.87245100373988
11.295032340809028,41.65870433079368,9.10684118900732,303.4004136441013,225.7575772855533,285.94340070457906,86.59611516600897,144.3239541834046,0.4267959360631596,264.00068208214714
21.369776573004295,93.09397545163337,2.3431021175718474,542.8092882158742,138.04653243100108,49.28966461879314,133.43071364047347,119.90947537260757,0.3564811586605511,175.4202622129069
8.928490070110897,37.36472780728517,6.699356902715824,1466.498820444666,298.6538520563817,112.95508268549945,72.84973929764521,197.38747272965801,0.9979567155022859,388.8905339245285
32.55165085612711,56.23406515350343,2.8324742555339193,459.5642043938821,169.58891375335912,335.1757936684079,18.554413908124502,199.98118563175402,0.5319689607791834,297.3140717416076
14.987059503200456,77.9625240142494,10.655044388565258,738.5780925252866,259.72564817544753,369.80937448938346,128.23789259970243,175.2099558302927,0.37524140689024854,350.73618660078625
25.888101677557515,75.79603782178394,11.50358794906027,142.02831600427083,51.52694851995826,307.9964309208697,104.3573781243171,154.3968401667627,0.3858608133416018,113.27864587122389
16.416199054414093,57.4773613981056,2.034049543955585,656.1185413927255,150.68803427977423,105.92261668678091,128.89620770995052,83.426718660109,0.19495949603351048,170.6429724255457
22.041836571800893,52.52407091692669,7.839027864072343,899.8480216063439,344.46967403589156,244.88649714580401,29.3966419422572,153.1225781549477,0.5122230574475389,369.74537398952685
22.76117754226855,55.84480460593659,12.312063312375798,1434.3744575111511,286.79189552745896,203.34359252706733,14.305411671360286,191.76835204510323,0.4388550281680058,283.78057114955226
12.99107029918923,47.17795710531155,14.074364102489449,823.4304629160902,72.78046478108645,268.00421825614063,140.81243565355018,14.44173932513439,0.2707952963474134,124.1617983397749
34.17878494964308,43.346641015941984,7.946009067755665,1246.7502566487628,111.66213632749418,440.35135589488334,30.6819628190804,112.20379303757036,0.16054008660175978,182.809562828754
28.928586230750092,61.39758034132785,14.279048742365402,865.9786995964608,128.83921692259918,396.8962617829799,123.35132648986325,51.419677833802574,0.3112388686675537,203.62055221754594
33.366471422233104,47.45469414439448,8.267490071612432,157.09901880972535,234.62063496349708,78.63517063901313,125.24939190528902,115.99650001508158,0.5086833276877293,268.86134337248507
32.160338461546516,48.68500821832126,6.215762171698666,541.0115852656836,269.8082706315863,449.54223097629955,109.21872807686042,98.62494705418932,0.058333272284801674,367.22857683090757
24.143299427899297,72.68914412584621,12.798945364016985,905.7693109635445,267.3437809066102,257.0128895289189,28.376709553001934,119.39603049493404,0.15374402858395597,291.8185196562439
32.890604345624155,92.95492656049299,7.648249301642291,1430.831552303574,188.25843858111293,382.1765866475593,103.43580743851305,114.6828220695576,0.9476572669690954,318.4249820466843
10.389297555401827,69.23641803635938,7.342586403185584,1302.7825036517265,287.5707774865899,104.41804638160198,134.4721216657612,192.42033744202678,0.542855351031339,308.01409413090914
13.29153728531692,35.00366535922281,7.6095310964425105,419.6978598503867,164.23576730996677,348.5309818252421,69.57443027212365,114.91536069759985,0.06344930366003787,200.32940800444376
9.221136800584528,34.91293490051435,12.778382527111308,408.15376202682893,60.88058654753543,148.70996810035064,67.89235961300383,170.78409674372477,0.693087758769573,118.15015712774715
16.783918930608138,91.84250935496179,12.563152354476756,381.64215395946104,206.2658077457584,241.6552126848285,72.00016334111868,70.76585449216083,0.06180287007903473,210.78801179831768
18.494286821616015,49.32390136997668,6.3510398903830625,1391.4984548235045,334.25945691836523,47.75692023776803,21.5180646946689,93.23913087029929,0.738874227046373,367.1605764597331
15.32642385789519,35.9843540953609,5.332847968122612,1293.7326143424089,281.68790495952874,109.74089344801897,134.88357966419628,99.37856044851388,0.7499627217200269,304.8425772632577
30.37591274710209,68.9378981647748,7.632956348567374,1184.8368051541283,210.97121373843999,82.35702683686509,131.68560095727145,62.95832823372214,0.6510789757492527,235.70928321223317
17.632339820726912,70.5371705888673,8.805201391188081,649.8291599139186,233.44586791520197,150.2823195515989,149.7073050506401,82.1601496808115,0.7322045446193497,268.03214044483013
15.585231761559282,72.15281330771472,3.9558895541059558,806.1329860182735,327.085468921739,86.00832141118823,91.92563980977788,123.71748509868729,0.08796578101305774,312.8838094419496
22.65279424527271,47.381131810740186,12.012348728376065,750.0644427132139,161.35312216353697,358.2786122449985,115.166829103194,120.23567502786115,0.7267805523552676,266.23197561797286
11.80495407431859,30.982194473940876,7.554000103120131,454.7573505831217,129.36006585107032,53.35835501624091,38.37406688302266,130.92271546896131,0.13668831972388296,127.83164942938345
29.659318480359072,92.72599901454066,5.343660452089414,807.0392646082737,342.4897164501482,324.1606302874991,103.45403455138374,76.8454039298268,0.3395059072718438,416.9184729969195
10.012867379353812,46.30804796992166,2.048904397977864,142.69516699385625,304.93623405841004,104.72560217976415,100.9625988260347,70.00798407908084,0.9427452535006329,413.8778847311249
34.64594728821397,73.94170872341559,3.9632548258523004,284.5345228964428,126.60438292413879,474.7742703018326,136.16922301782574,126.20739772329098,0.5028754776591401,306.91836752717444
28.85060877100975,75.93094154211613,14.264576990461764,1341.225434636525,173.04759712910453,469.22327363053296,126.31098119747038,35.24373220122975,0.9674264320830138,288.22503715701293
13.365323401422655,69.65048211016656,4.923945458883136,1152.3516738439926,156.97578257257368,143.7314271596428,141.38530476648683,58.0759932711066,0.08892245888673755,144.49253667817044
8.149097162337265,50.33898062388714,2.948459695822012,692.015772682722,69.20157396157319,322.6337971825936,131.63668617822503,18.00427002106909,0.4775565995631801,150.83305591715566
30.01745856828052,47.62125649466427,7.179755478997401,824.0105071974281,336.0803768583755,52.88244695733088,131.61714528583929,23.796061993255226,0.06240232027687065,276.98808530436145
27.085148283885662,68.8484383756757,4.952772278723606,617.9984403439684,153.4231023025204,468.6227298035401,18.92126573642056,56.242823059515686,0.6302102623992848,293.5902704521172
27.683193537106657,86.29621618475994,1.0098091289323152,1137.0918140249414,308.8585972705096,280.57416176818646,128.43467337743382,13.710563256414616,0.07870700136851638,363.47863926849885
28.824299360520534,91.53769238002072,5.18560565055155,1197.8620509249115,82.48755513461947,59.88264965217834,95.04697523043654,56.628012496617686,0.17536780254037732,75.10288063493134
9.99920559682044,36.88387728624424,8.389575047122294,1168.5992662844228,200.79736751028253,197.54999678374318,63.262223247234566,134.44550138178494,0.2588303100692805,208.0594013496514
17.67857467069536,40.06385981885179,8.49982939428952,1111.6564147682293,27.90725709100904,75.35075245616773,17.912047414328725,21.61034490909728,0.7487438516644832,59.80500760115582
11.128464607178502,91.40785682090018,5.670104357064886,386.30607416991415,272.1927596679618,220.75444211174553,104.87432846752654,92.97996878098179,0.16396211881807476,310.7140289757545
31.303792498641027,77.87478984176153,6.985889965662709,573.1579709366703,211.70158642127186,348.16611739420864,55.94824507526644,183.4906695147144,0.8466320532930678,367.06974689579215
24.829049424344063,87.39459861393524,14.500009814404113,757.7836089771449,226.44456254501839,256.1493576990622,75.48867709804486,160.3441174958262,0.13190393883080087,260.1939616590542
16.934246671021526,43.1711212187973,5.971552919839518,563.1101879987178,37.067891243035646,216.51220037094905,105.44198118771881,68.03312543602287,0.035244449070156336,104.34914470948125
9.716075457722638,68.19308162211112,4.244288792269753,1156.9162802216606,89.64264896884308,94.8122409486138,137.64843658338,185.71304104641294,0.3950454189696678,141.26342530536436
16.39652268632288,75.5740736371358,4.030272138968021,561.0949339499366,44.52918787668145,152.6719610190819,125.56116818469978,72.63283438206773,0.9794416419712951,179.04475331935728
16.77994969472217,74.20727255405322,7.137586884209945,293.52492149947204,115.34172421525788,86.06591235964152,73.08359807450398,23.777944304136874,0.11034222778877723,137.55355473826745
27.69936681512773,56.529859906335375,11.51304215639569,658.6566328676257,227.05487253510984,411.44941656206396,64.28964204249306,198.87063178594158,0.10171844403962904,282.54828167271734
25.214051726590753,31.00066795993505,3.4868286707328613,1471.8802058953324,206.84137482473383,102.21032087297237,43.56916343816665,175.30428016594263,0.7511665107956239,270.72645980110264
31.954744049560816,67.89019369227711,10.784793843541136,416.23397810700624,222.0094411324188,313.871748612491,62.139745164635556,98.52722882720754,0.3121616939935653,257.2308009598392
20.74980297937263,46.45160004667457,0.8066724385665361,957.0221225205207,201.25291955470513,197.66059025086912,25.546494220865764,136.61153959655672,0.7172816172257169,294.87844416052167
11.229044640334145,59.26652599928787,6.574528180767217,706.1622697755888,110.09950257303359,143.9500569413844,145.95477117106563,137.53333479276733,0.20001058944336336,162.47779198390333
27.257609255020864,92.24276598044813,11.75004344544041,199.4343947090573,100.68747412366032,334.15548216636773,90.34844215434104,46.95162383878746,0.4600719941981629,174.5726157857338
28.541196312656233,55.93729564675826,5.411627858729256,783.0272483972833,65.22969556707181,250.2210623133927,27.892817991329807,48.00924029919014,0.2652898777489179,113.70251712811994
23.1544843343764,84.58710443318773,8.674187970958291,1083.0300601076374,300.1933887181524,224.0669149508972,59.39284129722681,99.2203336368469,0.4515282148790869,305.3790135701457
28.816113858773146,42.255139373701326,3.4721988759757068,818.5079661589463,223.43818831861068,312.71192225042194,86.58548010689184,183.19889662616262,0.7690970925853038,386.82900377155187
21.33248110183855,73.70993237162688,11.258933171329499,1320.9484892452135,81.54863412633972,265.98310910540033,84.60398912972175,11.898817223128448,0.7620099404776617,160.41455390325712
22.113786393313838,93.50545203853133,1.2580469973970145,504.5118233206157,78.47909534100904,179.60273593371795,14.97047162060853,158.67607083037828,0.5157722876737236,187.82927795579496
19.54360749568084,36.62305155674089,12.861868350694754,220.74883982555087,308.1017485036251,297.16819237201577,143.1177447920756,20.930088905784288,0.928371843721051,404.0464377999527
8.68631642209057,30.54079624476748,3.373847603114188,1411.1918563212087,265.1011850418954,347.9693452133195,48.552595406492244,100.86220182779239,0.263784102448274,323.2610002363398
10.91306852881922,58.18288152111993,13.178771459770795,629.4748893395066,237.60169636877256,52.27885294995297,12.265853650464766,131.19583828396054,0.24031135111923307,216.56234073353804
8.848588013541825,36.020656398338865,5.611673998857501,906.9677720350867,154.26515548796894,254.30099529753068,20.702161253039545,140.4842607456683,0.6138064011754337,229.29107878709243
25.18308110412207,78.64498272895503,10.978911829880056,1208.8043765822742,106.45193621191079,66.53431090843014,91.22728645471678,21.111060087023162,0.6212970342167891,118.48148265942953
16.487611489060818,89.44566315015632,5.1287668178997325,554.0391294258128,343.2187518272318,125.74649047133109,29.28997289451356,89.53468730295397,0.04654003956497399,348.65979258676623
21.731408661446977,58.211363226069324,13.635719232902389,1102.6303534486556,283.08905975752407,297.83401767586764,15.84147099949046,120.92907949544168,0.6077777123868976,335.4440257367793
32.504294796004515,46.81625674010366,2.3362383200164283,289.58638974495926,119.58714363497124,438.44690102216714,63.14770529777959,22.548652088141317,0.37443615734901436,217.14393056602563
14.730890187019623,58.23621573542964,3.0885369444526813,507.8112460877074,299.69638277190325,446.09061242670305,97.1865669276264,35.66796575310886,0.7474425253205591,440.13179477061624
19.080338921962003,77.02410816025007,7.648936814802633,302.59489059112786,270.4475430428449,72.1742446637704,25.657572677825733,136.0933080057673,0.8081056645452729,314.18019594044
28.399880740662315,30.588520502724112,1.688107366053119,1235.722781761901,118.03658145973947,232.78833969188506,53.865896501184174,109.11125735222382,0.5521538195470366,202.71855052023872
14.177550468273807,68.31450931650531,3.341712678175548,411.7089293174995,160.7624418997411,308.1829821820936,68.48649402743591,40.7474456409752,0.0017050315022650864,185.81010448876577
10.07845756537741,69.86395951767963,14.184612542074209,1104.3649775672943,81.36463697903879,107.65215609315797,32.32441369014741,111.69547401379936,0.6363658101666421,59.50579431825129
15.823289228671737,71.4497360482358,14.659100086644363,1420.6177561439135,56.64730664477609,392.098819702595,80.85034578533941,183.411550954439,0.7488812796659343,186.84702826208047
12.352974755858119,45.73143519875702,5.9557602752911185,838.8810926964278,258.5114708370999,382.34821888112987,21.92997216624793,12.961641107319146,0.24898326623151423,318.46277042596176
33.101836613249475,76.41342701957824,13.887647304702067,856.0408691649627,108.27891292677599,455.53686630512556,16.51258948830961,132.10041696231238,0.4646460011407888,197.42384992009613
29.819250248239257,35.94044661156546,8.399957797264761,745.4469953369369,290.6195906962637,43.90356555838379,82.77695140171888,23.99358257501497,0.9657266234117883,327.4658757467239
25.101901425781435,42.952571870342055,4.411265755169622,556.2462007510999,348.5508747997606,139.67475223494122,44.70557618512259,11.22539416329316,0.29811555339410345,354.4746822993443
31.529435935068378,87.03555303254132,10.68478145566868,765.917043294884,45.28453859678406,420.505888552848,23.35233310572385,38.62435284552042,0.22315325104174077,127.94094244285637
29.69914607627609,78.0170047972268,10.05407619533543,943.9305451734632,176.10159127762108,348.4668233803903,69.34776224826851,90.35226005224467,0.21085479047801015,210.80882278216447
13.037391589922969,30.89346101073744,14.842317127076633,1480.3882010389232,284.68064457256503,451.41933270130573,138.11970353243527,162.44535980657108,0.5588008343539963,351.936280926427
32.099092959229395,46.144456924037016,4.343185667434607,1412.870383045514,280.35379585860704,66.3026410839226,111.3869425315817,63.53924435486614,0.9497871013080065,330.77331531004864
22.56224053172257,43.936421394555694,10.244862788595164,1307.0141416103704,270.79906224921956,314.6034242295637,124.18622814858387,128.87791035386414,0.6086901292003547,315.4421900106833
29.800884189429688,47.60241132240321,1.25434444792698,1344.7827499868017,135.1683286496306,301.76142445109014,132.0679584262091,88.11976121150826,0.30332312023765995,233.52882679062054
32.19446509793431,46.091385068192615,2.1478675611024314,754.9888566088601,169.77157437606726,56.41023152584489,146.16788379549865,54.52304047354151,0.6385697780674541,220.38875023517804
16.586093824240322,34.064209223284976,0.5568164367908524,1020.4220580484507,216.33955792268517,276.22015537974244,116.85452029198423,107.70695171374314,0.6248422975977874,341.0605780266094
10.971401962247272,59.83113357879332,14.99217987536526,1353.0934121106998,341.4003925791749,320.37934320256517,95.17710907152716,161.5182531707984,0.5969251357296542,375.93781076988057
14.154249388632426,77.62767586110073,12.132968608638427,650.1310709878943,128.09059940970266,127.99486013296932,61.15962324231461,168.1735503106674,0.159426206888302,150.54401875410855
19.53191029290892,69.43756210663337,11.907483713636342,1446.4674696836564,324.63748294656307,165.73160823734494,35.43005311808025,170.83871105667498,0.6345667993449942,318.0956339455325
30.086398679907315,73.73665845887518,7.8910280916786055,682.1004868968562,108.88778299956306,334.55977929695905,106.1323823576612,74.32598438544609,0.43016445251449964,181.28849234975533
31.239725747921273,35.27469660485554,4.850972702128879,941.5157315505019,346.3945736063225,255.41843589598082,149.29299805707186,160.75665229599306,0.01859205862303337,355.7171639005992
8.18770752434215,91.84689616149117,2.693332124708801,1093.7265985813206,241.18701665310527,434.68628248143034,75.43021584664866,50.313906470692494,0.5397644871474951,364.3044509791263
21.790177169594273,84.5019691997966,4.627783713273723,1430.8288183063137,172.95878851832182,197.49561236422664,111.31511153299307,150.30076923614783,0.9892667452184176,307.3736520191941
19.270097085017035,82.33087070221808,5.951582717972517,442.46278367317245,222.4188412609896,162.66344285857252,79.31294299904187,190.19304099179718,0.34973959084398354,305.49126516035966
13.996910882709717,83.49394732771489,11.466496406214263,1144.5833695340991,109.93528578326824,493.03833255862764,70.47067927088673,12.611328591281866,0.9655592183186582,213.90060936773142
11.236364918009436,90.6261830286295,8.32509593909571,829.141820601715,110.47737297878398,459.1224542598384,67.44278589838811,93.66914692397162,0.09620574166259455,195.46527459966168
17.115609627897953,65.37650779739036,1.623512585054499,475.9799968688975,57.47299946835297,53.336662699530734,80.64745561043766,133.07648779866088,0.7324501158673062,105.5463046945177
33.458562005638015,43.01833116139568,0.7614206299042274,1187.2495757149468,57.63659824278159,394.5351630410203,61.365392661152505,143.33739639263507,0.11432999466283533,168.5305135300679
16.72647916456039,70.09093451041517,1.9838166032439157,873.1111922433852,134.73167468474074,90.75399595959337,114.8282650550531,43.45667407114842,0.2735715735552742,180.47925379433923
22.007346787070887,78.28729708841604,6.452231348612,1025.3633489095462,271.74230770580266,52.643189621510636,132.39808372281232,194.71482229533262,0.5708408353221244,305.37736282192685
26.981511890169802,77.96463056801164,14.031297297210765,552.0614960090614,220.63048530739363,165.89993734452048,133.6039429303258,126.90041991448487,0.5927796939767489,257.951934671962
17.81799926424094,63.894186570847204,9.742335977533713,773.783532558647,53.85290490923687,163.89910436810797,41.87781987961563,41.224714233370875,0.7752113172341712,116.0985368720272
34.23811623346594,34.44981675668257,12.12647554819497,964.2959513832939,301.2380532420506,416.88663067960374,135.42727942240873,13.899277225377904,0.6153114072274393,356.334253286448
33.986076963437,54.122340997958304,7.262431620315954,666.8751399777816,218.45131690672193,366.9069331337042,57.817172459714705,158.82019777005743,0.5936147043805607,335.5746614776147
14.798121987284832,89.84982955011823,5.7441582063281205,377.72155578678183,337.0823403389773,491.5403365727266,53.30307316794167,25.143900494637226,0.9123530869891383,496.5503082406396
21.42570965909441,67.9891791342327,2.0718054043910294,1446.2966892414256,241.16120424569849,367.2959341434365,111.74584803575303,36.799675003344944,0.4521607522091572,341.1845034422618
16.12371436505278,64.99157631162137,13.201028821699971,816.0545560596644,77.80770502237974,232.39755449778204,52.65748761208052,119.21770510258122,0.22526577869505504,91.35885717935298
15.690693348191626,47.47547843484258,11.85582042090459,1127.4885184027808,176.34850956158135,361.50672403479973,17.415296785359416,124.66604565542775,0.16178858502363025,186.81285215463242
8.995947578572386,53.94917979457763,2.937712415167014,675.4660709784814,234.00420719057738,499.75117090574497,62.306488123443124,140.5085525325557,0.3999945968094998,352.9498332721481
24.458237017457215,88.19749579495601,7.927778176205777,597.1844696360029,29.327351346492637,366.66526597876293,111.00518405016885,84.76766240608794,0.7127527551936957,140.86610301513247
21.572333627179262,73.32009808924431,7.566934714858051,670.030017853975,24.920387171086606,390.3734237509464,55.774178837824714,157.04074710369636,0.0425434849299009,126.15966359683522
9.389926283749713,81.18015673890164,9.563827513954665,672.8753012999097,62.70299019752741,471.6479069875193,98.1382678393205,195.12813392701884,0.12905338650940612,163.63784005775938
15.52345453438851,59.53245249939758,14.219709962873287,861.852162318735,103.04926356500535,92.27958020337434,102.41672219683825,61.50803918517777,0.10611346010363942,62.94782240937871
32.52317892109965,70.96606926465026,8.906685905555955,860.8578179739084,161.75121076182293,364.20077498595435,112.72304164168986,143.57543714220972,0.5852501530514588,294.99411317164385
14.468171048008255,46.144934568308486,8.33315036828997,796.0153422360203,180.85535634073017,431.3707406650265,135.59826528353108,186.4090439550798,0.24286465053126627,269.35361715490296
11.912161546463023,75.8549539684266,1.2296825275526273,288.70009888441336,65.54911094950594,479.0141561016108,70.5590298975804,140.3944848972381,0.1662594283013965,210.6454226596926
21.2152245274942,57.794086690716924,1.4121584022613471,794.5056699007436,242.21922110822416,137.0458732673817,33.300490732743995,139.4108047424093,0.5927707197430223,311.56823368313394
34.61256226098622,58.76545846295846,3.216528474238439,336.7454605889121,216.7255603598565,271.80734355315235,54.649600160464516,52.516788126189255,0.7613099154523792,335.5496130792558
14.535492330810511,72.2059510974973,0.97082618953035,276.5901008140712,117.17315261758287,353.05522991646166,70.50341572435804,111.67473806074166,0.3321549164526644,276.7290177081419
26.147659779958722,90.85824039548024,11.27861698576518,1405.7040042776348,24.507761533646363,153.83515557061523,109.94480570593583,116.87934028487022,0.5782046056765962,85.41445636749803
28.563729613875374,34.16041252956036,10.988289407912465,946.930018406786,45.62381206658594,316.2175170951261,11.83709757862869,143.02461686663102,0.09812441319946019,83.65349926778177
14.41621368779479,83.6083104275555,2.4728153992588227,1023.286081374418,149.259275918577,158.4862399490797,54.20995368158305,199.3960754802747,0.93519103045757,294.0242117115055
27.661841412520207,49.004902176792555,12.623144061531573,662.5111384667093,70.81153588467569,193.39022944455775,119.17796134270435,16.392326283314794,0.33689618531477283,81.83059894193441
17.93014458341984,58.85476454291456,2.7443975052686236,1372.57324868081,144.3504700288304,243.09860039499793,103.92007846629735,22.3942056408225,0.9975056931735012,262.608279337297
25.072257426026646,31.424366370375584,4.867046011461703,993.1026854115316,227.3002594884172,283.4274454234208,112.44359630198473,24.810513191874563,0.9785877558497821,334.31444675720996
25.10530219054416,49.56799505923035,4.110165037839792,1176.8378173330225,200.58835120016357,246.70830094756928,123.65350772148726,151.1660355529018,0.7788234493358115,287.352906166705
22.465916470018477,62.67103077095848,5.898452929309193,615.9874566387994,96.28804143534009,266.86993910244746,119.65300064291472,35.90722107104393,0.020067095406966717,152.22170222990042
10.437823791469025,33.651445027583534,4.192624605404447,1444.0166331467756,133.4614221153883,177.3508278926146,105.50564326138893,128.2658561531656,0.5434749203843633,197.33049740711314
30.553167380909425,61.92122240990574,7.589788433357555,1248.6458062216411,222.6302954880547,113.12394325041008,71.55261453188268,71.68708679975711,0.0868364204400115,189.39118737840857
16.66106175423687,90.26219087579778,6.407414279642938,1295.5278482203612,304.0821592543381,61.78098957034614,147.70376604294154,96.89079168003508,0.8951380259615161,350.53639272080324
13.035999780796065,36.85055917700734,14.805257616300235,341.071974396056,268.56043478382946,130.15021234616714,89.67024738261033,50.97600036530864,0.7896362526474029,268.49490794935656
9.100928821978625,79.68864732490778,1.310932076859272,479.34849101970735,202.62200885502693,307.69407509266017,38.38768931163748,174.560246647863,0.972340376595683,362.8962223171587
23.954109466082528,56.628618469439516,2.5616299576165984,499.8772395570079,139.55668944444045,401.6131059894409,50.99379971466981,121.368561590975,0.6083829531497954,295.87937986978244
26.294237769741624,72.58629144408198,1.265975461674736,479.27291254561965,140.4669215887958,117.85389482373148,107.09874383586579,189.467020080628,0.522172804484338,229.47410000271609
8.447871381052115,46.91537886903991,9.574697327244449,1297.5714269460032,310.2077123872507,89.9354645754183,139.4635391279249,119.17328744382262,0.5189738559443876,302.36152168367624
21.82651257408059,40.366997065188286,1.2903845224989339,144.63871329202897,32.95038009338031,384.6735658526551,35.02081808882565,33.542525813419864,0.3864483744543449,166.6961562503723
14.115385930344324,40.43006992762972,12.628376191953787,206.53998457308404,346.0342726586861,180.37283204715325,21.528509404410087,42.46538242931033,0.46869006722914097,338.4051168892838
25.419665341055147,34.581976466804406,7.9231101448879535,483.4808188818652,239.24388558101555,477.68974204458215,133.41434672588088,197.92405550989096,0.6354125831353503,377.8617802254305
12.70789358313477,42.0670358185808,8.141610556432239,379.8221645092211,244.77544069388887,368.5862664807716,138.1389170477968,147.8573874928649,0.9329476075562771,371.7536970204987
26.65531892876658,73.17426002428294,8.643120361826815,424.6034594359877,32.53928631056491,190.3077817317942,48.69310834422593,19.362962505527037,0.595884338256031,97.04915137456734
18.44185435011451,87.30988976982803,2.9767987414400556,1217.12046495462,219.82466071411983,173.18966398510426,62.82000141197358,143.71839095658632,0.8571159423173672,325.6689676791956
33.29170969589183,82.91816956342552,3.3665093951600693,888.3772314488657,179.9767598298475,280.9012576848022,102.42631964970018,88.31287889382621,0.8627799113025006,286.2713025793056
11.713065491941817,74.53373014184146,5.122851181658568,108.0789258101552,54.90703927504211,76.40654740797635,56.19020291794647,68.3695934964062,0.5188326758482592,118.23841756279482
17.20879147835698,37.17807112172167,9.105698029416846,701.0518719858734,111.7142635538885,94.13119581683753,132.80221915780743,39.27155080880151,0.3474696414976216,121.2273679915434
11.063785073495904,48.797184009236744,3.5467077511331104,671.0388975905025,313.8037705505049,120.89462540544855,25.06101837994078,169.58175136574746,0.639573873332081,359.1589675849486
32.96672769352119,50.13744689596048,2.186810043432288,259.523377222361,201.49617723576446,396.37285292009767,15.317510934427329,22.129862007929134,0.44587734191484274,340.0117300021119
31.688162541286488,46.247201515845376,14.566694853067267,1046.59850404204,156.42746980738988,276.37438526379634,39.18806894399053,65.06873785213166,0.0814408673219329,128.62144375221524
14.964423948309202,63.475367881132,0.8187363147395322,1082.9360637312875,43.985111427467615,44.86087647624375,50.05228894869566,68.21274982688382,0.37780910043243365,75.24051718561313
25.819569242922835,64.81099796717871,12.139112377372314,1109.2505066729368,255.66010404276085,349.8176026371701,25.809722780442506,40.572003953065064,0.9940721380493249,338.95201107277126
30.06499940543283,53.19758838612216,11.92650966883782,1119.8593237820287,251.94077172069075,234.89748218382866,19.19666010769054,106.55512782450535,0.04851187002628721,196.414881143055
22.990421913185482,52.996295317868345,4.809604650753892,100.07395770521552,222.63439030094597,274.99208788334704,115.78507989025175,12.223499094069599,0.6966669119009267,348.22818067293144
22.300565615612175,83.85611386389529,2.466585932106044,1435.489125385411,188.38667325281423,138.49347196995035,32.99871922631603,67.18534792797773,0.8411887050712471,244.51595067017655
14.530011854312196,81.30403514077956,2.6116153772286395,1239.8922738765282,163.14885272843298,293.8198250612877,137.94910786928256,187.38959436628215,0.6487259034753787,285.45781644791197
10.513774730759279,50.00672905924847,10.61275844993929,1365.5743752249994,215.77946068603745,490.4104902856848,61.51995260273345,69.00061817498108,0.56974823116329,312.71594916331514
32.22482546473982,89.39624885176185,9.820695570749518,121.90061343040779,97.02049907037421,73.78455786265027,103.88481336098836,78.48728355028281,0.7075544169787575,181.24409665878883
32.31128754340992,91.9329761051629,11.849812276645109,1407.402314100035,330.61549117862376,170.60200384563808,41.55629606763203,99.9013591644736,0.42934273729965566,298.39938161466597
25.093739346378236,51.23826523195265,14.093476999787018,1233.7039401633465,214.30219462947576,151.7788927159817,43.64518758886136,116.7217412217802,0.09136173730887676,155.33563481560543
17.15380435831492,53.037621671548564,10.532946767365583,1272.106800142178,122.69350663694426,154.33268294554262,90.45928840146054,163.65464251594136,0.9623717543033817,216.70261221725727
17.428658514541844,62.866219972427324,2.75984727999593,230.6023386107559,168.3943507921019,214.20492448007354,88.49000952043806,46.16103239964335,0.4323007699841961,259.7777142700135
27.600803329496465,91.17285281468878,4.029917943098455,1134.2892404860368,285.87598032937444,416.33050098231706,117.62209192169138,175.63181166658586,0.6653892371680176,435.5821435788792
32.221977018719585,86.96076315425026,12.711809097660161,1443.8833654989273,73.33330004099815,459.9149973836182,116.09386279719723,153.93437785733897,0.5313104368892952,159.2108980132794
31.951333455158167,36.66691756793334,3.5349380995960242,1049.9662779854248,116.63575541188594,133.01894023112771,103.89628705291256,147.30356358569549,0.054673071977554555,126.81760121812907
29.056639738155845,55.52749831264205,1.5515735958399806,898.7859664744491,244.2376475030633,289.75697145613185,72.87827922508873,26.492869005780694,0.9527466009925385,369.8796902771763
25.33485444616577,65.96912733373517,10.697560783612632,1423.8815488485957,124.11143813913388,332.9735271961209,134.6896540792864,14.11173109517109,0.7925372261143233,190.60582116428196
10.271779054866318,62.703610715850104,6.336632154607059,720.1119704282104,281.5255550142838,280.04063820736866,97.16098863098182,122.86241317253597,0.14909789446939492,297.438886687003
12.363975280554572,42.60109941589802,13.840580761915602,939.0109928346702,63.04965076852908,239.675141330583,148.62778866473002,173.99545287940063,0.9816488762882668,157.1499083878444
32.260963090231144,85.82309012593007,9.928698530858092,766.8736108921127,271.68643625002085,128.3087326952494,124.7117745108102,121.04387818672082,0.7369013721717079,341.45095772669316
24.37358461080893,74.00115089479442,1.8110751779790808,1405.9847099044189,42.55606590068686,264.5809052316497,16.20337357336567,50.514624434650855,0.47232165042830887,121.62823911449432
8.248320393649001,84.46404436536724,14.24392022517808,206.51861747171017,24.15556218027328,224.55882074721129,54.88314699124449,27.19878061035051,0.6113700565595732,104.45365930404715
10.739731657382867,85.81967815771569,4.249080322783565,801.5675811554875,316.4137612146135,405.95914675104405,90.06260030593324,142.92332603536966,0.10673668201459752,397.6464353067894
25.914547765917508,78.64313048827309,5.389581110891143,1061.7334179396137,211.84194158765854,391.2580052149778,111.0057353020082,147.1363526903838,0.560411510015611,319.2103717047341
8.136662763847905,58.54868908123163,6.33277599841136,1208.6691537911317,136.1028760386478,101.63939335460853,87.0471096866718,42.78102313055064,0.0736610720170594,130.41304236826068
12.341817388272464,69.6855390760026,1.242752297862542,916.2261064217909,96.75623019807064,80.71876417901109,120.05825914470545,15.356159944341893,0.5448552571193019,155.99225213052085
22.815812312897826,40.423751397783306,7.6994736223437705,1372.4848417700355,223.5723084760693,457.7508138846514,49.571791386028245,87.57386751240743,0.5526956887627854,329.83484107262626
26.681170337702717,73.786952135869,2.2881181205917374,1418.7880256374203,187.9707205671236,286.3338589236689,35.747687172595505,120.7165534052742,0.8744387851607439,290.92213236694397
25.602954006570215,41.65146162305325,6.3140697369811,190.04691247101692,347.2272659248951,434.5884311499917,17.548335730567814,144.14045781776633,0.725057500272294,501.59060692149416
14.055271355435114,75.10672338316019,5.5852919258852225,663.3187553579241,344.4612755957361,66.74951546054453,90.26392424001308,163.88955173905154,0.24955239221512004,364.7409166581428
27.228838976383468,44.92388044900797,11.7061812096843,132.84263040961622,229.55810682673118,282.1971835999499,106.40393289456934,126.00211118827914,0.8884261421878569,344.1038205025193
14.405725362413602,37.6408345097643,12.145972418674601,561.1833203242202,166.14726701494388,288.13619670506876,55.66096039671062,31.067315633712155,0.5732426648480058,205.0939815454634
16.785791850300228,40.743491859292234,2.724486794641776,851.615505158843,182.07651981443848,435.92293496938896,95.90178587982273,139.69051770705883,0.6063794785740337,330.28179789701693
28.15526793818665,30.129488789239566,5.81499221699878,1375.1129027139284,245.21809185816443,84.90059918566546,17.302012319466094,196.9935621500276,0.16898136922217832,233.4592473059808
25.540088274274797,76.71807516047946,5.913620834961559,1285.176051451564,53.51959959767585,150.60495929091826,23.90106848155251,182.06107107350672,0.857773595969114,148.1983824214957
30.929032083342804,77.60606818879464,2.695451437073233,278.49961734078,128.35618435753702,227.00762438802604,108.24566811618978,175.6170927612074,0.930965115016544,301.3610198405904
25.755548092109272,63.47066774436186,12.077575823242263,230.24252463725398,44.83983953118927,438.2870786931734,61.529758730421825,67.41232913808477,0.7749906494949081,201.10064936572832
23.344332290057736,40.48858206859994,10.754810760863638,924.9742742593338,44.209050640583456,471.8863249324608,103.98676435442079,152.64975352626013,0.9407524526450062,199.95441701613504
10.529218731358498,35.431031938194835,3.2605359013070037,844.9651614422958,84.62694982509713,496.6533250130688,126.44095683918853,171.70965473337765,0.30229990412234586,215.29500652853798
17.928326682604705,31.243382818423655,5.817467674610087,472.9286980020334,180.13357401576488,481.2290037709199,129.36714124665636,138.88197887994,0.8611191683627711,363.1566214389206
15.160463927406587,40.77363150273935,2.0341728604194564,1359.2343183753694,278.9755259837205,42.73320768840303,34.103470365023135,57.6067337479163,0.4888931428637425,272.92395018151774
14.587720371235257,87.90560977390453,9.608995657849137,1398.3129732461748,180.21364408473795,61.94583706878114,78.07998012918851,191.2284546562421,0.16391720294358492,165.5418956259701
34.27128497831603,45.699894710609314,2.2598929059549855,663.6560136762278,130.70728148508704,107.89913681249078,112.74974130854811,95.65568817714842,0.6688005990334012,196.64308822211575
18.613638566002532,53.027636269119014,14.796045445061308,1346.4235799589283,47.17648681113019,200.47656451432564,118.35728347736746,34.663056146517086,0.6841202707058789,86.91213202785944
32.08525698978206,36.84745649128666,11.819890082974004,637.5284519681617,201.59752265043275,421.762294254001,119.85463730204286,30.85780006090448,0.28692451375669015,279.7909252068783
25.040742901926098,44.45348480863107,6.1584589689679285,1131.5435645615803,109.51863353944833,450.621849854321,41.943426813281825,133.02860758681868,0.02749333162757006,180.0541950347337
29.459905195624508,63.74959710071333,8.889177018050638,766.3191045668138,222.92827871265865,125.9438268955082,36.95487448132827,93.16483281918043,0.19984725908556333,212.81436906640508
21.571201513840187,69.50392440121742,13.714456335137927,271.6164191100562,342.47195391369803,325.045509745066,92.60174555831743,27.951936284003086,0.39977754767388674,365.10847261715463
23.576404884911696,45.94790042080372,8.53443956573948,1399.10788173183,56.733726087591556,461.9865131300272,113.75201168335076,150.66926870965798,0.16756291105986854,131.39570163996714
21.297977733109327,33.75259034963262,3.03022805277035,735.7352307285513,90.00138157824017,253.31659852840755,54.67953217478706,161.87178177913773,0.19402994823960418,155.19674951787923
13.271560670547203,55.417136493280914,5.99119865592681,1128.281856451365,176.12119757279368,87.63004309828062,24.658721960739015,147.82896984942576,0.39139066438226955,210.3480952201853
27.506207112060643,45.223219110211716,12.725600542931309,614.0433402038091,339.6425590641567,250.59427903892748,110.34449360741085,48.429566759962455,0.9617866143085604,406.46053688166376
15.580853785903106,44.27100500993713,9.84108873184946,126.43323000672852,274.69722616909854,212.86565505250633,51.95769639320063,141.05733663925318,0.7642435154076483,337.0322548337295
8.656531093649253,92.3910821763746,9.935503572840105,240.74250216857027,316.41563374373396,305.72267819036324,33.290781403641056,12.037332549933168,0.3197484012265641,359.10344259134047
25.42775198949353,70.05953158517207,13.068911542483093,794.7072712858942,130.12589999701166,241.7829948272677,30.681293975598432,67.97130653889775,0.9516040689185482,219.70079673049437
12.78198834399032,66.19709880618623,13.462609333206318,1065.9500999769075,347.3726963469362,47.97912635271025,54.08733665374028,85.7760909674333,0.6456467922587327,317.72687945254756
33.39238177752868,57.025381729015926,13.836992290801826,568.6294572109907,53.93482930117194,497.23895737028874,92.97492922792436,168.69692028824528,0.45544964464014015,197.34624482858854
33.75607157906986,57.88138167295938,1.8753133021707635,1073.6838428487104,37.481058995213274,290.0285093560626,60.176313417134324,84.17493088318682,0.4683001989551471,150.47172676803103
32.70133853595211,65.15882524947526,8.389827028464964,1078.0898252047384,302.3488669278293,257.8701475229204,12.892659223080422,12.141194775985674,0.41074446783539187,300.5114719786581
17.994284906897,75.26793745734696,11.237388057665619,1085.5102702589631,325.9974071683055,479.1239908918648,23.56718085489355,76.94581824732178,0.2329920525459397,364.6429102881818
8.41732864627942,75.63949625181891,11.4754392543417,789.5305956287118,49.89316799021358,111.69576909005546,50.670454607806676,104.79557868826457,0.3866321922137057,65.95359946766912
33.06460118986858,41.16010400085422,9.297384928565055,1380.8406101701055,57.431050826127695,127.04929717081419,102.35862750059286,190.31090946782695,0.5278963840433926,68.29144169259166
19.56097200456749,62.50732888498075,2.9184163601632753,784.8751251728618,30.947472059405357,411.6867845688804,23.792110285594738,188.7965177200135,0.528027350730221,190.5589595940726
34.09968011417908,56.77727617721663,12.062598032154133,730.3712708952935,54.48749567209895,159.98229681150403,88.49195949009545,44.3660672620682,0.761736902212518,80.58084329746993
34.017739381409825,86.58425280750997,10.941614335966714,379.1331466148778,89.1085395440927,407.6444688941024,26.784021915360597,45.17784293049579,0.3587978571573526,189.70074083636896
31.03125529761872,71.04222987919447,1.7489686874610262,530.7171222988711,340.12528424030035,164.90540213791115,39.62614582891341,41.04247672826459,0.7167980293039524,428.7369780207579
15.950120085878813,64.61276431703882,7.225242457778456,159.26828952562468,240.39387333909454,55.266309903500684,34.106393857806786,159.8951671586796,0.5780918387686846,291.73453590413226
18.397638672251983,37.50065174162963,3.022672293066152,986.9494110626383,276.9224984211189,277.82677298788934,19.41200897991347,11.14418766999721,0.9618454045268344,369.2493898259036
30.980690130955136,69.36646280602174,5.393417162838093,447.95004149793004,276.1260032182023,130.47575969835623,103.98617443412263,34.163667656456695,0.3852849260339827,307.73642774722816
16.556894139219494,37.618253869215174,0.7621758369824387,525.8173562796512,196.57433742714082,388.6092947489367,74.87649663404483,112.21233001237881,0.9012164642607903,366.86704885736197
12.576304160524497,51.918427411773884,6.304783091955994,1179.1403303300497,283.1713626452957,334.95183128678815,126.34748172562735,57.03679270848545,0.8206425472982894,367.2741155914613
23.033634086375454,39.28472771293157,8.473215356765053,558.1096564260354,216.61648568868998,464.85722726984216,23.844717597524372,27.547727065459796,0.6376642845894569,323.15440071956095
33.27617890234109,74.98478705658398,9.48394759599276,439.07424881839904,123.80021220910801,400.17464434223854,30.262610667330115,78.37682234342851,0.6545144667421172,252.82781882756913
26.792804510224272,43.40638739934992,10.120610004366297,336.68084878718804,205.16633589357224,123.15693922673435,52.904082389063085,62.09944496144651,0.08464993460641068,184.97395107159477
23.391651592412856,55.47085925722169,12.626224039985669,1184.8017630547383,196.05783342438943,408.07278886580633,117.22123817143314,107.10981823771405,0.9502246055934324,332.68740906957487
10.62376533181075,88.21886054522062,3.6242121554980855,281.58876118603763,291.7395077405758,335.1990406144507,52.80623524179783,196.05438282773721,0.10693606349574392,389.89851797896137
24.605195120877582,43.28056492093307,2.246986425357785,735.2552643504949,343.9699817359475,347.71775520988746,67.17861904981696,33.61788099483451,0.5632333087435071,447.6661541828027
34.73145395281511,63.00732915732064,12.847288992519921,809.7021625080722,155.6440465889071,422.8409275462684,52.22449928160304,80.81807391847792,0.3300708004491545,192.93180617150318
11.782268411386148,57.25265797579143,2.7708858159434233,1062.3458777600003,271.9189238856487,303.9590718269125,21.231400852144198,187.07715339577018,0.4298519782898518,352.4724257088995
21.994900613820892,31.178062667972434,14.634021179374832,986.5968752661937,52.92179133258407,254.36161660238594,141.52070720546624,176.6058782638263,0.610183010836817,98.82438098254731
31.689072942054796,81.52927738223283,12.716804326280236,1235.0089421232447,276.3543519179352,332.85487626501487,86.79545888996644,84.91149660901331,0.9088513778823216,353.0841024788541
28.00075267936352,34.48798391044898,7.762710785399188,162.6520074967334,142.5675809577666,177.06041732084518,120.29664634596955,142.80112025874993,0.45756712357230145,202.86341379866286
26.819425006872237,60.826576363501985,14.730610661369365,515.0170146911561,32.9987537535966,123.99468030006568,102.16999290594144,26.692832580455658,0.9877295553064411,88.04777657263466
26.967070267651952,66.44408917103175,1.9119625720660611,492.18776628553167,139.87123892551847,323.63040551277334,81.99559906867651,145.38280055328687,0.5928120653514998,297.6385114485369
17.706261082933388,70.84771967994816,4.894453537038974,304.4236678289515,221.51210780414277,147.57024977931974,22.554955932313216,194.84296860210088,0.16055394264217449,267.9417237833387
15.926979795141321,74.76105590501192,9.754254018088867,504.8495553990204,59.35255533488397,76.76095029943909,99.98269633784261,112.12274903849641,0.19000929483125228,80.82926691700065
29.85275119791987,46.46270492897648,5.575099592861092,533.6714398000647,324.931382501984,40.2549249092168,31.7518498311565,104.7131431365387,0.716111035589251,332.0687534374106
29.87306165633788,30.64862048279921,13.961402003721481,830.6382466984696,45.631896380036736,319.8269246440309,68.01364370987872,45.590537743362965,0.050397794243381755,50.44591846196463
31.4109526016628,77.02383805306928,1.4515782785783546,1029.1862704967584,326.90221754494485,206.58844040090895,98.07584008726025,130.41975779238544,0.48034157622222684,411.18448211159904
32.65749491902473,64.8176789575926,8.466471564883985,633.5407190565397,253.35538091877655,386.06304650978973,119.51206006609728,122.18308334799383,0.1482191098035166,340.6146951143369
21.80624476924532,84.34765070847118,9.06756087722916,1107.2583238387338,128.8050178866872,212.58114322402713,105.90632459920674,133.86728130039262,0.433218635177845,153.93765773636477
21.54093995655439,83.39024358854513,9.96455779476975,570.6314740114119,148.94761474400076,263.5615861895843,104.01469406764804,14.955824470097145,0.7499174220717195,227.8743839031212
29.55396983210293,84.8162009062124,4.207160238311309,506.3971482406645,264.4670903618056,227.25908749507707,30.86590928452905,114.25746278632398,0.45881292824143416,352.949770977166
25.54902613099966,61.531152898670115,5.786213199038035,857.663278199834,218.48546329079844,339.2644039102992,58.4579956100223,123.03762026450087,0.16345110898092696,273.7841053395071
26.95310568595799,51.68584572939626,12.733367680142177,133.20290442810685,241.64216408013192,203.82401452688538,16.007718172427182,49.430725728432414,0.2519253703566424,229.07555522932142
29.486402074774727,81.45128316843905,3.3266701500673177,211.70477308760053,148.4243234494484,483.3331189734621,110.72676504470505,49.583242922821846,0.3675395886521824,275.6625035108422
32.03014422907429,59.33411734690157,12.48958378401375,685.1573610211378,180.97844899650767,470.62761383532387,143.36203738443868,62.481452017080464,0.06956118348641471,222.86900227672018
17.125869234991466,41.92374276622324,8.658503632089765,1420.077795948459,346.6562697325048,430.09283522234944,46.97545462507061,145.22710242817513,0.5843376360811219,399.4894103472622
18.140739721278486,85.57331127149584,11.551718912314191,1110.1164917807932,90.59454726490684,463.3381244634641,22.277539282723303,125.19055207115062,0.6075337912780502,201.78015374927213
10.537512375703463,87.36639199020257,10.847306810820337,223.37719730078084,157.89254155230336,246.60425669131988,76.57981074551151,170.69490276238287,0.06215192713256745,208.8435223841535
23.6135638068967,60.31013414911106,3.5089166830807454,1284.8452178932232,116.30165189940921,286.75798252316633,129.93775123785963,66.17512865018865,0.402311321174162,173.55411766552749
8.970441392512036,34.92048227513619,8.747784678291156,1125.2210788514533,272.48679844515044,381.36259257679245,87.27638733804916,183.29293137878048,0.4140006828847249,349.8088761763647
20.571146489576424,55.20869584460053,13.08198571567384,955.3251359837144,272.1241664696878,360.2271254717289,16.548801026615862,151.30417077683808,0.3338195685526012,319.5916809255961
22.651405137104568,82.22994786506922,6.765685433627976,1248.4101448528484,116.50700212914064,449.7121539785166,146.39811367391243,85.05221730260243,0.5577397403311118,241.46909417005838
15.73661380746368,88.61531185550487,14.515566168238093,665.7537868401399,46.85880448888436,369.51227253807986,126.0109873947641,28.099792468836625,0.3459574900601118,82.54424669850135
23.95249803536329,43.22572826234373,7.057118951474912,410.10147119539386,23.772783301827335,499.0269657850919,28.423170787211422,58.82689587262168,0.41640927947780604,164.1479194913653
8.823506748354335,34.35328478164265,2.570391731684328,816.832744752263,161.0586759700202,200.31266792253186,139.05168591049124,191.78596127082156,0.7975235474416056,284.4327404242739
9.00840109622879,87.02777945363451,6.146802861126262,868.3784578308633,155.41140613080438,423.17896143013223,73.0963604047264,68.96904141797508,0.16210935543020144,233.45216281992117
30.210215137810774,55.311321033626896,14.299684892662789,853.6569208138769,346.1686599511548,360.91201850302554,62.06571868049177,72.68118242832224,0.6191146953034209,383.78602472534214
17.7251473181041,65.21446267739161,5.135952315427886,891.1033080721473,175.0346849802343,358.03776479890854,74.54746627380635,46.021896908566234,0.5055944016908456,270.6292489911036
11.430633841600889,92.92427778329933,13.08742331807241,1428.1868855348532,104.6180619598888,189.8843736286995,126.8400739619326,163.30161421636544,0.30507163747934907,122.61694958544942
22.100568021479717,34.32670731442448,13.278134884387402,1363.143872334724,314.10571554038427,401.37682451459034,102.32715496015001,62.372403746032695,0.7275346564904107,409.10512934217707
28.78982593366249,72.14067048438622,5.577704602813435,1326.003851182515,182.0524233856809,454.1729702798956,18.294783335961853,72.74906719008257,0.551188359541148,290.0885410322335
13.827167742414765,34.81685246736636,1.7072360417341659,1221.983535272078,217.7279596194907,140.53229229945896,144.06461195626392,88.72614060200905,0.47736152696069534,289.23373071786557
24.818042847113006,54.40548035032252,11.006089682802864,1420.7993501713995,51.57067444131019,327.7285450736839,30.689778686964488,92.40837315717584,0.6676693147712001,127.91562796978819
10.304381554831735,82.24794543757403,5.016928335702797,237.89249835116456,146.36241441882544,220.38202138727658,114.37951324294914,88.15475017885412,0.8022903079813608,270.3347232448921
9.395406471552407,58.175695129116235,11.8523924067348,471.1725660240353,331.59381257634965,495.19213487564343,99.05911425993834,105.71130212119844,0.9726687900335762,482.8193789557986
22.346575052339993,94.81685300369178,6.91849529977628,793.0783239164189,214.5367767778904,260.26309528257354,36.25392671251852,164.75744712711662,0.6293503683763735,286.9345756874935
22.597148283472876,66.33885352152913,7.536367763968013,1285.1482903727674,133.68561219701235,145.02727994659364,33.90249065582695,165.6641577409842,0.8744399854003829,210.560186789215
25.210607340451578,50.87553992133698,11.779686397853784,807.2319961318254,226.47016960842572,215.65450760204297,131.8458631186569,161.67949541503592,0.0010915410229569433,189.91740741716697
27.60446601051186,44.30723618380895,6.044268300393605,1147.2486350782242,320.43565956077833,340.76565931564807,68.7572892899436,29.213719432132628,0.5302356927258912,366.9321540549445
34.348006145488434,52.78383472860052,6.925346507182261,294.5438673484827,110.41689815595471,75.00111082080508,101.6407119843794,161.9389726222147,0.2146475487701981,140.14733106428187
21.940109404132272,54.2146627943708,5.954761797159521,453.37933816718424,186.68851709532257,317.6568833017693,80.56994053993425,32.84783696244959,0.09419245708313717,252.50404590393237
16.71982476941364,34.466389052057465,5.82643747152056,1124.4865330527414,336.36791579087924,468.3633892222931,111.82949239063433,33.697516309929014,0.5319710170643921,453.0191908729561
29.470027258755,54.022322962740255,8.12622536507116,330.62761244281364,76.89072728848937,431.16688232261123,77.09393250550627,190.09392661064254,0.7468265061490941,241.90470254850644
15.312470784076003,60.17550378304962,12.227591945266685,591.8983085168975,257.4890954469148,71.12982686267235,50.23318813577957,165.68559049405286,0.41227252247437973,253.09322863158897
19.852228359052177,76.9779538955223,5.745640522877205,470.812760939,222.7787327069842,496.95934421997134,60.8736719395095,114.95798870492165,0.6701074493444349,398.54205061091403
10.118322296241182,72.68741650690453,8.101693447797182,589.8063719114698,244.2927932764095,361.4143849037844,130.270877223048,176.2443388507938,0.48971925384094994,331.4108246055454
8.684470072217353,76.06976758989504,10.225546218917712,1091.6536687091584,135.90247812029799,114.6491791844509,75.52485700918179,197.97928208485393,0.437085865959426,165.53682627632327
33.99150719630398,30.543639321995713,4.406871971402998,614.9860535999214,123.58019324964243,45.711401017934804,39.8829065142453,126.02199266003774,0.29025664043586064,126.24648919597774
30.571463253829556,44.14838097273484,4.524080671084692,877.3686516511162,245.78919129416224,118.79001269438962,140.84475433081545,126.45070302648843,0.38259351450100454,277.32262624630107
26.791303564529844,73.00947874599066,14.034490341840094,239.9046278761735,91.12928408449996,425.56092351543975,121.52406390977278,153.34113554038632,0.3497956307944279,185.23620886538615
19.041729499185287,61.459308931683566,10.991251313300785,1227.024770528479,158.4860658034717,49.95408947477532,17.79326044786788,54.10640094941323,0.6461871840148815,153.6222547436217
12.678946641912836,30.345375918442485,8.86920680523798,617.8440759073748,82.09763319746294,147.2477596643198,149.85201467727248,41.75372368857188,0.11601851127913954,93.47492613721516
12.223800152119324,82.29215175806846,9.891940789098873,1007.9478226466795,22.740597570698814,388.3605738540427,107.28973750161433,154.32034250286378,0.092636368687806,106.70920757128766
14.756558250444073,80.23262226387193,0.9248419249995663,1115.5454423265655,340.1189288125629,309.6108465131422,32.437323865682174,75.53191104887944,0.6600129942084604,443.251868896091
22.82911994706525,65.64724559458156,9.462493000644605,393.52529095638056,162.46198295661827,400.05842676568824,43.2034753818035,35.66336769812746,0.5462980698788807,263.83372068997227
27.294089912901683,34.320116175457684,7.8878786617509276,1338.5449789346899,339.88537275854236,383.2292317603225,106.94236737381657,69.82676792437246,0.4302000967426576,419.25503677917436
25.825329171378744,79.82347821961801,8.413370356801817,962.7139522497341,66.30676152338262,63.276638076030174,119.16654773907707,78.14100489616932,0.15244288440790354,32.5372041676593
15.558215217540457,67.94138320253866,5.711645489046847,700.2151984520741,213.8310372209704,450.5552527833097,43.46503204097286,193.39325530608122,0.4110271118693115,365.6056213651643
33.781362577906236,80.82739851526735,1.6813715168376575,355.2692570095073,86.32143082110906,144.4346437698436,45.97563954589791,142.61234510670542,0.7897317633200116,207.47238658384646
27.92321675078575,78.86355450572962,3.3034188873747565,1419.2213130616894,280.72446189788064,294.5605225056913,52.99689728208852,110.86270030594945,0.889621235789257,398.48253783020203
22.96755941780782,82.1951346772594,14.28579834158374,1157.095485784275,278.6219862911218,336.37255200277826,93.72257107712915,194.08589634969493,0.7025765699642201,344.8982429305313
24.51646014832751,63.670524316300614,6.426143652928542,391.2343878265484,57.16035918297289,117.56897700714387,34.05426496217877,181.59655069009432,0.059912175880880825,72.61739850901321
19.329201685550327,39.121093682578476,7.26690575954753,572.7950846139142,320.9812694492084,489.06637808244824,24.59404784386885,107.28016275669034,0.6704097766011186,456.360584491047
14.688736716531253,73.62523576967976,1.2642919528748653,1233.5439613233025,84.22778357706413,264.5517398001621,105.0409724719719,182.07913072162634,0.24098558954629457,187.20539737006402
17.611262323584064,70.33079602837809,1.0447103283877186,1073.9487285014745,222.28252272448893,66.51563997480098,119.07371157104382,86.81788503190475,0.31525124302640506,253.34108389205582
28.461844982537965,78.24645716794066,10.899130982177986,1172.098009802014,345.25909462894236,471.1405405978066,80.13011661831077,53.77992641775868,0.19587320795998453,378.1322783059906
8.388624193003409,41.0422653932978,8.302372629756114,717.6815430981054,311.19085647290007,309.6832078689033,60.936579437573954,54.20885359619618,0.7757557906202046,446.5774191475493
11.133961293686738,42.6733879935188,7.876236771135867,1103.0667676990338,335.6660964251858,361.62887107143314,70.48597989370668,135.8399496440041,0.648602122637279,436.6979336255959
9.242071334587324,87.87661861925635,4.025305691128696,641.0912120094791,133.0575945019794,281.58086336974304,64.37709674207326,105.20336093438264,0.6118350545991809,261.37113270856946
9.099677662612194,78.7485568993846,11.298885608633872,395.768083713475,54.83996193242291,423.97945919740505,144.39788715327452,135.20066093103486,0.6679726096692761,195.0183288796432
31.097435768297196,89.03485176552098,2.9394303970731324,985.747848777904,82.15446818551854,55.24139260887701,117.53258673067963,140.35443320981227,0.2367722614039034,103.94117280590586
26.99876220326064,79.31649587565485,3.2540537830847907,1466.4194958383118,185.16331537528256,163.45404802748797,39.13221007901544,14.241345850566347,0.4446444143253616,205.4613946157797
20.80269338535778,68.81509488936962,7.180326484549994,534.8413599534615,281.7657938301963,256.0382439452384,63.78648128755721,20.267522546101446,0.6332537215489892,364.939413276995
10.64152233757704,72.51862790681179,4.651058000623143,745.3574290975555,69.55070258067883,75.23766350430662,86.16172079083537,111.20876805233748,0.6365940276183004,120.7646545012938
21.273628628154473,87.79331505610065,4.0882132278806225,1043.601919497795,237.71140564604985,364.7170678902628,95.81802068891638,46.29674077441461,0.7918518627551305,346.2278475768408
20.783737811075273,67.62243904327613,9.855945846023308,858.108794971483,126.78060933303891,221.08517046559476,75.54574544402739,130.18141607284355,0.28710396668811056,168.37961041791968
12.67645048757041,71.10543608134518,9.939090305668895,1280.798913992669,132.59668388941066,165.42727552334625,123.41772890167428,114.91529044242313,0.7703361216968224,194.6408561412283
19.71399452942527,40.17098654023404,12.455497512098974,1166.4397890573223,238.43285095211567,41.55426953186964,117.46484272415243,121.29446809046934,0.4401844806169357,196.13749946800783
18.759627828729084,60.80487930754668,6.55677422110815,181.61608540729986,174.10980844596267,371.1219434049787,80.72210860794334,67.46652216789204,0.6701726920589348,289.20909639662653
24.627952647409845,76.56581227727644,1.5597338198791784,1497.7897274932836,287.970986698578,423.5522820815164,129.62011414944226,131.57026619280037,0.4557193800652868,423.65241371741575
25.14752857342638,47.61127539056375,4.4681625813611365,1153.363435207254,71.45310818873293,221.7186464134893,115.15253426193402,167.60360093215436,0.9486101697909433,206.80931124339753
9.223208263845201,43.14652173409477,14.710079216353845,1309.4646428117585,280.6829290231227,299.54026943534814,119.00145882089006,199.63353818252506,0.17930226474164446,260.4597115013514
18.114540594914722,50.398742534587015,9.14574934087418,1011.676796933485,41.19763185894889,144.73584792761528,143.89610912067832,169.30443337272072,0.6750050885823571,92.62399315774766
24.898217724284383,45.697540819534176,10.791187729614794,1298.7991792654673,84.03778048104965,326.2109172888612,47.30537176928837,115.92476433919002,0.5765350007681589,145.47152116991836
21.584678981662368,43.969321407365726,0.6066885295685107,257.3361649001932,236.52940578604458,45.58323082499224,47.47074273135888,46.75162241919175,0.1727310409477446,260.1396923656983
31.125225712084703,57.615304786425654,8.013983116646553,586.8329697830418,302.1254666486535,264.7761926654289,134.4533157966896,139.47471646276597,0.06600633581166793,338.96666385326006
25.784728053711515,89.00950340242971,1.0441655342111453,1326.98932104629,103.38427715398518,336.33452164671843,118.11169227399512,188.15421925601586,0.7991443889716636,282.37431712617285
12.399229531198602,62.95887703801669,8.753838075325996,382.3172957736491,127.97322992354127,462.3682156856776,139.71637580098783,50.25464254913746,0.15745133364626518,199.8728033736536
9.905356179811605,42.214824752995995,13.851177319723092,209.53893801203182,197.24984693462417,215.41447587625075,18.83822244542343,58.63916790004965,0.18650668278577598,194.85671623901968
25.34532051157052,35.003158509756815,14.542077392255914,1203.3665159233067,89.81902614146976,391.98749337127373,97.88599081662352,38.31162324821372,0.9784342239890393,210.04050816024477
8.715805384623788,75.25014943396513,8.3380137931394,1269.6806179006146,287.68156632387684,314.93603377401035,30.247967337282642,149.97711228901633,0.7172608514766308,386.3939277292564
23.815940694383507,54.88191968836521,7.143969676157131,327.71310546586085,275.30009285190107,466.42557194553706,80.54560776096156,87.24668565049527,0.2504868416012225,378.63142046657157
33.38621651847386,83.41901152804834,14.202747866603163,1296.0843758958017,67.94626494870793,223.25373080333807,31.804570459482193,21.912171388412972,0.5909489601516013,120.36410867316746
23.537802802648734,72.86819996165006,10.267342563952079,1061.4749138360376,173.0638114994886,186.78385634157448,27.930991257883097,176.24049838315324,0.5341118384025133,221.98229866408983
18.48058800757609,81.75569428518895,1.4410395533069371,828.1157565032174,275.6931629960251,448.0853193993061,11.703568353484641,115.95766189348767,0.8444732675138475,459.0123925907727
25.368781897943535,47.67649256219917,7.253020876178715,1262.350269893939,131.31874526412687,62.65242464781299,98.2334337336066,72.9079154800676,0.7293207478326243,161.2241625665514
20.37282804327095,75.00332995996878,3.9835527677324065,686.9489490465521,228.92525149685144,102.73728074949133,60.263166336612045,75.35676545160842,0.8317211254931858,291.22862832653254
22.731653311530245,47.16402900509172,7.312162661005883,371.5915387127561,36.570330080999,77.90603990866045,24.726359883056038,65.14773183627229,0.21150658797736244,32.023168484217365
33.41954983696618,91.03945116426895,7.104250794092245,498.7937472548591,220.86729097467494,427.8305800251452,55.197288882383376,96.54123275460195,0.6402192043670052,355.6561206300725
18.424771220620904,71.36432829966934,8.941099640813759,807.2296256106407,70.37548340020031,44.87941475034692,33.652172803221895,74.03792081274754,0.04024085841838032,31.662512161648632
33.95214522324568,51.09326701139723,5.673172110064143,843.863109742446,294.09249728776894,436.3622915286421,141.83727641023233,114.10979777341579,0.0689406122792201,339.4215301365235
32.44446733281372,47.51827104899772,2.881921517110957,1227.813157017727,137.29832298155787,247.58318587078273,54.80068400658874,156.96827793154588,0.7135270327045973,226.33913509932523
13.286360639311004,42.41022802965683,7.803931801554366,1207.8938131132682,112.91277470030458,41.851628272826545,56.75349326051458,138.14764385443095,0.024420102643931352,67.25291765955727
9.872755123629467,75.1516623280923,12.53794182301355,913.9131800864049,297.49336231479003,224.75678151753925,127.58012047594198,65.94680962328226,0.5797650089005092,336.6345913144447
10.72100603719052,44.21651484486527,10.128177306980234,1193.099676711667,36.54752761369737,125.92838688071637,100.68580658004059,110.46079219255806,0.84040509844453,95.010573001895
8.491989292591843,68.69471228528678,5.40633405591563,368.4828416111394,150.88090378033377,327.224224237195,109.42402503642019,169.62397038332765,0.3799418084180286,263.1161365219162
10.549959940410066,47.201276750148224,14.065083830003429,170.09033793061207,142.10116838976035,352.50504336395744,99.04025255845448,22.95918460111784,0.04484043683991279,150.6976318413151
26.441182882241634,73.02798141160146,13.727009783113141,1323.0873516885802,113.98412350235178,264.26268238629996,142.46747975279916,24.876480727511904,0.7138474496287268,160.98836574241957
9.922093508426183,82.97108235513505,3.535551791069432,205.7762912678774,320.87892956048745,58.63898170224819,38.98011641812632,115.67231292945316,0.9296864524641508,426.0494159292231
16.612342017931553,80.57164080440245,1.0715549842452632,445.36380164159624,267.8063698605183,341.8192500089129,148.4654938458114,131.43187439406262,0.7171713920582679,428.45969896777655
30.811633396175274,79.45533651050081,11.248976271086052,1073.4465294741385,41.094644183339796,427.33784045853974,126.33386485791185,50.16847299742178,0.5784472430027753,122.68334113001552
8.628342264867298,42.20195636999638,12.500348789562722,673.2271126782327,255.84685831353485,371.3491675701447,92.45616244268791,151.59182407138843,0.23002882987906004,282.94563143037146
29.990649029901267,35.745021553993716,14.534036206294651,1326.8395578817124,194.008713932502,421.7806427194465,102.73202741547486,132.79004163773823,0.015375624044496994,213.50049323429312
15.610078918881797,75.43167385168007,13.402627714280506,517.1717125271773,317.2864051525211,132.23438083340824,100.83562271008597,185.4249609648944,0.6946721084790533,351.4026061114641
11.190450345784718,53.942568896632835,9.207754138993016,116.61988533710301,123.2720537249583,448.888452241982,18.175471368281546,42.101298353121976,0.23102617584429297,211.83763551504774
26.811903464832067,58.102504716217574,8.185758918579522,520.9178967850418,209.47345987116236,188.20898729806288,40.522309794471404,152.761110418022,0.8581626771823575,291.3290575547105
24.981456863056867,32.02469103157042,0.9036952433075012,909.3050688587643,185.2492406645254,46.16621455591587,144.60592383346489,25.892187210820733,0.4663641188326113,223.80396114071638
31.69174436523043,46.87246920287819,4.076518479249279,626.3137255646106,181.55509905510988,427.96015731137254,84.8110200403131,117.40555780840053,0.5306355823724562,312.89022290854575
27.846918182704915,32.188966251840164,7.164413900127434,848.8218580622573,170.51478184068017,473.23778372377427,62.969504456667686,114.8600765048377,0.7539365442663667,311.4347873049269
29.693985120390913,87.1470752190811,9.613306551211734,1327.2373663690262,87.85772692565283,341.5567708119804,116.6853848744705,83.79315848288071,0.7794306078033432,179.06177663708192
15.614933459425275,45.82078440920448,8.580151583116955,1377.479075922516,269.3842744224896,146.46085001317533,83.43265197181334,170.46851805702778,0.6426508330805681,313.7130426375887
12.790867682052516,66.22691602224552,11.268221850384514,472.36369051575696,168.94089080396526,155.80245356996397,11.842788000465664,10.830422509342325,0.938431815412743,223.75446439547716
28.266598294303176,32.533655842973474,4.5566204978620926,746.996662577861,336.3103707508599,254.63272178038497,113.0732635401165,108.83408636071894,0.9822984363204194,461.00504806762774
29.784537960216127,73.34508043486778,8.691812810960862,868.8016213380316,106.06678097361618,453.002296616653,112.51045840740059,51.25917446868561,0.9468854443746169,245.9139193886971
34.74363883401818,50.9967774740161,1.778062529166486,1428.757439643546,245.30546707692358,108.81492182787686,33.12081969539641,151.26473763212226,0.8241791853439435,338.3030898365955
19.140677276608514,88.36474715224827,6.498150091956501,1498.0642468301385,330.43663628090576,419.947888008404,143.93241237938986,18.182810998158462,0.7056252202442514,445.0457743528531
18.044488316405143,87.72768228071233,11.377332077841714,429.5701483781373,238.94124659531053,173.99929200436915,41.34713841575601,167.99539075449974,0.6633258578816675,268.95197563645934
28.963149940033915,51.143890193513606,10.554312374721139,1117.7718198841417,307.52005951374025,411.94963793738503,74.0849114335079,169.2375230743208,0.1037501769205339,332.26240527620615
17.201695586831484,88.56245821988041,14.864319688996595,629.2434871264733,293.068716719812,463.32475089670777,26.063034576528054,168.24454235666556,0.2714843468191125,361.83443380442475
33.13044779129625,94.75024877742062,4.529421326822462,111.35147564069851,138.83884611137125,236.6471811173873,94.45952472308238,38.988020079207274,0.0056882235293770345,168.40869118775277
31.17714429976132,83.65201816805663,7.723744838022697,112.9535314102633,218.04090018003384,207.9233008885442,62.56315680800975,129.77723852659852,0.13740987023399187,256.2480852276937
19.582838739125496,84.91663760408989,5.278190999722953,744.7924105871581,71.56624213774734,409.02180672679884,59.44428470935877,12.729798244844025,0.43922947716918836,188.84416064428956
28.273518830370428,46.185567847090844,6.888745153858034,783.6688782060685,196.72354128954785,283.5621258945213,125.77676281093261,171.11289234494797,0.14653655078907335,247.04313822786534
28.372657600286423,67.48565592575416,12.925776883106128,131.5975752028197,96.03925069873128,354.8465622930707,11.338639799066954,147.3652867666379,0.9016634146767579,238.18058193500838
10.78434445857018,34.37163440787891,10.421031590233056,1061.6983834840235,265.43314893430704,326.5014490021426,121.71254792493914,110.919208870858,0.805699185335282,340.6939380845305
32.3689284803483,36.169665893408535,13.295397274539935,511.6047440329344,194.25927922440113,110.3288689966063,90.00279920473102,148.81237228835724,0.07161191208951823,130.8364935815929
21.641814056092144,94.92801978216389,3.450911070812354,883.8503421503292,155.70502966844796,428.60356573319837,148.05379188722787,27.921578363836723,0.24891371546726604,276.37127265615646
30.314351584909023,51.23155121268421,13.16373620870085,521.2867024315863,108.70304173510259,130.05655125004265,92.52205088459486,110.4446081136027,0.8190718846115088,178.9376305102425
16.641339227826517,78.63195428317502,1.3665529755865742,333.9880408170301,349.5704990076247,468.8497862725592,17.75307878071411,65.34253344512463,0.8030461265598735,556.204132900187
32.17912716939741,82.43322844674307,13.38468956633871,670.0432340384255,43.664471892027784,155.26279405418802,17.090345702121684,194.79769801236486,0.9454505501177888,95.81990914536823
18.508445325822404,85.7715126154699,5.271569802180554,425.1827107067011,34.375024588898604,377.5852477059213,133.64141809205648,172.85241061854134,0.9975477616173603,249.39549182063087
8.292616589968056,94.84583933114017,5.061520684503964,848.7213676868353,91.6949421629753,170.94148100705235,127.76998037154743,149.32238220845562,0.9762700632411219,191.99057926627154
32.44531336332012,45.69727154169641,7.925284362130627,378.3599424010719,340.4539113471805,186.18128794995738,58.42461058148325,187.41205069744908,0.41013798572144144,410.1466793085606
10.464740273225607,32.62280374588048,14.14000772198686,811.7683673024778,343.14859554559484,182.60085227986045,96.5245477853592,75.90022786744001,0.25032844380203223,317.71261583816926
16.621468214941203,56.72744866964808,1.192829787880378,320.3299208164146,236.12615247480485,384.03043685199833,78.54278998778405,181.16718080775442,0.7584101904270625,398.04765962438086
33.65167311037173,38.455243538881554,5.607349138525807,1039.364593280099,310.4352001781136,296.13495426592084,145.4029677190473,71.79526410027496,0.2992728927440308,366.91623454695326
33.66639296731401,31.457682795533582,12.920293835908367,1155.5127582179937,90.60737117746248,446.1581296898487,142.99452612276482,149.23137674131908,0.8064003601313298,207.56648699628008
23.482822979328724,53.42774376419659,6.242789922814268,254.55192794990728,340.77389107828577,181.39145083386063,147.73746119570845,149.91921323752533,0.5339547303979244,416.37136142924436
25.05960472858458,80.94298631989037,3.3877750151574717,754.9233768522748,67.11900054605633,358.3165601461024,131.302829288797,13.486476526277759,0.7939272752349539,220.17650476905723
20.108029093414636,66.8017449296296,6.659515629305471,199.22038091682302,53.37131209994723,386.3563558450309,137.33722270851416,78.60134267285709,0.27587987971701045,194.6437757023131
15.916690835847742,50.33056929867301,6.090511271629205,937.4554237588034,57.029807951600056,109.68177199378076,40.4190290273991,13.692207757614598,0.5080273155538209,111.84299075183795
16.87394272498773,72.53223035702678,13.7735349212672,470.16601710150354,209.13221467994634,224.27110436711314,126.34095045856843,199.44748334594723,0.564023793602182,262.1885650467675
26.157998314080036,45.0811817200727,11.548048448274908,838.674239574191,277.7215522369573,262.09604740118914,109.23999584859845,33.217384747555215,0.9431080677201321,365.4241150319164
28.31411229481736,30.934793994685528,7.824175558288092,824.4454131380077,141.00016869862893,203.61619935141218,144.79011123592983,113.13407017314078,0.2665975768304173,182.02166224640155
29.37263418059791,79.68297011836778,14.831373217462781,1394.0960846713206,342.70567596942175,188.17179414580352,89.97665598196672,160.2056853649011,0.9366882392848946,356.9578651255497
29.319689855452957,70.5433005161606,7.246524203500888,868.7165115962121,163.35864557904873,355.7531512389153,21.92340333947789,48.24008442956957,0.8048589154657159,263.7192663822781
10.46256478231464,79.54967059256239,1.3444485468939908,916.1978716056419,69.64802175516138,139.29854292336472,93.63584476620142,102.1600069381398,0.7308940540866953,208.0513094367366
21.3493482269697,32.530971084698265,4.302977666317281,662.3143760701324,173.76902690142512,366.31974281551925,106.1213299229803,125.41146457501866,0.7868702691851251,324.94608157780993
9.554086520449395,84.4127758089924,6.823021963180032,1428.7114444559436,244.08226458940516,470.12033033973603,40.84494401973996,40.438903335153626,0.605425045880057,358.5791121201846
22.83727982274086,70.26920300235972,2.7750880501187414,1188.0602732154534,294.63450756644494,299.9908597417655,65.17587369178197,157.9255373831923,0.24408001046248584,352.6256580859393
19.92132353708118,66.62069779632161,14.239694331698624,499.5674064239782,171.39353568567566,321.25974890015806,93.79047796723519,66.8739268659794,0.18949496883985273,188.63723515019893
31.968012934474093,70.59991312744455,11.61930901835771,1281.893420086725,215.89025259622528,71.70904297708098,62.374803224310774,50.09438450437966,0.8663414358503905,227.05987655324358
17.474705338906126,86.18816104644367,4.390164406202704,705.354904259126,108.2237550124216,437.659375664201,62.49268041341295,116.0748618231092,0.7251394025958332,268.8158551711067
11.160809443545357,68.15087292632896,9.06666573600978,1260.1340009470316,233.15245371381963,171.30598211193814,28.632129484191637,87.9595892521582,0.21320428276094905,194.7277717477755
11.860775415426568,67.76177469273165,10.961012778088794,1252.0432956109028,345.37074150361343,322.9235361431398,141.70454123087325,184.85432948091938,0.6150933658744016,397.72051310503065
28.56078705637175,94.39414520927478,14.14854446914857,364.41826146799616,36.187678953971975,490.39159808260905,115.06921382931351,177.21191265764926,0.4475464814142238,181.11228631002012
24.69188770953905,79.18746085945692,13.283712563043455,1081.5975839370076,312.55512133270537,313.9311962634916,10.17408144125428,101.8366260438878,0.15865516996309392,299.24209577138055
10.730312255315337,58.749097354323794,7.970287279004099,506.90015702914354,205.55322591328252,373.3663642336137,117.18585976310312,78.26011719786354,0.5318571093571643,309.12230559973636
10.27088376510493,75.9808050021403,11.732462986998755,516.4897379897354,103.19255765555897,244.84702438292587,113.57129897210022,71.84841650994039,0.28151909246641726,145.13531903917072
26.92616654939624,55.29998065996625,8.651098930499982,514.887307632813,335.1136043030551,67.76828801692639,11.36233442177322,60.8370883854864,0.09624412415757155,292.7191589425301
9.964601171833225,44.876905061427436,8.514206405660332,1115.7955465839275,179.50692000943664,406.8957007653027,61.744601665927036,113.46409220537068,0.4669582985454108,281.0553803048833
30.190221600839617,68.79537199770436,2.1637583959037823,421.7564585095505,129.45778305221725,56.09946698143341,94.94467664557429,162.94593489956327,0.5901085520935618,193.8514674400242
27.068540133225397,90.33183637740684,2.328996041234205,101.26816934452631,79.89421732937758,362.3026012884129,73.38509126012502,69.04375555867597,0.04690641038115051,192.2867004397306
10.196417077331294,90.39406880100508,8.178237417825633,1101.3315948756863,100.66922938469848,50.543923648832994,118.91805662087101,46.117877040735486,0.4020927494109968,113.21044180528072
10.290618280300182,52.223843076856866,4.398492402195596,339.65864136917537,294.8401837251761,436.66040882526846,69.56416656882075,100.34192317482449,0.2576619198366853,412.73429657024775
34.639268619531734,64.29903530441018,0.8050350856767952,246.27535343096852,222.7553030746647,112.51257648317107,31.540815723537186,23.11653919155664,0.030650590707232417,215.33219368292689
18.10531148541525,43.75633340704098,10.981168456553078,432.52256883168417,321.3710544311443,276.56488790357355,146.698187398336,143.2430111646443,0.1256625496115058,349.6019152781493
18.007337970806056,94.71602211742743,0.9710556520073919,631.8607312517856,96.54958921206932,314.68932406224775,43.88559898864652,108.48807059736738,0.13903415881837755,216.2695899927332
29.94558831595257,93.77266401141583,9.13151419600879,766.268858462481,59.975729370137486,250.47088739176957,110.47692347578652,104.3112135148423,0.18287424811797115,105.51113254811285
33.57571158936419,72.21808043098407,8.318310014846059,162.39805699768314,22.008885221944702,196.75120510048814,30.041883632970073,67.08462211450427,0.8033775714379212,134.0220776090882
34.62202872321751,82.28691387903578,14.547813013378164,1458.8026656783047,187.59447241327794,255.19457624324698,56.06176592975057,181.88795313102997,0.4394918664781392,217.0180514065985
28.341211001991425,76.4815104834405,7.521090520540804,1102.4882747873812,349.4412870260561,183.25124678533302,71.88386518025933,27.192395451415013,0.14708599227038688,311.6958931427774
18.159008809334725,68.55528423756543,1.4222208274780617,552.4716914540707,249.33853871015086,241.53627965719707,36.912480633788945,175.26656168853597,0.10029696692788925,338.90509245250536
10.254519350864056,33.46761980427835,8.499475533193694,546.1761601995563,121.7702153484982,205.0999758590941,72.99434069160533,81.5739884590253,0.29794045872903907,163.8277584425603
28.982966730040793,59.55968226592297,12.695894473933471,727.9595691158431,309.36333239863666,300.45421881328684,32.002795218844994,177.31846803525423,0.7980155187044523,394.54839056935975
23.076914742866734,73.8611096408817,14.95431462208088,976.7427518682462,277.9683477760267,149.4451146326924,88.26091545802463,148.46467708315288,0.3644598479396435,237.14946966835925
19.453994249668362,74.0395549024395,6.739976018491551,304.9222932245549,25.087004805257955,494.78201526044575,102.91985535282716,29.792438065787277,0.15989736029393808,157.20095173375944
32.471568397557874,54.25297019745493,5.144331766202766,364.50173927093323,289.5639585785374,270.4001785557962,18.74079976392151,167.9918944367772,0.4041161815461599,374.7694792973209
11.002332022266087,91.20997913277199,13.646472805803985,1303.2084159669712,119.17382988870368,129.31455561067443,131.95849695150355,139.61359840290598,0.5553115572870575,159.96988126451163
21.300877815853198,40.87820709539076,3.27301087160376,458.7568934447016,69.39224331258836,259.45070480094535,35.91972390588497,16.137363453916205,0.02958418363801385,107.62168214242664
8.306548408720316,62.52336400401144,9.423719267977436,632.2729971652485,94.6891771132346,438.55095958141914,41.55073954484533,35.403509600837296,0.6276418014401731,195.5646232376738
20.65383733384141,74.90745847580348,6.382859150623742,1319.7805913301638,174.63133544379588,50.031124837221974,102.58897761162882,130.76933060878207,0.3951007530147893,168.55517611941278
9.520188443409609,75.3138273829676,1.0956942918555517,1028.4069611597515,160.20641593244363,352.59489478935285,75.62514846081797,135.89409554725415,0.009725875131194384,228.64543501609216
11.208083739237942,72.161532189973,5.535682877432618,578.3966310783637,115.33280879349482,292.0651865252069,79.91538388394919,151.86377223914306,0.6738893989463809,223.98708740136286
11.173208662981832,47.89373387437091,4.345813576288782,1057.1793640144692,76.83204632832079,117.99667741026234,27.941697838838575,146.84662614724655,0.7123876355626482,167.79994994605752
25.528678157133715,40.15342696463043,10.44832173218056,127.5565015339792,271.53616058191585,416.0391620802635,122.80301506269716,135.30879138729142,0.6288397885586828,413.72311239576925
28.14321174016643,71.33612124373622,14.257462216532813,1129.8997240159113,346.7362286325226,209.6869262920426,96.3875944545894,155.5853913318203,0.34193021759842224,334.2331671136735
23.75095665762331,68.95463754906345,4.386684216990247,781.8224567227353,276.67122153849783,175.14893325513341,28.953486063323844,119.26628411955085,0.5296048540659611,325.6008113437558
33.97865880881263,41.65814066880066,12.266256117699385,1238.4550061982457,117.6591993316086,420.9375882541745,62.35991138358344,59.55036324964643,0.38715770613343536,145.54355432722633
18.12150564714001,75.83404446208661,1.302717345606938,1436.4927128090558,100.78695726600401,333.72152124816574,123.45739058290422,183.35155660883646,0.7006217301596944,256.2554448035911
15.71422632961024,59.58617946268767,8.302754645577291,1396.1039692923957,91.82973910175961,453.19917849041923,89.5697064381269,13.460665877075808,0.5835801862336887,215.6232852080638
31.452176461115428,73.40443845420495,1.5229759237934715,1372.9710608374771,65.10937458138197,329.7465036887517,25.210829078610267,79.64672677558315,0.08179911382744975,116.33179991752087
14.03708764002522,84.42886018505979,14.04347837139427,817.037938307442,201.9390813984594,380.776122648773,62.18878641050014,148.48535568846103,0.6430935582189974,285.924272871944
34.00700856489651,41.03234785750001,11.612093568082159,604.1989597945133,219.78212274460358,424.7651122794219,43.97721578380284,91.15964781843812,0.6872384143378015,327.2734861890396
8.328170816625041,31.244416419794383,10.04027371246659,751.0494546229419,252.8158780188353,65.18023251857097,82.44517751152169,14.718537421202718,0.3707021806146994,249.1719504434935
34.18672832110626,80.64166811572613,12.446497533557633,1065.854404638705,244.47041240811043,396.98252107991493,128.07055804207852,22.536371592080506,0.8757857809597044,343.9198648142045
9.165317622665555,69.63033263492004,9.889037035767366,1337.5968876196614,116.46999272351621,322.3049816508053,71.07739887261877,133.24110013627484,0.8430143548449627,220.5974860842744
32.06086406984792,75.47657202543792,14.549693759027221,389.7808242001674,129.00263178095935,71.97358639698888,70.66788425156523,193.32427388700694,0.17516652389973786,117.24721690036358
22.247929945330096,84.48007337426176,10.852390244039187,1385.4704218463842,244.8997966959715,273.94584405960893,136.74912632578517,114.8540908085548,0.9042663084858685,305.6963946707219
34.81004949522111,82.18271076359252,13.907549838942579,1241.2523247578447,135.31772145859736,77.93071587261878,90.66595775101814,106.28398542451612,0.4408723714950775,94.215286888822
9.99250724785577,92.4598095503736,7.998412434154251,1470.3984212495284,90.1656525743733,378.53571279268226,89.26675223563696,70.48179048069079,0.7237496526342934,185.30195366177907
22.95406567883566,64.83578012538769,2.1974339882370084,1332.352482594362,143.53093071992407,291.39078839302624,46.66738486255451,58.771228034551996,0.814097006967236,270.87863934470295
34.17116846171567,61.75221612289385,8.158576960633749,491.9122615686693,109.78777200073263,478.64382720965676,95.08118469719768,13.987146533694096,0.5051124210696899,229.26960786983173
22.123641792594018,56.122667992897455,2.339656006914853,248.33827588166676,49.143198002130674,124.24227092301413,90.6274654384355,61.86142485168952,0.39910193937081573,114.86751129722565
24.99376322965209,39.9899177848733,9.091155448057874,257.1375007882241,293.94583775129564,318.7753881593741,65.55920584786095,95.33098376439796,0.9154513686150983,401.26677236860365
26.785214602584663,67.21947013733146,7.496149377651113,507.71264600958654,301.52675842182197,137.327781902426,148.69737922588527,47.61045877930053,0.2308535529354232,306.10863116323856
20.272608748729876,48.00581408118862,9.527343268575335,959.857213578355,92.51759905507022,322.4698929746032,133.46473509273216,26.59611781147155,0.2569700777191445,163.216269719598
24.944068162269712,89.8849882938434,0.6456812252950581,1226.0484565360416,41.37482584331657,372.41886308599396,114.94208061075418,146.3682947783745,0.3616203140134371,171.15847034572184
23.776486421923707,67.90740227801135,3.3251871290027797,1358.9504297741905,263.8130543258892,372.25999149158775,85.22838237782007,179.97785112293275,0.8594657779705656,392.960041192315
32.3312662832567,68.53461173302716,7.624291262725897,973.2547381169259,89.80444653492653,414.9340357140006,74.68837226524823,187.98669324054626,0.9387882642130759,257.44295618288965
9.227052269219362,53.07010295700565,14.282301643042455,107.88383784727522,149.83371151416387,432.63310486082565,35.88563533124791,127.41975841442797,0.22006771475486187,247.35566152807243
15.58600611899022,33.37930787855099,6.062331085149797,360.8434871259469,41.16463323833648,75.54499408290144,52.80324636204732,20.027170693863543,0.8638701476312454,106.93339879685803
33.66111007006708,32.06334474924426,6.653394377777703,239.61668539471512,94.6689629702836,197.90289225330588,118.35451197524942,150.76389969273694,0.2582029594685693,141.5870759700666
32.03712216505474,57.51678436995783,10.863093290596021,608.654265796614,281.6577518487798,356.0763593655106,73.5248535512572,30.918107999758412,0.970641246749888,380.10294691801664
20.30273232521425,35.49674957632046,9.25499498064871,801.8913910872443,285.4508274820166,269.3496921999576,133.5177323197302,137.25214236068655,0.5974078919815823,354.8478034138522
24.74358014064149,69.44505211010905,4.834429176425832,160.7560500099852,88.33799221294443,127.71093550720408,30.707559088374026,158.0795087920964,0.007086467447382394,130.66880053730887
15.489291940490581,87.26324536657773,6.456837735727703,587.8691661139175,130.85156888520754,294.24640227668107,81.16859344190911,147.91429505702982,0.034129904071177886,203.3174833988845
13.079271312541556,87.38946307371694,3.6566470834298705,350.85154447545165,64.29867830093538,227.42040027242615,100.57519576298321,190.85792309461482,0.14748453080470847,136.7724502601195
20.51985693337952,72.8379516585951,14.507311157388024,1005.8982327624235,44.476967994024385,219.41760772098036,82.35878388310964,150.24779404880405,0.18757315781875672,38.363546364464675
17.540510156703427,43.730069045740514,2.394198532581716,749.981317054076,347.41666576797513,412.4867100204054,134.4917648218982,141.7098578165436,0.7676191228265966,494.5043884251279
23.758715019973547,86.09479403832668,5.891633376213082,793.4447057074723,236.34600391079695,227.49523356280338,148.53885945607956,59.731202714789454,0.2227658764169499,285.5954723288523
10.09883519805459,87.59607329535854,0.8746650971901623,698.7685032468455,198.89184803544518,52.169072520995115,26.216852167791764,185.70605042282133,0.9691416200498598,288.3395980935016
34.3086598069865,42.78248302194231,3.715802633036423,1438.4275946811938,272.6145051337488,66.70913588990199,28.19368657076894,44.11333545089171,0.6361120572029383,270.6535410792619
34.62769010094928,77.93269557509402,11.816831506512246,400.62917517018855,297.22546269694897,433.8722591781453,28.245375898416953,181.930356179894,0.6925175092535177,407.032538771386
26.85036627853312,48.62377068026299,3.417040868188752,823.329963781424,286.2158734547601,481.8763726057598,105.36479344987386,69.40588323572297,0.2178165192852075,400.42708819770917
22.47460189129125,82.17162030294043,1.6609193366700012,1130.4243157114704,25.45801826565928,356.6682947696255,62.17465336941731,34.73108283675706,0.8927063140950847,190.809377604177
16.35724563973085,94.82046349373418,7.379571107745588,879.5821783883875,81.6466064028645,207.6094152860369,112.66405257722684,167.06977518152243,0.6678145728199314,192.98615245046085
29.972465532087615,31.951690346410533,0.6445539036505181,1400.6292400035215,236.11874969888424,471.7561452655746,66.76600620417702,10.474136184157537,0.8644056243418639,404.7654709747164
26.48774165895474,88.32878127641058,1.729109239181831,629.1556978977978,144.00058477530774,344.88941973283846,97.8649409864889,168.09678035935784,0.956481097231227,327.6163507389442
12.390657362312066,70.47098468391277,12.21057510866314,749.1461280824492,344.21927485016533,428.3934326316953,117.7801207950451,59.839249988735425,0.12564097710959643,359.4459988058397
32.59503398133374,93.26987024571338,11.686363500464292,223.93124130061977,239.58358157062383,392.2920598570243,86.75022749168889,178.09704182356805,0.09658723026894567,289.8728119552278
30.208505558925562,60.2256186392178,13.769512895870992,952.5987554726998,335.66113988063813,214.40408525539252,85.53050266300085,141.38104462590005,0.8034078265896357,349.83373900203526
33.64459765888195,85.0802154871393,12.890473820705868,503.49675582734847,86.47733894311196,260.2030123913613,22.352805539988825,136.5748332416121,0.8661260590941703,178.537727696027
27.594426726485718,34.05561445888802,10.406045666977363,324.4326553217964,305.1058192779576,125.62079100932577,67.50944400732087,79.41071700132024,0.5837614208779857,320.62092409303835
24.562210290266325,51.79313825508922,1.258826430859611,862.3438100663113,126.04626091902436,174.32648620273767,86.40880145149126,21.286565039246486,0.3660005477505206,192.8750014379462
19.29256197984671,34.356074953828646,11.851304960806534,845.2343687318748,346.55638671847623,397.9378041918,74.6773155932974,167.71388865905968,0.6526296360752237,430.06654619502416
33.18366905055836,93.39730367613959,12.759906757188126,206.22029771366658,72.03726178413861,451.23006026622977,136.10948002637957,42.47172108354032,0.3056640725924573,164.85769026562812
31.383725016511026,83.10330397266938,12.08669111369334,1077.5016348922618,190.39214021664776,373.25179469564944,136.91428849672852,80.72914196000292,0.23838569215346816,232.27225431617248
9.220904092867114,85.41558238098808,7.872946011966378,973.281066911194,281.63869616625027,253.97990046205362,125.06843328242664,124.06739024672554,0.4881452095272655,325.56584751737574
8.711908311425804,90.96774004320312,3.877076660417484,364.6241958450961,162.77201859933183,79.79426371228386,62.5417305522368,101.62821032651813,0.2161538276063797,208.2593204226185
18.16451090570734,35.53172659778605,12.757284647486538,757.2088070156614,174.4677398619234,66.19605640128617,110.4218812362548,47.74552068255043,0.4837036083151729,147.18269513320072
29.88493993110949,55.06384351336667,11.043860741232008,1108.452083069984,345.49741251689454,212.18975972191276,65.34038454974538,36.717107807633944,0.956606505463572,374.38510761786716
34.6564554915035,34.617267787860136,14.721037028638348,841.2100367577871,160.3516895993806,253.357990633125,42.56310385660627,33.41679172755522,0.8397840356173905,219.52258442712247
12.06125605979526,43.701551600751856,2.7575426674610273,653.6847066569983,219.34379319769099,320.19548621811657,58.00637009712343,173.9714974848482,0.9416309195000223,385.2871803434483
24.04152931450765,44.9087755074487,3.7721364542547984,551.2738413133211,37.998088022799735,42.985179838018716,19.935048659974967,15.996314321653388,0.8063289748473585,75.4525618160643
18.28405312903758,60.491968718092615,3.571073173281789,954.551413301675,297.9293264693858,495.2725296145009,56.448851260650606,195.63270932397992,0.3547509359462767,437.8263229082702
34.18768874099429,47.45654088448677,11.991826630509383,1414.7521776343367,233.89545616324935,207.41188636585974,74.50391041656403,47.72045117322868,0.8120452385515591,251.76475777587112
30.737210924664133,36.56357694315447,3.2101557985267135,1040.4427766684767,153.32663394472846,430.12354534851585,143.7673252693162,30.961236407024845,0.922915743553214,309.4462555660179
30.63487502720072,40.886920791117,1.4665675324379384,204.6442650908417,25.33594818499152,286.08468460608606,53.87748207074749,119.62461440759107,0.9470357878370544,207.82471778909442
20.654715314464198,39.57291163088591,14.979131695491615,744.9589628749873,215.2507107958563,100.00214908533938,136.34349548877287,25.19733200873236,0.683197850684997,221.95079402646988
19.20012656311696,93.24999186429939,0.8598495659546626,1347.1537841148786,24.177083399773522,406.88015416588007,42.040158615289585,124.46612000108304,0.21136664381511316,143.44583689120702
15.381990942129068,79.35401294970077,12.611038872303553,232.24739612152163,20.39719258997591,366.520454463143,36.735645686294916,171.6190625145865,0.03972915336469085,84.51013696275228
9.522138409575032,92.90449524252153,5.797819202484465,1484.4259969925606,223.31252550928704,282.6205990674449,82.6593639005031,19.100624078810718,0.14720022816015577,231.53162397354745
31.347504158886437,58.583131623014054,12.703424166488322,1428.69715110359,82.3756322204029,276.69442201353877,104.15159170163683,161.9750348604234,0.9655469178939454,183.17052547175354
29.948327246512093,48.093951308072675,8.541997122561602,209.58427302182622,83.32289140697145,80.2406186454269,16.2065151123194,84.95071378660255,0.46209682419276943,112.06445925871496
34.992377178725526,81.88905781859714,13.573652827552221,1406.778648629377,235.57961672480542,341.6905163439821,40.94922110661034,40.3032204279299,0.8549860148320575,322.3753427594127
34.90919460099545,51.20650467267454,13.929798303012086,608.3856263632471,37.72007201999351,459.1727716469779,73.7957133101843,43.45833125081722,0.4650441535582911,137.7205446487006
22.99665605127094,49.45991929084764,0.631923628571252,1282.5928339062075,123.42383528660359,82.89266284182484,56.340607037645405,184.56526330190297,0.6608175834598394,183.1355763721627
28.762660209873783,45.11288949350903,1.59347655189543,685.7366727985801,69.31252770686629,161.21526729849626,109.76695110876506,31.01509286872625,0.024140777122333645,91.79157972420956
33.50867470682556,38.4291335845753,4.130201578777404,717.1971577835222,211.45820203285618,455.06166778336546,81.56248344578435,174.68872955197483,0.24986494271936677,327.74418089391435
30.94047954829011,46.67009896608979,10.205073537270774,987.9403273685597,238.38250106004062,170.7981985171049,32.450274784546025,113.40647798688677,0.43626928004258925,266.95513332761897
14.678398747066336,53.0957836508027,13.379946849416838,1184.2683869863768,257.9748316876844,340.8140892027661,135.22515310411268,17.420673975123425,0.6306310471541632,323.2827487693305
20.164691653372525,73.80962352947247,7.16915829376246,147.3048113275481,104.22630158312658,286.01635587384635,51.00679456767034,98.25046768629427,0.1715211880531785,167.1626157236032
11.487304209090365,34.06671474426435,9.30111018597685,930.418393737988,49.452418040072715,314.31069830177654,112.35835525501929,165.31540775049712,0.76455146427049,152.26053514740917
33.7593777359855,43.68295107824729,3.2332478655356365,361.42619173631937,45.965606790826286,231.26289472553643,119.18820907475738,147.97852965142908,0.3644047061362373,133.36179372581813
24.366715130173763,82.58653661895897,12.172019091284437,584.3293250084841,160.63001098873886,177.99607645470712,144.8420780358543,102.86865936009639,0.8174352692338844,238.50849927893393
14.173355748593494,39.5499250329451,14.526257614625312,587.156132617303,332.12865499069596,62.325387335647726,79.7910453133742,173.40947714228125,0.0979690903950673,308.5278528092831
26.135918478958132,52.2719345239639,4.3946845272616635,756.6844763096151,91.85058130151812,382.3692320753155,96.21697216502051,32.86930473824364,0.6797565876823719,232.0388277024953
24.689462492363187,86.2028299207791,7.6749762982079215,567.7909766266428,104.72472844271128,383.20299260934434,56.88268108713472,182.8888001445501,0.2933283332065102,186.1205509998411
17.670393386886694,40.070145224323774,1.7486836023424202,250.30556583093485,53.29330469493345,348.5338404362127,104.94510107768932,170.82382961183626,0.7953831741226179,229.62171154461785
11.066054989389983,35.377894315182346,8.607481518713042,303.880233935632,219.83819038499698,336.07154253502546,74.87368802128476,144.57259687487485,0.40217042704241057,295.0567145258239
26.13247628100559,61.494969680200704,7.790359906776868,146.81317978553673,244.3580484025677,152.10988079706206,71.27133106141912,165.39867100446236,0.6653496322635665,309.95962346760035
22.04830792440242,49.657268233104865,2.594329020248625,758.348719460256,232.1672986930508,50.27866953249396,129.76545407625477,113.32494630010655,0.9343052686364735,310.8341265990596
28.85259657686226,66.62154369145051,6.909960090212088,1436.226772794184,304.1729802047778,412.00908256730224,17.023638089816412,138.2808615285567,0.020626632013764357,339.1626598998979
22.044414530023822,82.24731788142589,5.3445174552551675,261.9453131073632,180.52052555860368,265.92372642008036,133.47473989646159,116.513633434478,0.011116782334373632,248.87147039857547
31.008900508600583,38.91465172992831,8.066547691925246,1424.7702902043147,64.37082345313127,181.14554012320443,129.28977729599796,77.53142079651037,0.7702792521767134,143.94454516285018
22.901484646911108,67.74544049602852,8.991987863717588,1126.706120624931,115.50369313245618,86.88867711906224,80.89127549865047,118.08355149862373,0.6463930515080781,155.38019025721863
23.14532523145543,62.85806942534116,0.6231858898045379,992.4983241078285,238.6018912290461,68.85193181463866,78.62839958878796,58.91841318106589,0.29297972050443266,225.1788366828941
31.669647271775315,39.36512109085797,11.534586752768552,1003.3888574529881,222.33025133471475,200.47869202578156,60.653031524968625,93.6530424597492,0.4943967027742624,222.04042886980073
18.89403738773472,70.55990155938386,10.838707231995242,1257.418707754795,195.23103281517763,410.1790497927926,149.1843308354428,63.347327379446206,0.04193566559886874,223.16326802060576
11.618411168167299,47.78662716095016,5.811152599994572,249.68781013174993,245.37825816726678,462.61292469356204,25.563706585537773,33.34867999766391,0.19244560536124078,336.1276913249875
8.777132260460153,61.70923070536081,1.2675710657478647,806.6560529917584,230.33898062318877,452.50562772200976,92.63013298800499,71.15375271408217,0.4244963745271675,374.45732623545774
28.388705903187713,35.347701078009024,11.446521826883231,1075.927593565062,310.83721352343406,463.20038398484127,105.43542261573839,171.87757145510642,0.8340444162214823,431.722688632874
24.748357886543545,59.8729637188855,14.350039826932921,921.5486231029892,213.38540456783787,457.55365783949765,140.80620115037223,82.4053464220381,0.4796671828600848,291.18831447331354
27.010153738679037,49.92012542278332,3.9821981423192057,1265.8906994326126,276.93844837118365,282.5233857361821,119.22848955994661,152.1206933040851,0.5863625045259787,366.4199209382451
13.75003236074059,83.45477872704802,5.19110689918705,201.1803926158921,102.0733614689344,140.93119373617577,100.13860839361655,43.28759230525064,0.8737537919937804,207.68314709353936
11.682029840842784,33.70361725482894,3.165286897486317,1066.9814552988323,243.80025291439244,407.1014281049374,26.353724353697174,90.63964024185191,0.3088189135888453,326.8317360197145
8.392705973032813,57.209472869691446,8.865573788500175,847.6388225386048,317.72405906628296,138.30796843218633,62.32269235640543,31.822653173683545,0.7006993211020559,357.31611458657085
17.46586408777812,59.798042568543465,2.745200222388097,630.8252095719208,147.29166820694496,162.91534730802178,29.437829956717934,36.33800203982304,0.8616672586782533,242.91283288714985
23.927777545075095,77.12539495944272,5.664812180190002,576.3849751276432,277.1043818217534,147.2969880383723,133.36978254517192,127.31291217911314,0.20261570069617674,304.4136839875458
18.590589217692774,67.32869238086371,10.606688702046814,969.16568588387,259.1804693944937,276.89190570007065,114.94696177891001,125.4215453153121,0.3564781651478325,295.9282520689046
19.811822894640684,73.36880191762177,8.621681753635551,1347.3935245019707,39.64364496770142,188.04065375777677,116.0551501516121,50.54066239742382,0.9798101738893551,146.7987886653597
32.41228475133121,80.50820356736415,6.103707182755061,794.6462965415614,211.89774217594385,110.91178282765708,101.31591248829618,100.14040691487175,0.9832185647962111,283.0079282535861
17.402897609629107,86.04319328778227,6.593619226209357,1254.6124297076883,62.96248523626479,248.4597694711859,80.98609517113935,174.0281717258101,0.2232299302939379,144.24472077857186
21.87771620731489,50.40190728696058,8.650607798036829,663.0189345815545,339.2153268360951,441.9973298411768,30.995948324889607,43.09828664853175,0.06644583889262812,358.77299957949197
29.158631344010864,64.97147584865368,0.5850385543638389,243.35224791044715,287.76447589121653,302.4543132769872,56.15728413870725,13.650001283967818,0.2709216113100529,359.06365360706195
18.706655122674295,84.607025098548,1.638393092577343,186.10803104209396,56.20885441154964,444.03437870829003,29.168210946764678,133.87907672607875,0.39773195730368727,234.45536339778664
24.796340906152583,94.31432351272866,13.278241982563669,171.86811985314858,60.17815922373388,130.1012051364032,111.48783999932805,20.16465953685015,0.4410056009311637,103.01433305963955
31.28382013616212,87.8187552178446,1.629245341823716,632.210198740738,216.17637212116426,116.80798188937484,32.4320286430807,196.18864532876472,0.6188063073304236,283.32065613441534
33.63705683875634,54.14537207058449,10.748652145052324,572.1328511701788,133.8134274771505,304.7654778212733,108.29589702403598,125.8278539217874,0.8995027601315464,237.10152959009454
11.970983985084025,42.68582361921228,13.840553379581262,1105.1118330715972,31.518933494126063,253.1312947112856,106.91575454342666,99.37530704035474,0.33034801190716245,58.49693031855231
33.01786587936035,61.810514931428266,4.424912262375101,1139.9501022188122,198.7416975849075,343.67941515760015,74.30262705878044,91.69858260461828,0.8499845354992085,359.08568894003974
21.28713991314753,78.20669436934276,5.872125837362956,171.19555636723575,147.98888289632947,405.5283238723195,28.932011576527323,118.88342511821696,0.09347892092662691,260.5741325853741
14.972598484071876,62.016989598964344,8.749360384748385,409.57256804462094,53.355242482675074,385.60135600000115,54.07211565876514,27.218642976840833,0.04187469897321472,107.64464887441892
20.396665418433056,61.406756115388454,13.284780059759479,483.96659022245956,284.6337294444743,473.4401398829381,54.8130352705772,186.7036211757042,0.5040451831234612,350.40293482722166
34.46087953270788,84.48497737031704,14.157631015276092,866.6567777999333,321.97533254200596,223.1979482122253,108.05391864006108,128.87199302485678,0.05966222333060489,298.78922870314324
21.30068853780748,53.49124563936711,11.223667097613387,302.3213134697304,269.67599822466286,134.93790143416317,25.924022717921407,44.95591454607267,0.39248980123423016,273.29780734630793
16.876293477762722,85.88665386275696,1.7559865323930635,287.51770716000055,291.3993623053715,293.41981437602743,126.06961047025271,116.89040021528594,0.8967781168692344,445.169819521489
25.101823066551596,56.442312061862026,10.202735255255337,1421.3044448911412,91.44188719781873,90.94183528794537,116.54102062602796,35.318736108272205,0.24148303620747336,48.18605072768362
14.483931707011212,51.33515186909206,6.4494039671536,1225.8840702168934,106.97907380313833,172.87151673255045,36.08296854439835,13.335016336079303,0.7059757751249032,156.76938216621397
10.048309858933926,59.509344227980435,7.325164492620393,352.9168629276384,88.81408829873196,135.62850542104644,110.68301344904452,129.79822719065962,0.3023653923900669,122.19353586148699
11.47975249158753,79.55905231386646,1.2126516600050672,669.1949310676873,272.4709323506361,222.41930972665722,103.59184540549505,133.21183495532426,0.044920055242135604,349.5431133824533
11.457237651859856,38.19013181115963,3.270401020522194,597.8707989605917,332.81263604838404,91.15962450101907,114.73691201552968,120.90235073264896,0.5566905814103094,401.7909431845341
12.101372724831947,42.76724903168113,11.962447309237893,1207.4057036915701,256.55627822218787,54.64720249212501,36.449997762817226,44.861808828404385,0.8348534905367517,258.67144034892493
11.748333661534073,91.84391366810098,7.082403079193967,814.2980830693709,310.8840324102535,342.12524212981464,32.0626451019056,124.65167311400575,0.4094684483426194,383.4590877121891
25.303618109686795,41.40695577978823,4.874102503651659,278.9896317908538,230.77070131144694,320.71453001331025,43.10775802918559,20.737078775658762,0.6172938264580871,320.59136454448674
12.910762278776911,66.90227566551854,6.068276572491893,1134.5888884187414,147.9277671844037,365.84511057778417,61.22203844085659,125.75528755866523,0.9000235976577259,284.92860893051
17.33301664974431,67.65544033302596,12.888792943222363,655.6431695148865,160.5013329270007,343.77776252481823,121.11309734501216,115.26323363044757,0.7896945127369878,289.39039959477697
32.21328706746232,61.82559003326591,11.360485752371876,468.0939466850059,44.85607261524359,92.57555332549641,113.309351247039,134.4984178594289,0.1938763993928193,65.86609364712325
20.796964287097552,71.9084411574932,4.4485732591257,625.6980708290082,30.38087443118861,173.8962854327973,139.56322291899463,180.14036509295482,0.7333839593650058,157.96047326888447
26.024058940067732,44.938737176845194,2.203776683079413,796.8591890496549,249.50694938239553,99.58224055416208,18.208138273806163,171.56803999551195,0.501893025160152,312.8729034275731
12.652636522444006,65.92304740548863,4.15397421383904,580.3617229838133,164.6815343636896,427.7673049423391,11.617879341985983,196.32429639688237,0.7459668078860847,340.25421464807096
13.191803507834111,54.19126159104832,13.850968540293639,438.668081628461,202.23097245802774,383.5756814635407,107.87943615811187,195.48579625794926,0.4945155505222182,299.1221308714739
9.103452639194929,73.0083718758973,8.933038148821453,657.9028403255725,204.0282117153974,132.70242134239152,49.10024941118319,156.74074174101298,0.12795816410830285,219.2753772049393
12.561246702948443,39.17953031925472,8.235463026799351,126.84207504985754,111.53401839998946,197.00225062535097,56.771045374734456,191.71972821376832,0.5699094466892392,209.70695448955797
15.521939153862883,67.10703209456597,9.147707195540692,1181.4969845348394,177.04452857373192,484.64289644153854,86.55228362803172,174.78393831893126,0.4921339923973399,306.3478995291071
12.779283075472165,42.04257309991604,5.807409853324471,339.3228509946201,175.35087315034176,313.31330462463967,24.337837237751792,148.24066548004484,0.5179217336414418,282.11662581443767
10.394968411440502,48.11179910247736,12.203051794632936,161.46645908289213,148.18098300519281,408.5315747585323,99.97721831672696,24.32300838231349,0.8789024536458703,274.57782661978194
11.257168519716222,44.21613702103291,8.087650614853622,1015.1781700671108,290.8228765223533,161.71187599361542,55.52064247236103,19.319478771278675,0.8948370467062514,327.6186277948461
20.441026736883597,41.884455691473114,2.1928445901475353,1183.5105803531412,168.88412121690664,136.6243432824804,98.58011740213882,169.14391782609636,0.45353710676571835,216.5385889168609
13.571010396956398,83.67121185144336,2.371444310021413,1239.3607842299805,219.20269308697598,400.6017872694123,126.76096783027401,103.03461299562268,0.4557320412800884,310.57244352009815
17.83528624829804,48.57099189795787,8.284457624287967,790.9128557248399,315.5216397256726,355.50132940646245,33.955586667240155,164.77527003123498,0.515186958872616,380.9322289527256
21.592266313081137,90.26304582118921,14.080268162027169,387.51545856597943,305.8570955434444,353.2498474374113,140.32223300803284,69.45447142449169,0.5195892783342569,357.393019058686
26.640660372992862,93.04522414743741,4.971105764304882,1132.1187481497575,313.8393272471245,294.2119076414292,84.29633974874213,85.55347308137243,0.9503871441791126,419.83725520409865
9.06142777570967,67.13193054591133,13.108346948458665,1079.598308016072,109.1016488334546,299.2460376772125,139.20988712435556,143.03547699226706,0.6494004673774935,208.8931191271228
29.58408077054415,39.29507297327221,11.57938600539375,444.77902774444254,31.544221141660735,378.42085244087673,39.08221150824894,183.9120800170977,0.27745699488794395,114.52627553327993
24.95331051625451,54.34563581967278,4.0932804221501495,1364.7708582079101,106.15204396545865,164.20114131574985,94.63877304459326,26.67468015098833,0.5315367969539899,153.57470478458424
10.207493862619542,81.8525971176339,1.0269408505855155,246.12004131596058,111.97342405483386,202.27349429419965,66.54419642530466,173.68084748057518,0.6272235829079829,250.63273902123296
31.586622850882986,53.88039736530958,1.9767853445645498,1475.763535427856,320.08890781923947,440.9529144392253,118.39110676184185,160.6724177270794,0.6397717210139645,475.97433159553793
32.863554814358956,35.65611918968127,11.063162040787883,1304.3469353684504,234.25010183653032,182.07799246559256,94.82725204986149,69.95246143867239,0.5852542262381827,237.1140246196606
9.64910491608132,66.19101921033221,3.395211201589377,1063.0581036707053,46.96230666873549,291.30240283447756,79.23216397416458,77.49115668499633,0.17773615462153736,110.13520463241186
15.4756964999745,84.93285534724225,5.88342834732821,1414.249843591766,64.67493668366338,363.2141534430747,137.81795690034122,18.827680672162828,0.03359318907950748,108.27854875595456
29.767434554412656,81.73521516432766,7.77463790709316,1111.235635653191,71.37312142885187,499.9654203432612,62.79638898403523,12.990716112176417,0.3378430523668544,188.33776242990658
28.203011640358774,41.38300410847296,11.01928844252736,366.6397958420643,228.03917689574465,240.23401248785268,40.79722868574541,100.63116400796852,0.42752215456025355,287.4937751886175
12.982067522622188,73.72969993681033,2.141852737257318,719.0185933579364,262.686628417311,236.92272324747412,95.13416615929283,28.152532644489,0.061804239576086606,301.46375765656575
13.652431730091179,44.33277712331706,6.392312876523191,200.1042340642895,303.6824904865807,427.59065453948705,97.36398120419392,46.860344738890475,0.8149673380198461,465.6529544809131
18.002746775367314,44.183489745891194,7.5335571825690835,645.5203912033616,330.4100617660602,410.5314311795371,71.47324702006256,170.88576791006608,0.34407743751027375,419.4488877838543
21.082120600157577,86.81466526483703,8.341992427587325,1138.2442276320921,86.56250393752579,376.2949055978923,78.12540611651353,118.49539433758596,0.9136327461785047,223.5059664319598
24.69287883131799,46.22848192811496,12.366229300230643,641.0206913031443,122.22491995893618,253.0856332081533,144.337478001986,130.39016308056154,0.15441010784226517,166.26048565934425
17.960668268383856,47.11107752367073,2.9893338281266453,562.4118456553878,99.30655064579412,189.01199527392927,112.57599679555219,45.62107285806481,0.05693495693731343,142.98505294845603
20.488437335594995,30.042470399484472,12.213556051486023,933.4980115144366,138.39131726382544,320.0160219890304,25.484245207560782,167.4457428463397,0.4823161043863218,184.85377738948537
28.181715329611425,86.59348721815866,10.546737201601458,1321.086340598453,321.8394854498373,443.0627148405548,39.698209921885535,174.91615676355204,0.18912933682570665,385.12545473291254
8.990446478046143,81.51866285859376,8.560126805884911,166.6164695645574,209.7871470899893,446.5376307759498,146.58072882097827,109.43224280547824,0.9373992755778612,386.55695878280716
14.81579749728856,70.77638078089407,10.643154120837293,639.6586085796296,263.6033261170847,89.90923873240168,111.70517753109438,183.38597665694536,0.010303398453738954,232.67763270019748
27.260438818882918,78.76727465602474,6.474257214799017,321.5370385413678,181.73934792183806,237.0411305540493,138.10631766025145,170.5174387413705,0.41261967505903496,286.6686703424641
32.17058461755438,39.88315688259197,2.5067649965378065,1073.4959510246176,29.523111400921096,253.77209985142474,52.540604958421085,148.95159356814324,0.9267477713451683,170.19668979555314
21.815290937122985,59.7910336481924,10.153595983847826,248.0143846035888,41.18451037927873,489.7030690609265,113.86136041212292,149.47442398178944,0.38441820672976834,188.33556854852642
22.367064102163525,52.82926017767076,8.107748446941523,1030.7308620123424,197.5146003184023,351.87908701158887,109.9603791932916,30.024760050664025,0.09310928060046075,236.93640671906888
10.893644306173954,36.09547420670607,9.770934607870245,500.65321911707025,257.2003814906085,227.33335194055246,51.25659796151251,61.4588471621765,0.3028949428617871,262.743567812399
20.080133904233275,61.59848153897006,5.400982324913105,378.4835392321146,91.0590740844814,51.98662755337278,87.11428556309875,22.70097176535845,0.49801039383443346,133.520550168483
22.380666194285624,89.8480772722713,13.64956537142762,1410.8935809549796,258.2301594174603,300.0771736456301,97.83811557784134,11.649429752998646,0.1851516873433331,260.61750552616655
14.5467035981377,32.60384273829514,9.016863094345865,125.9344074443382,287.5197052495591,84.19494879364382,77.3584535158451,40.078810962942924,0.4665617051432619,281.90153099295685
15.269567235633286,48.9449593770966,1.7383360222176705,712.8881806453966,155.9261678594967,423.846980379971,125.80501893212178,177.2925647029186,0.8363431957858375,353.11605405435614
18.18667240382481,43.490160853370725,7.022157865214216,130.2777894465113,266.3183468385546,386.1585838623666,126.60166585171852,55.57607121684979,0.872617970196613,399.5469175074863
8.541922339998612,45.47953248827026,11.467162793782698,777.0302673460607,153.32988360839175,251.83421355776224,129.08407676221793,194.32925289242712,0.04926073471073211,189.4354908597034
16.696137470745814,89.04824587215938,12.01495114511795,801.4663289121855,243.8557077201566,237.43695858918187,122.47929967374279,123.48528991662917,0.1609033580525735,270.10751089967755
13.709096188906706,60.42448852522886,7.671657265074502,550.3274599526458,272.1190262754492,452.7759241616336,78.33168680760025,55.07911265059117,0.27529013576680417,350.60588189443786
16.842428508803696,60.30946184108822,13.473839777053865,285.02648853503314,347.33578404167656,172.69084119233906,63.401361740861006,104.45485266200043,0.5948658508876018,403.54072061544593
11.233577559119784,79.43741675959335,4.381192339317314,626.9425528282654,133.9808984809867,154.54918256911458,126.39267972001188,51.628016313021924,0.3609947587924671,203.50380444293162
32.04423657997717,40.041993260320176,6.453681109954865,1041.1681159055925,155.6434575896218,472.03081909985053,78.62820419787735,196.95497605465104,0.8440409134460755,333.0037595173637
24.026996245959314,61.6722480165033,13.529655203250066,1195.3541321022428,74.65461960535654,412.253084906602,44.49199580791746,170.98034694194314,0.7166718682829376,187.51696798659827
26.33576261690122,57.94903891786888,13.495722388837894,843.0508433433993,87.34410927259627,417.4877728109095,81.02809452511028,14.985369868642529,0.10045602311350821,134.05898102350454
29.307623442398135,68.79919488553264,10.442835147957872,925.7681522156579,248.82035085746466,129.78915456692573,29.858975068693894,190.07744597881953,0.6245575025120912,265.7368918862595
21.457939371084546,94.97125071127851,12.955217933272193,380.8629195745138,322.6250447509771,105.91615605822983,106.82812868383184,147.00237038754858,0.11301262534697842,301.8388345816609
10.34684777836044,80.01417811533307,1.7872123708653738,502.26246651870923,150.21963404820937,51.97359291588205,57.02897942734688,25.652437884042882,0.25503566963646007,176.9914461094178
22.501876629100792,55.86127069613276,13.042427155012756,326.6538540733018,79.34866745572862,149.0390941025928,46.49223178264361,137.42117180202467,0.17787063353422805,79.08843479541349
23.844710186563738,83.79094839781305,5.148988644978288,449.01349000645587,114.08283479638804,396.1276261885894,143.9112244728643,132.91607261348025,0.17306194920070495,233.66640949952182
28.12686580297691,41.09604361531121,3.0858069302091367,414.84149231574446,170.16706258668574,150.41767263150888,118.76333940616307,51.56986170344086,0.6163955247768592,268.7716817880015
19.654807748201343,31.980139610082407,3.970862626959672,827.2283009477326,115.91460869057157,375.3875104536431,120.18973038135043,154.10487300143936,0.5636049225541615,243.46454414048569
11.44466817548022,43.28914421017775,6.560543366201363,887.7642581070212,97.08109743021586,155.8778020690139,97.32107569908568,26.542293629463753,0.17602815278772688,103.90006764928822
15.66194945656556,52.12675114742687,4.142284066764775,1422.9263891501064,262.87488128983625,221.83454905730898,127.4841934714416,102.99458443393708,0.9901728054184318,351.3719392052356
17.80322200276315,63.18774923487139,5.148229997239236,373.79890594213225,22.588824009405656,492.25465335924787,116.28274736287338,11.885409360986705,0.4218367323682938,144.70657439915044
25.439765515953233,69.98339413517799,2.45718804803881,998.3459942260943,197.94607402103944,152.61339639070235,93.82831857870632,194.06012289000182,0.09706932815493663,244.44877058458306
23.411014226060622,89.18937161893741,4.794563100605479,1244.162976582532,281.9430463198188,213.1304885572031,144.55741625924043,152.79709003761278,0.12056901695511513,308.15826467396363
17.614611599241847,63.14051062077975,8.798115310859018,884.3380492962735,107.85533448476451,178.50010301399828,36.82329295581923,40.18189447033464,0.5838937137265947,149.45786144580472
34.63591171741045,62.58291690067241,6.9068787673204275,457.005113501506,219.08619850196573,90.42749371180105,142.07316065926514,74.91806759074376,0.9790694033834728,289.4777046434554
24.355920122635954,33.26579563849384,5.5274220379207115,467.5703220280003,240.73703485414387,265.3513053801795,66.20134267984109,40.50685178355349,0.5719511016191978,313.435526470999
14.40512337687185,32.26925092265455,11.323555868428153,154.95427429939988,236.1581498136797,214.19770513318105,83.97585767620812,155.6573181845698,0.9490414766166372,352.7649791775842
10.748126760750901,65.82539752456418,13.45589458520311,527.6219171678744,167.13037928557685,359.64805947134886,27.183504736203254,21.190301831265884,0.4441328507580268,217.417536288294
12.127196757976964,58.48160986114239,11.473443732084757,1142.4451506047321,134.37073599900714,416.09349159771125,85.61504144905072,169.6772645571057,0.435841103652012,220.12366416364318
14.64085866638172,84.54672567371941,5.314010180706348,166.52486008995453,295.85494409917845,290.35486866799374,95.56894526014707,189.01730437878868,0.5000073593158822,410.9975292834592
12.338397078008004,40.444173006269935,11.294411433644528,407.01339550676295,270.28716580995524,54.81035416017495,149.67821585319336,138.559309133197,0.6974254581555552,281.293736531276
13.037309649385255,31.623158037608224,2.7037126458737424,1088.7254979444947,126.01420722659113,324.7042838679719,146.5269375500137,50.463435500272496,0.36761596645133265,221.50961569557356
15.697569554733871,59.18751991545818,2.389610827323718,1195.7121879520273,53.996334165928005,65.47973580963203,145.29562086240023,78.41711820457465,0.863886032678957,119.87810427496696
12.68108707295838,45.43610618889674,5.511592037024305,737.4457740866998,43.69648999700483,323.52390885555144,58.77432841428803,100.67557621369694,0.029281384768146235,87.15457476291678
32.21266646491348,33.22493426702444,12.211684351138826,1077.3040738701084,51.1110727066489,355.1137766638267,148.7773098243061,124.8787067184282,0.43976419502844233,108.23234072812856
10.16631113286434,77.09888864509588,4.072049585013377,643.1330361168489,212.34688919337412,130.97310870405846,73.76694122331551,137.0459870642206,0.5109918499799179,272.17047441874155
22.161807518396877,37.253544997221084,1.417174429030854,323.87854303377856,37.0485180235666,416.8992284120147,129.25707622666607,115.30079591058772,0.6070322382630962,211.99153692012567
19.08071432872086,69.54076750050515,2.4097882604921486,657.4092909320691,131.18586873813268,459.09916052406237,40.28479566265608,76.7496449561526,0.27607191236586326,254.631709061639
34.52422265653237,48.26823376084779,12.951802043678912,911.9549482844,268.5559016316957,414.02000349235703,80.81664515192433,179.2742833073316,0.42747997098583534,324.4698504520451
11.025050358537413,41.27724327307643,9.68985762883567,1427.2745945940464,117.13489495007477,180.3502274975578,145.24169345786476,25.464491023412066,0.48453775021405665,147.3130706637181
18.742101174235025,54.68384898975563,4.171416868864662,196.25133292414824,271.89166546944284,309.85578572499185,142.58439556927985,98.58865030626406,0.6869099786832132,413.87254687224606
34.17570169843496,82.09397545449198,8.55178946725863,810.3517313829449,266.0041226083282,460.8149686279648,105.72288289499974,157.35731930882133,0.773544184735814,408.7751515109076
31.368692399137466,55.486082498797224,8.149904525167582,560.4876894950141,101.12295376896138,187.50577406251097,121.69400515742838,21.56580640536617,0.7378273273437872,170.65736443393166
30.06094591563056,78.80002719871862,10.003821687389589,811.6363719873724,260.511319430606,417.2127982420955,34.6997375243362,144.0136911941472,0.3415830522895853,326.75516179164424
14.963376330213375,38.1566092919448,3.8812195391134368,133.56562632714434,266.7662906297933,44.3585603803804,111.03219692778204,165.74520832313175,0.9994505229919636,364.7476048856035
12.613964859531777,80.23014227823015,13.033843314318766,538.2354965822138,151.15979547011887,41.67748328095109,96.52711316695212,135.5579467201399,0.8486653117871794,171.03068268818555
26.053366937959638,45.400666118932165,4.985844150160187,1247.815406537807,89.43875963470101,389.467363755925,22.817243005174454,12.45800953231764,0.26002337314496893,138.0667949428012
33.093151706444814,74.03055344277672,10.564908982655435,875.5184273964925,192.0193662743168,390.26588777847576,25.842260922554676,44.226035155119185,0.19510580567282754,244.0289046853292
23.032598111376103,66.77580106466476,0.7338073723971159,730.8154899425643,324.0612040400648,402.9295064120551,25.18210648517666,75.00148498947064,0.3140212505833905,426.5080745849246
23.433542615687294,90.39440661875967,5.903528383465135,499.7351004014754,231.07352170258045,467.8123454285547,111.40997087617698,54.401106771228726,0.4523448529996449,383.0184876458195
15.559435528827674,55.17596366839541,5.59979236040272,517.2595319078982,77.0644242169962,94.23690343733074,29.840129154660143,192.9039066432112,0.8507993783196138,170.18846393700724
28.776309196182297,34.30073727423863,8.380524214453711,636.3420070268182,245.30978516206156,146.71309309249665,75.48251795602586,133.8028436816208,0.7783622637945344,301.6415155477384
13.05018121105313,31.245106560831438,1.5546757957693491,1269.7989939503846,160.9769990030054,455.7134633719515,59.977452822886086,66.42448189679837,0.851246123505876,312.59462818170044
16.73933938291458,83.74580646322894,11.95690491902857,1454.0984895315758,215.20450312727309,121.52865097528259,87.07057970783049,186.64252474643467,0.2719571149103285,192.3322881722693
19.486783842643256,64.10781644799309,3.657821625629744,714.1175338905243,262.24113155762564,353.82546308522865,108.90670821071639,150.7128979004755,0.5934612224518362,377.32134004963234
21.705480224480286,80.3908633692717,10.317048315789147,650.6939742468666,189.9326259997668,284.01298001877507,105.86115521098648,64.07537024713798,0.28324906227737445,235.4823276097377
14.545062775207168,45.23766400074845,12.146575787039351,1285.171086147808,288.61471160919183,78.26909135169333,82.17278822801273,81.98749818637152,0.10902316071949314,218.67243199660976
11.100594267958495,52.43044345836019,8.64721586550194,697.6674488908251,258.31134117448715,171.22128449310512,75.00688230545397,47.89148307775178,0.6841977434746807,294.43945941693636
24.48674114592408,31.956751693735733,11.24280649746879,872.8254412139116,222.97420220610852,279.3712195628452,65.69418331711623,194.50405967050617,0.14299755119543878,261.72632000362296
15.793024937486905,92.49700109731728,10.09697452711758,423.3183304382422,69.761629224676,432.0810536745637,130.66739276261313,108.28633421911391,0.6676977617064714,246.02406675378194
23.69343197841053,73.41141393555287,5.65518205870411,1140.9035500907053,295.86320660081753,365.4677052227499,56.3192526821703,180.25077062461708,0.6479643049054091,421.117136976566
12.167793312403463,90.65833070435491,12.228448815986697,844.7836455790946,328.84884315553927,326.0662542692692,46.31121496344928,75.83495649320106,0.810248444424017,409.9965881746272
20.990782750080072,47.257266482889705,4.773169863340156,1232.6483703364784,65.1984908570673,268.1751293730508,114.06416911173798,173.5599045885204,0.1395546045635644,134.7881226100265
22.379914678892817,69.74513472966795,8.782587307397,1193.0258220401377,181.11957271303208,177.39463255450178,60.3668846375417,20.238501201161153,0.7834801485088109,253.38104385381982
9.399235494205527,74.10249793902146,11.308267217552324,401.00667557804,105.43328485026647,94.85265920686015,128.57980396601758,196.59716032961472,0.9992765259462371,214.8269562797643
17.088315511235855,50.64073051674325,5.99486069228136,1101.8897707808674,268.9926914504363,228.17497590040395,55.904420609200265,183.2865297363275,0.8510424485859022,353.11215786414243
11.629196277352305,85.12710027601595,4.890130310452664,1220.0761711319199,258.13777988155095,53.11850719919458,108.27227544044234,79.00855950756444,0.7518120763276662,301.0635640510797
9.71112420276473,91.56549508851612,7.16051714750593,584.5501370953531,66.49208978823157,137.08570906275128,16.315260879947054,157.1972114097697,0.6621653546947076,155.33134974786407
34.72892627452852,87.51558265024028,12.360470668062728,341.65275806318436,309.41899951634025,238.94235290142353,63.978803215444806,152.92900603002695,0.4217814846854294,335.88270968944164
16.70355381431752,78.03935343605922,13.98386556561214,103.68501781142345,79.72111111274074,232.55838540908093,58.05222449545721,181.23841144955702,0.7305001678916022,170.33165968323422
29.86661003807514,48.035204182122015,8.403709486468408,731.2651143304074,283.09547846387545,60.3758982586165,124.33502349862927,68.37844641447411,0.7241780351404532,324.74263513411745
14.875297678621624,48.30504273686606,10.091259977192951,593.4058241543783,170.8035186772416,310.967670621634,145.3877564519634,98.44880100968841,0.6314982826872882,235.55589930449432
26.40057350004609,92.61842082899247,13.597467522464255,876.8737673555725,128.32985687418991,292.85475769248865,74.5233787370146,174.34992639515008,0.7962783782978284,202.78600958840147
28.526152217021536,30.668492235819983,1.9289293454876648,363.25752962430005,72.21895668249046,75.9279798496199,125.47707880152613,157.93009628569104,0.4487638884268347,146.50446255711685
24.082245996411796,76.54324826073939,3.865139379059393,1303.5317667330653,75.3127045283877,473.8550041318021,107.95725813403111,84.75867656065304,0.12125271213239064,180.2350148936472
20.732557090854275,75.90600056609205,10.779050090647946,460.85730187935354,238.4238830512971,85.71607831739566,145.43403827291706,170.6877942533032,0.5590677276092374,255.3643039527871
19.119704681976252,70.47482016173683,12.444294697728346,417.00144712271,201.64202802254977,433.2237095691746,123.55519200799546,18.921267454156283,0.2650435287113426,265.4196821495941
17.419443196660872,94.35707499564627,12.92692091079338,772.9996790780983,60.288189144906795,40.14247668090273,20.84692923492227,158.58879756296813,0.3844330974291502,72.24680611085986
33.097286894691294,50.272163324642136,6.5190540643965225,798.3914332419839,57.190293944647316,445.8493037208762,109.85944113351307,49.28551329240312,0.017414903941226023,135.07743501730442
30.426724010268686,52.09817114656113,1.795428583232069,401.11932029913,43.86248967502118,49.07107681398378,84.96996015913231,64.36297248651957,0.38279058791788334,109.06484789301138
34.055726587995835,35.13106119152611,6.847831420844488,480.60501741628207,265.44322463326955,388.59353467037334,12.301048110525803,103.71082028316279,0.8088011061354546,381.4447640366014
11.356025034109708,58.78187887534293,3.8456515580022796,337.58733481734293,254.92108812566545,206.37777319811636,45.183814221562116,95.44955520329505,0.5427223669382548,321.44412515403593
27.733421830498393,46.96815420526512,4.722348597451051,1105.8442496524335,39.2822269820098,379.57972806270715,139.04573430376502,108.90832030527737,0.009800526933971043,124.46107057728806
33.33519233416802,52.32013564154687,11.697879574143835,1178.1246437557147,204.88912494700108,224.8027944954901,139.64859219014542,113.50736317768452,0.4698438202398473,238.1301229785097
12.893292786472824,84.2471663666158,1.5951427473753597,747.2598964429957,47.943131230087666,72.6176442726472,121.83906442808882,72.99026129598442,0.29145164764540743,78.0404637851968
9.795399218902993,90.80649337928722,12.49992765347018,1099.7218317590246,318.23610430095073,393.05307988186746,147.4491444589185,43.293227473235696,0.4775506553971711,359.78679499224654
28.010257530831595,42.072649680337065,6.701201744450452,1130.3095487124237,319.3487483294437,72.77623524782788,122.91633144738869,156.01143356458815,0.40469272144787705,344.13487351695784
23.51077405585762,54.21308055097528,9.142927000958629,293.58573874893204,250.41688663833293,464.1754005421603,11.428586219934328,85.99546832655699,0.9319792195573815,388.4005755601002
30.729376972473347,90.36098653750062,1.7999573529173456,1452.6492347683513,325.6423440750185,63.44805646416423,50.29680764221165,106.10976386722122,0.04117729896301581,308.9938143980415
11.773854168909816,34.01754994479947,5.391706636180555,1249.4447259350034,287.7795000365179,260.48962777489714,14.2873855132868,132.49237648671243,0.6835880112819323,347.2733102033808
29.472217420217035,36.0034343272396,1.8006633257152638,386.2768456741529,293.4177300559263,372.595838191366,23.17511562325832,182.83120523826463,0.8510265963017415,456.83102387519284
13.443937641289102,40.58141429840491,14.44238398177609,360.63105004449835,208.00359068807796,220.89337380433736,40.63771437310865,144.4350379166418,0.9592385846504754,291.5547107089052
12.418710457374022,68.68883421824685,12.205293915230632,275.92560381141584,120.99953541133804,139.92739831251995,80.49819648557315,18.637252862173057,0.1776362265442959,81.97483096539449
12.435176544136809,39.78069761538983,7.164674938168673,293.7299875586857,91.87370798841913,389.1818422421724,128.6544804846825,169.32646904562336,0.5313048019661939,210.76776664534648
29.993517446247317,92.92496479429768,3.742236950693231,1147.4265186401747,127.97600727284663,400.77556420281417,130.67534586199514,197.97745287422862,0.043589577317211914,224.59516753360123
25.960324958797404,59.03644427180382,14.035099026122857,757.515959732273,227.40349192939047,464.4396926190089,96.26826019802151,99.7721548205626,0.4991835244550885,300.37394684102884
22.122766468766223,62.59866742276081,5.496650638041091,1196.107841835814,76.97665682469164,213.03595079829574,139.9446314692729,194.22216392637412,0.12545808954098192,139.1836066290316
17.68842307133457,46.03281002735142,2.834274259466934,1144.7568520902876,105.35127809031613,272.87579786877035,80.00872572262914,113.9924610451984,0.8378966746987134,206.2235403784287
31.684414601953925,60.61241640825767,8.665883632582347,946.4577989073102,174.46008472250327,207.03908370919314,134.4650461786482,97.32703921567045,0.11387000260536484,194.05394411328052
18.596017900411155,73.02438612140574,14.184724744999833,1060.9132492101512,96.90653251312314,158.25763805162939,73.56913588648169,72.96690529821646,0.5132883603864953,83.97039260759055
30.04818486573258,78.82651390201278,0.5555392122546774,125.69801413079851,214.25241100630035,385.47516230729997,48.811501039063515,134.93542640833437,0.5210960689927537,366.4207971348653
19.8566425313959,79.00142537614434,3.9528102271829817,536.4887055270308,324.64808939058884,196.2398487077995,138.29780853405987,53.66587989975847,0.9716504979316054,420.31379030113646
18.177499594472504,67.56292232511575,14.10749078595091,992.9510509631743,266.8694906820317,236.94874331648194,64.3109105950417,29.93750151773682,0.6549806940388881,314.18441423118816
20.492354213079373,88.78338537460073,2.9807465194288496,113.08293488074187,239.9207826691413,225.6898825070528,80.47657523822463,15.175049491000674,0.2878402930768019,286.38802400221624
16.137202602431834,83.13151007489711,2.142030048777388,146.16772115563077,212.298087074647,367.8241637975031,56.04048855429481,65.5522214159001,0.24079930993813847,318.08478158032983
28.18545326475878,79.20812745541065,8.767714629097165,1292.6431754585365,181.0228100548314,462.1859880109127,102.79726404070217,85.19645811173726,0.1282482056450649,217.7118502261811
21.573450532496935,33.61435890922994,12.996735437775033,1057.6348063689006,81.56607367943771,346.70778820139356,149.30437150084498,114.89457229343708,0.7565147240490595,200.22549304834953
14.269742768964068,30.447067544277207,7.418092356561929,471.51762636848156,315.25445029086563,256.927994203347,13.57189684106775,65.62246678553123,0.6907566561823386,387.5875349332217
32.28851347841335,43.80907301770574,14.92118172192561,1063.1479761661926,102.01688066423598,398.43435277988635,135.97872084099419,196.97131875322813,0.609877127308106,197.6806728227003
18.365062977076708,73.1290336043744,10.347989643300895,1209.4393367949685,50.13192960079304,334.8468090961833,10.549647978497156,65.43158196582183,0.04084044294998834,88.84510611215993
22.67592725007769,56.72783677736548,1.5740861545514921,529.5119963541417,267.50500914546944,67.8807642741942,60.99190336046955,93.78532380481765,0.7628288663942945,341.1392963202324
32.47474699604277,56.15640685445526,14.896065909388643,150.4523284988624,77.95312632928491,84.00524975266717,33.604952880532004,29.622471451061063,0.6418875771484792,95.87488182345888
24.854425889677785,87.49814773492488,6.414466433312762,1405.8907745628283,142.72567984858807,57.44179427387133,116.02784929415718,59.51903753404437,0.9638888681104884,200.5846338805357
11.15624709912583,88.21158512856951,4.667336740759497,583.2517736138827,29.33402633602331,250.13551005490712,17.08551770600429,19.183106559908307,0.5872021298768121,133.09274769713392
33.37546733756383,89.09639216348307,8.589248161879341,249.07446859858894,65.23242103834787,419.89257979592384,87.48789350180591,116.30664035309233,0.3039519066617081,175.83166315115847
24.94811743292828,50.40207497347677,4.912460081402532,788.5996199504063,77.157198150771,184.01825790162195,51.28965873834377,152.70228979516202,0.38152055218932024,137.75812000318678
17.042451595741326,74.91862782805202,1.7536338532422087,1175.8549139297872,37.955342157558725,216.71368422254156,28.7138348410583,47.184864723852904,0.1758407053782325,95.22040964491009
11.760345961911456,47.65615678283403,0.5207109746480625,410.3062404645828,236.69679568553892,458.3594698492297,118.05454969436971,79.90307818505345,0.7229141822013851,420.0955942002416
29.43868011029799,42.38963914983924,7.018958617343803,477.2860701867087,296.2125726150287,424.9755848456612,40.43835679573594,13.157083078160507,0.7077216600217253,404.8561876770351
24.741964410069865,42.001109727579,12.634519622285588,439.80098151801644,143.1940841007605,345.9221316959776,41.31452968769145,169.5091905872203,0.20065001547767625,173.90374475600643
22.40344948336068,52.23699535613361,8.79857019163611,1488.3422739643495,308.61023731700624,162.7297397624356,48.51074991930922,158.19306973701723,0.1584893231822786,304.5238006909839
32.13509974237586,57.94724528568841,14.988505834679891,376.3652272227596,90.40436960484175,93.839082036684,92.14734693592384,22.018265866115552,0.07700493320219459,37.57846020076721
29.29212470306233,84.01169611857944,4.6592763618844,905.7283037525735,127.37883977520903,47.38705843285231,102.35323043670476,79.32484577087814,0.9119757436817586,216.76142675545583
12.095221752784282,37.792921075726284,4.566598439020802,1395.3704983197501,69.74320770028557,89.2249093980336,12.464353318188294,191.50445663140414,0.23306983369485113,81.96533726776367
16.416495830479803,77.77018008066813,2.816367173392191,305.6551964288909,224.78453448826954,174.5943640670137,43.861749055930645,84.48514065500564,0.34416352675180395,266.4422481465448
14.709206774990575,64.54456942230485,2.8789220298473603,1459.1958770147803,158.55696498720127,293.823429246568,70.3359179507396,109.97964857756305,0.28050450837749064,238.03344683620534
28.086549899462277,48.71644727393951,4.635205642145693,1426.4681281538744,222.38350445782655,69.44003806609797,56.47677330257264,77.49614359196748,0.41362460261079104,221.2952273904392
8.905375737866043,62.0332729946336,11.996180656466144,1338.4007818815676,271.3527187800806,102.66477802648654,133.78389219152405,123.26496374436975,0.7140487993824833,302.35889968922334
23.387021491525545,49.496234535506474,13.633473464228494,400.37912986200314,200.08199529087298,123.29712306165288,120.27922232409863,195.84980637099622,0.8705956337262845,263.87259654017123
28.586384514998645,68.7453270904899,14.638763960761379,987.6770784153766,227.11801711759,330.71176277232087,97.62463017543585,199.52547566142744,0.18259874952854016,263.083750775334
31.672672192567234,58.199854985590875,3.8681999843985633,1165.2480621457362,328.6326037501299,323.2633075308572,57.32593823958557,157.19584582212633,0.6864123437411651,402.5320051205237
17.2362072153295,40.686359390127116,13.27881441140433,1480.4390994750015,118.69122217091822,293.35223413119036,108.09412827846238,86.81910862388347,0.35256214224248517,127.04112274564227
30.173947226144346,37.57789984612029,5.2596987945213876,352.5933509139186,138.52409974920454,155.23065536013223,128.1093217984112,103.94211815750778,0.9805271682972928,239.59981084093823
10.987056897790595,65.53521933468846,2.1361878954948237,1172.436259327015,256.8421093640812,210.71505796061672,93.27625283025813,77.77895234133804,0.29891915928407686,293.07754487280437
30.85421187683199,88.65684716359672,13.115361420042401,574.3216378979581,221.73082062827763,84.4772695153618,119.82460536507308,197.25917968182577,0.007192956007859963,200.53693596383837
11.442193882963526,52.35724962624956,9.723531702332469,345.8770517952032,78.91585849810589,144.17187772870523,114.8746945959647,144.47445810682672,0.5156399740198452,131.58079372168345
18.726756845129916,77.6450069694705,2.888597993175395,689.9277176993969,144.12861230346175,452.944404177387,90.0432235624451,95.29697463236714,0.15073108427593773,270.7873900492991
29.526974876047948,72.81298807108485,6.732553233938537,1211.3702770080629,174.38654433115593,490.6582033604811,53.705650355011535,12.301901320824445,0.0444944268183991,219.34661773110335
12.047770538416891,90.55106943011626,4.665236575717481,750.789725185673,158.39864652956848,337.92340939453555,114.40950212017805,108.89184873420419,0.6982692319477085,305.6526199272743
14.18978767128132,83.36376612444415,11.183521246297856,852.5323402842679,78.83068674627346,461.7387143307733,38.95149129006491,196.9463583233074,0.7322592825084565,243.70267374944748
27.50081934661279,66.82934182885509,7.0745353440518866,1493.2231742801698,325.06193028880654,335.66127418465555,119.12836850601472,109.38157270487986,0.4606990131165025,395.918951226102
27.44098648674401,72.70698238521697,14.844559204042582,658.7530193803964,271.56519135901203,55.27038360851614,122.63653689995462,44.6610702429316,0.6768855167565773,256.63545900604396
25.31098608790303,88.39512032796227,1.2938022427641291,961.5610565929358,178.84742459559124,498.51078909374814,125.10028313985224,14.197811949907223,0.5382394482471339,300.1156455090774
26.7366080006117,55.96872099815076,5.647721358975577,611.3418822615206,244.42013934125606,85.51805877580605,76.20823593698407,77.39371404359973,0.6298011077219317,294.1165814115727
22.653559970385096,51.24165588075553,7.487552423094672,649.8999048601869,316.1032818047222,354.01522866472794,36.947307487859035,184.46333058235533,0.5967039731879612,412.904356845472
14.798574590487725,30.702720436287763,7.795436543850637,1073.8970548235714,64.9374669793185,156.30465341440342,23.961304009249623,199.34528055341738,0.6658227640555924,115.13550212405684
17.333791824605825,83.72581982244517,5.081069424591734,1413.0417665328368,102.62310673330263,220.31131193720165,114.0705750683094,189.6199152142805,0.19963064867317126,143.6698205819298
12.903138353638493,82.06374552621872,11.073983611914736,859.30253068925,199.09141159469286,337.1297250084316,134.07659383417385,148.5897987183088,0.2687066200367002,278.70844047751893
32.528165156007965,36.78954367650984,13.183832565590134,1175.7599005282918,283.67342254627835,240.78418068154525,101.11737023716694,116.0471184037245,0.439963149507692,274.28361389560604
23.751578458685252,67.49572977362551,14.111429878679013,224.88918234374935,31.964115495704036,155.251187108319,30.182408454371743,122.23036781262789,0.4461280094191864,73.39126991911785
18.822988252618277,60.15881038084768,12.17385396359313,395.62125240469777,344.72598956479897,193.84524596402937,140.88550279246036,112.40848172747256,0.7744117115869043,406.6609825979654
20.47415669839158,37.716091208092244,12.83341286094569,802.9842972873454,170.11917895119106,197.1121337846611,148.47428203550473,144.3393679353678,0.36739365922953204,187.6629993069626
33.57665016951901,93.73693475894703,8.482906858989935,128.0164130802847,138.5462764051686,481.2889960737783,70.67300539088907,89.58591307211697,0.16250515605918237,259.2431047251006
12.140487884134165,43.955232685118105,12.475379283188811,453.9969702675823,116.59906448712472,407.3619873247875,93.27554049832797,137.14876094159544,0.2514659704910759,216.906278372068
23.828205464453525,34.37022170588647,4.900806682645308,824.3618057549526,77.53771352478765,250.93243488052406,118.81199280023209,33.106301841868195,0.2147335023842284,122.31861879888103
21.65899432988058,68.66507966762413,6.277942050583609,120.94567755882099,281.2193899469092,131.91762335702748,113.09457060700626,60.48210824668192,0.731660019256022,351.2585991640847
24.509264356735493,78.02633401364713,5.095238700368893,470.3648007164584,335.28667436621186,413.0674107208217,145.4902068706829,168.8405773736396,0.47033961462598206,473.38171451907033
8.488974963162693,32.108823993067155,7.277116363994919,819.6431472662173,156.50276909898142,112.30393693985181,26.083632751030446,181.71229684124432,0.7086306979709834,227.27184370495831
31.54734554149209,72.81664651725643,4.640904435460227,902.408947173744,334.2988292686406,136.81261988532157,91.3014812599928,112.41156513645694,0.41621968075762694,361.416050563183
33.167193627057536,64.59897193684455,14.44336591268948,1396.0523702774276,291.8532130935613,208.36616024646952,106.8703987542329,16.010767270457155,0.8897356025039052,307.83248613955664
23.258595956908643,36.71222557687815,5.036247106082188,1003.483872550851,178.74687206718502,444.9601700919154,134.6137793862738,186.12497845043595,0.9835203077227346,328.8007671807104
26.80957224467609,41.21405200151354,1.9216458026086274,680.6301235419912,242.4286391116238,100.62186757169073,132.37534788054109,143.39220902518443,0.6698425087026116,309.55670050090293
32.90748329178699,66.91832932554523,8.138848907730996,1402.491647986295,163.54477912625276,96.227728713082,146.9199710985806,88.66530551351855,0.8638125572362189,195.7993623919804
27.095443126461763,49.26324487836374,1.3279366374550574,1198.836176742912,204.37872471014228,267.22849462042234,81.69098355127507,123.6919992079043,0.5079332671720627,303.3182940346233
12.118554158685058,90.99052236233555,2.1028759114744178,380.0124895578466,39.15529121610626,167.14884890309037,126.30652135385172,91.65721854385956,0.9346208403539079,184.94357315385335
23.559785724503953,83.21811491646329,3.681146143345571,283.1793058883477,249.76694684917592,301.61485315815355,69.81943913782587,98.41445307908968,0.831586485672828,386.43300915773284
24.381306252337108,93.9318684233881,7.233078623291054,1046.1362900398262,37.43213267976512,247.75287495428282,69.12394289984451,178.4938744752863,0.9917785717660391,174.89592527975404
19.451528125164423,46.87860453177691,6.782138518480904,883.8364318077773,289.6380324834843,240.08118892155974,45.468771026200265,40.606006914251196,0.6230937353277806,327.19503621930926
27.883994361867515,93.03203613186851,12.095531999040473,1205.5430593098579,292.23248672198395,91.50756642401691,124.55322018269217,29.697135741624987,0.7792067402682286,321.32625750773906
33.2279093987634,58.03020153645126,11.222382481319643,1134.327070110161,98.23550489355083,104.88285751492647,148.01411481389218,10.518461457472991,0.5428681399782135,123.33437787677269
32.990349848482964,52.58872169539405,6.681615262865169,975.296147400521,126.80871774181409,417.696145625551,45.8878419686161,69.66007136630407,0.25912010427142285,228.99463696665288
20.172663027911568,33.27271925300796,5.338711009846634,1480.9350402804491,178.8324249242368,447.5060592830024,17.858422322950126,38.0086156320412,0.35475517112975774,259.9089090415286
11.057427237700391,33.42974176087417,5.088797368891729,847.0256221545721,216.8987592877189,147.9544251272151,124.17594123866103,51.79724407624112,0.8940054147313161,295.50274587889095
34.59071237198303,74.98073163653255,11.72292876576313,258.3480591024078,114.82670837485892,92.19183070139377,96.83220735486586,12.135406706421616,0.05594794659862057,112.59328530272866
30.65024833404022,59.76538463821181,1.2550498902084113,1259.5829907423838,215.52051352853528,64.57166908987489,144.3578320771406,53.16712879066361,0.5914798860744082,246.3577865656284
11.365892392488204,44.723905692346875,0.6859139179037845,452.5947072839926,118.26973416566862,319.81690232127255,45.31349067077331,73.21520056715104,0.37248403250410866,215.79205909229893
32.86273083066905,69.90806991114013,12.035393682936396,1188.2230074014856,38.31193795345003,369.06247775009456,19.94387212017935,15.997824317877452,0.3866925380055557,75.44955738428034
31.487201775677462,46.435777686257225,7.418622451841215,1439.949934400072,20.834091444529953,211.49259503347454,78.94191652131022,125.50178361645806,0.8845712064137673,121.31723625986689
22.008627542403946,67.54606403238748,2.3977765090268517,1075.513719550078,53.37984911308144,352.6508990456942,21.96524321512065,118.07206628791401,0.8538223745462266,195.9401982549251
23.964436765113092,53.34856855387487,3.915706051620268,934.4422253297215,281.442731054126,367.961055157382,46.65060015437904,28.436797916885762,0.5988423755724687,372.1634324400948
18.77307300449352,83.53089472976824,14.021307319912047,744.5406459450568,337.27233308650125,470.25744944257644,27.63690051468356,123.05185772849619,0.2729188474043339,365.6818644129531
9.478564248194846,83.34525044984065,12.96279314656102,610.1738123935645,160.89884576280235,69.84187340414934,41.37850515241102,199.74424453568676,0.47545634616202403,180.51362379364372
17.050325524439323,61.02777587795609,10.791883228247602,594.2066513605707,189.18570463848113,128.45419268629672,24.860251394994858,189.44910103419272,0.40829339378921603,188.72541221164886
29.677043112146308,52.80324210677601,7.492265839891235,990.9217879934268,68.45989579423062,71.52195429461455,143.54683991981994,10.507488739856027,0.3536180292024953,57.53609266544812
8.125064621124277,53.56638677634115,8.044692579775093,1151.7823637128442,201.8403463844518,439.27720933461086,48.99877988296297,161.12187915276834,0.10278557855729642,282.33786302624054
17.00447763566089,82.37144416843415,14.6410457616174,1049.92389727818,67.73611766230235,404.59009361544156,72.14566203895916,77.18500248493234,0.5431138867153203,160.57128020172468
18.75055472695547,51.331666381844784,14.503671436322163,377.77414167098783,221.7007292956139,304.33535248604596,135.80565306879112,22.09376036357921,0.3018312978744836,252.15511850516205
22.509681279323917,43.588859290944995,3.621401163894597,791.5820522008877,327.97536030168175,78.48516862354425,104.82502231460641,66.23681060607953,0.6608079429275284,370.11674977669566
32.83610164314453,35.504742221894944,12.261016211427114,1208.296101056288,84.58051797000307,165.72368498071103,96.52524727864841,71.12993809946283,0.31920393582553075,69.603148980664
17.351341847880953,60.335052857486545,3.3600186594217436,765.9857094646787,272.30602695884363,176.9511301069178,108.7788466505172,109.4164054687208,0.43116349313480173,317.3969399799696
17.367736451198148,61.33858642978972,3.5962934293172952,851.2725916296914,27.755799530046936,297.94187016709185,126.03511599475345,135.6059157810824,0.05236037419440753,97.89364110752416
27.912533698963205,84.65906617618896,10.303348995386363,1179.590467439151,143.91408963613492,158.70019125688913,132.87369749924653,152.32056631959753,0.9925380699054777,207.676578484543
20.20988440402479,44.38051526899416,6.372515929519452,1025.771428771128,56.547007584067984,73.56153739995924,99.96955389310371,56.72157808702067,0.5076103832751758,86.35700470945503
14.064330219379514,54.764432788445994,14.007393903044543,673.0828892353496,136.3168957265808,376.1506588525177,134.6010184571681,71.13640834721443,0.024237594164172815,161.99486897937828
20.215866935582724,82.5463730280899,1.790641155992128,1353.5777956719064,77.26718348083156,177.57689736148922,84.95565383956676,68.59252430334969,0.5412306587611441,135.66229668213592
11.803139550254595,83.53553469868328,7.917121791737649,327.59389612887,143.19064674055284,248.0921214307183,48.82071987757928,78.92000494296653,0.8703539993056497,281.29721822881356
12.76244863566803,54.99971993861993,13.818562191425258,1493.7230280264546,157.78252601548502,98.72665209186046,133.2107392437382,199.93469870170435,0.7725521342662026,190.70159044033016
21.455929863965952,59.843061513634254,13.609648076952825,266.39360986673205,119.19507051770306,409.1722195615066,85.80619583783219,157.80922753721092,0.7009066841294541,255.22532809003158
19.310987136622792,49.71358290520339,2.7696735945282476,120.92995954593447,236.68524332613262,300.1446633850665,136.8592622594128,195.24818840105243,0.1394646545990349,327.6431765719624
32.7008393288387,90.61606709725528,5.816246651398619,1346.0264616082707,323.2211769154402,454.7293880565369,15.623493953081372,141.69110131394086,0.6577370789874724,437.28156051812925
17.784635276149096,37.71184477320272,9.477260300677095,442.93491171233853,152.19647345473987,267.91691901005333,65.65220521577297,87.19143331298402,0.7662983780122603,254.62284709556624
23.67588545750717,90.69371249509555,2.8112258291853314,1121.5794784254092,83.47324163675708,473.0558090362247,142.69270257074555,84.05139488912523,0.5724190639654966,245.70103450120945
25.07113577382732,74.45131936929731,14.53632149466321,1235.421524904897,109.3385102046745,450.25937401540995,44.95101298616238,102.83041754525857,0.8927490045203516,245.61602352697943
8.353550327885008,64.55218992463753,13.763865266551075,1302.5809474449636,301.82027175380176,305.1715339712476,141.81507444538897,89.2052588392431,0.2769897817848854,301.92166271148744
25.915509044451184,32.12283895099223,2.920777595999803,1488.2319299298333,208.6411086791488,469.5909815489371,143.546344558095,167.3819867576217,0.24214469973925057,306.8503176230592
12.806971105483289,60.91375246843054,2.2567541882842885,511.6555940559987,170.1536406612959,188.62082375549406,133.49992399162053,98.35038247507164,0.869569744942646,307.37042405296177
33.94889857167529,56.5036268251776,1.738423000719847,1094.3406786981627,69.38011809794581,208.1953948439372,88.91352631306182,66.16672844006074,0.6253982429914524,143.83064077053092
12.013893649334051,40.47922277838296,13.686933128531152,261.5598015931595,168.41001174684803,60.91985760077699,100.57152287128939,157.22345105236386,0.001447220520999326,144.23924468036952
19.19485134062964,72.6666242275427,3.3075452420341813,669.5330078995892,111.9023611079376,311.0324171113724,131.74637978298168,172.33987778246498,0.3531314085110525,207.57458994985316
10.304441038123384,93.12480897893857,6.536131463893144,1287.1603706376266,331.24383219160524,372.08502616730937,118.62559153448582,89.88150166668576,0.8578559858146745,454.52311139831545
34.91560479984058,66.54227271919413,7.008344801954044,614.7212644827517,311.74313610719133,395.81882751136743,98.21313892375763,136.88362866205108,0.027319511641743288,359.3832143812083
21.55926527894355,76.45896296885647,9.18566014109673,927.5335327498597,47.68783880330534,108.91549158120752,147.51631710189838,21.172861438777904,0.003247928261508881,33.26358153253402
24.075395467641183,34.44927941679109,1.540162484337662,805.2828212144877,190.49565145621014,244.31317326375014,105.99472908671717,110.59832187457866,0.28125929052512977,274.7577689142091
9.811064889487541,57.14835472810466,3.7879999523074814,1004.3321435568631,94.26925401984178,121.3570775632012,146.56747894268656,18.546416171646527,0.9140000370092779,185.8239191031325
28.2489327007778,37.56330153569223,14.006610610324428,1462.0521451427728,155.5564395430159,344.57858047295446,18.034386444992702,15.546259693948933,0.9014775814700163,194.1741400023845
13.667451013580816,69.83172930987317,13.671946555394259,178.02973710196295,309.3598394229806,112.65533131401334,29.454451903909742,126.45572159932041,0.5187619458015079,303.7001921584693
32.24746581489927,91.00134028392006,11.828714387382536,903.5461245022816,194.0797915632198,455.91529461979445,73.20423844006868,67.63372265504756,0.5532368711396226,277.9101636731729
13.538770293014194,73.0155526106565,0.7813180614641237,1308.2402909503987,130.29104681235074,146.09193700425016,63.88312452380412,151.08206086653843,0.3320080113171888,155.40977954805757
13.148568457918998,34.9921981404374,5.241598143193481,773.9357964477985,88.60315685464903,174.04504249259261,119.58287778998388,180.2556865201925,0.24373666202780986,159.3593417447837
8.986841031898562,53.05330332403038,9.605401662472163,209.93806031820196,284.10720360414143,431.4169081894599,32.485963705688526,36.48432300876664,0.8152218542121182,409.0785996972305
20.74580751796998,65.79311966365535,4.490258070715397,884.7550933834792,226.09094507023457,250.89510066703295,146.6533250756084,147.65933932999553,0.10629486049964143,257.49159930362566
23.25071059809064,56.20850414866139,13.68900707827977,564.9034471533487,174.4616019406563,51.03813506803359,54.10922253652796,107.75879967478522,0.48735437087863576,184.9594144845085
9.774133264565513,84.1868606808862,9.691397196570406,316.9184994731103,91.76983677478276,267.50967555321705,70.04931908362232,31.302657530912782,0.6343972594970845,168.75389510633147
28.939245650765287,82.95361530614929,1.5426474010884612,1288.6483185968623,130.30130347185332,78.8899342748566,48.464304541603205,133.8025952313377,0.10368029037102922,142.10744853804334
20.238798538196747,69.7690163067094,13.680581038117694,830.2393181875702,336.7483308237111,493.2585705961629,91.11090642571662,125.79869259022983,0.5196070954723462,411.1059540005693
22.15853727184466,54.27476643362584,14.387616543555227,1406.5869773306933,191.62967940992533,310.5313224095771,18.208018059161752,107.97195480614869,0.5775212879124432,189.59988651682144
19.90059416733216,46.59686429461087,1.6268300666800197,1228.4231064442968,152.23076281027346,158.00500410105008,30.95485077986283,186.02952886633503,0.7424960605073648,223.2945357478754
18.8206026436338,36.88183068385341,8.219223405489066,1070.1605112831344,192.0692739749469,299.31013259190416,114.41167847862138,109.00514225976313,0.23483604914753287,224.56940960065026
23.110288945321884,53.068349426626014,4.898782092105471,107.03570471143671,277.06620694687086,75.35886755560722,36.11008167667255,198.19787193554038,0.2933275032907583,324.6024663083739
12.191486640129238,56.85621361850177,6.1961666089803344,698.9528392935499,132.2359490459467,407.94999996365584,42.9720232179328,106.75347463114109,0.5695211466330334,260.0392033333896
12.91205952337232,73.92849013176479,3.1049426603524575,376.4807943128452,78.97301990776091,465.65090477751534,121.01751300147728,32.011887277259845,0.9831264099816142,289.0778327824475
31.268211767364967,72.78038857934227,8.882045479179983,1375.117075468415,213.02891905188577,442.2444185748334,23.062164970015502,99.38953770425577,0.21749318282011443,236.35400151083266
33.54511747760809,34.5570290766817,14.390700622108914,344.41757854690434,239.51735414875216,197.2084970573389,71.24633518791774,44.64246488546354,0.985903827123464,319.22794507192134
18.07935153955333,55.69185550302525,7.794552703938331,500.4840723229997,255.19694097632137,189.8533350359495,13.228874179611779,123.45536219131118,0.7143425330544813,326.13771377328806
15.310106174875951,41.81562636912852,1.7022614302199768,823.5714748282988,311.0559049528228,56.140301159497994,58.55303590450654,141.69511328678422,0.8260820696300232,374.96579480492363
25.387987667453427,40.19282584559237,9.49001933542242,468.70906659731094,142.4874598274073,339.6441650024217,107.85739636550562,99.0027029543478,0.08964126823633922,209.2539288502495
19.035822619648602,83.77463973292097,5.433233419543227,393.8105481907696,44.86711575553429,286.0562007273057,22.614459160411965,28.563563859798165,0.30042018743063226,140.78061686990446
8.685431602829311,32.72448908655674,12.910915249073819,938.7390551438534,336.25503259821096,251.29933081057703,134.36684774902642,99.04186573087506,0.05773627965098105,329.03173381810274
12.21612012888714,57.24688693363788,6.802833150588818,224.5013318570334,163.5539360543668,457.5102385339652,137.32986601170023,25.476300799536077,0.37154699500317523,280.41676318468063
27.331250178879735,40.93323762482368,3.2961743296625614,181.4348622092946,225.67497819213332,117.2242944981093,24.698652517518912,139.60393154624145,0.9812896599200519,323.11689469050964
25.790946431574085,87.15646401910081,3.271031529021602,621.1434132605,239.88075663233644,44.44648267748387,148.70254109260873,160.16996272436663,0.10527306220633847,269.34520969409675
8.731591797594055,66.20763336287729,11.647080620456826,1108.9302363110073,200.34952387139717,73.7255679755521,51.65413747536845,192.8522621731374,0.5623727823711995,187.02851295553384
13.993248372189635,45.03974136449512,4.351020175456719,876.7294615835272,87.73498481296913,142.7508614005897,21.774233958424848,38.27240035440672,0.006070622813812321,111.08237497205346
14.239019507877927,62.65777366581447,11.624884215308732,692.0270558534904,269.19720653832667,55.3113526611902,10.709396029616718,111.15986375132779,0.7126828160440627,276.0519512955009
26.141104077165668,77.54661338070252,3.485366006115691,892.0521899144153,285.23815152034695,271.30810689584234,67.19320540694076,117.83209983172954,0.19719269237204107,320.1851002885312
8.532184519367831,92.2776705797632,5.164452346168987,611.6320785145831,202.48194338575513,184.4816094074459,98.17339799885647,185.27054141838616,0.12958453712476292,230.1129243124938
10.810931713583493,44.32899027595223,7.249561100375641,1410.6048696049581,181.2251829929977,123.02218371134103,56.50509498646386,129.1825617133377,0.33701781216078763,161.507210183784
29.597734305076113,87.60181518840744,14.176339820555036,176.86684727508407,57.59960043223516,385.0386744763846,127.14043116644719,37.64683267261101,0.7710442979389815,182.62281817758839
12.820705875467008,90.72976742088687,14.010105658930458,1042.7480706417691,47.70404829492867,134.0476100669638,110.32487857910701,92.90675155300595,0.1066130863112108,24.255965102490286
25.624144912000617,89.5673353945843,3.499642193623173,1347.7957307588508,132.0563990359645,356.2983464571449,59.02261447552458,134.4048804161876,0.22983899579869538,193.93642365217278
14.430935088261617,71.30193319602414,5.694176098024555,1225.4385922293548,122.57923132073978,200.6618566899139,112.80335332520465,143.0540420931665,0.008464421617309537,134.18607109343236
10.684917604502319,70.938342538256,2.6662911325796985,357.6574487500254,334.7066288178795,275.4407699047751,141.66828317569497,173.98405973220898,0.968414862695618,473.2626234232169
14.565649156985259,56.208691156948476,7.894783650045708,514.2968885724038,278.59550500633185,469.57883833160713,23.033439796022392,44.29635277043546,0.5921455999888638,398.66102683795856
27.501207160102798,78.90586234974622,7.178446985072665,1103.8671141899467,237.7750174354898,57.1817520152739,52.854554422066364,190.7930078835447,0.7198996363846994,276.19605596867706
31.103804638869715,64.53411119281057,13.56102235553562,217.97878285307175,190.82386937580966,270.12167343963245,74.86563147633706,21.236488282962526,0.6513831711560145,244.74185813070594
30.415936343308772,74.03347462983913,13.985077977970553,1236.6063797656177,75.23128513979495,433.03456175070437,79.7186178856676,196.9148055680914,0.14436455886967436,112.67211453488113
18.723955299698282,57.849763750171704,6.061727169605735,1106.4697224467063,342.89070182081366,310.4681542503603,85.90739028405031,172.97574764461763,0.5949399389939941,420.9221683135739
26.038298687407448,77.54727016280404,7.630200173775346,1121.4493089294797,143.7634304192693,167.36043780397205,52.087766915410796,135.45182872481254,0.1314155951412621,143.51199951018913
13.534575976227167,83.5906486442957,13.49542561261893,240.33791837462795,55.28544880759078,222.93332216671578,103.41635043752888,149.6491450502401,0.4012364539631279,121.02011886656716
15.914988717047358,39.51835667918305,12.19726321230339,1104.864762742723,182.9536355861962,352.9221892151443,100.31183049417616,23.811481124571323,0.568963135925293,237.68880237182847
32.20106710007023,84.14043151232482,0.5530165144974145,1051.745375307958,308.41934383231745,449.7734713843494,90.89501087802594,17.881173949945953,0.5588811141021559,447.8650883119962
8.351051934789872,65.11927456636997,5.140863680661946,1263.2914871505907,312.8060305865187,58.89053192344133,25.92664103952273,29.33550134475945,0.11907342598274095,254.04457242721955
10.308730333070638,84.90328409086459,6.615726508073825,158.2343387590573,23.618752298627594,72.90785806957315,76.77550475343223,26.598364786186178,0.03443596964652218,1.59840112162291
13.612928888942736,58.034610912165945,3.83088611340686,132.35493585490906,312.47759576796193,189.5237008604103,59.871764248512584,114.00243435919268,0.7982343138738138,431.96824051549385
8.716369504593132,54.63763154989728,3.393788430491112,622.209939829985,109.58979177495331,147.07865484124034,78.74538577733716,50.934357551239934,0.7259224369960053,182.0273289071951
12.898756747424528,89.47894761361945,1.047875345637355,308.30359738881407,32.86088010957961,161.86820766230676,139.06130097210365,173.43907106927804,0.08181890456473806,100.47532692523711
23.74212214618169,46.32600239064608,9.828861013511528,881.7382685983107,299.77078921974856,141.78419936790522,77.27438804217716,94.69223838293371,0.12741551880155344,270.6182856379468
19.378462865997445,84.87380114359931,4.306399212005902,1384.2884621094483,305.0760294761087,130.07952247337255,11.957310857531658,142.14699052707223,0.8925837763896203,373.0689423931617
32.102136199078316,61.461337213111264,1.2590340872540398,648.071622467622,216.7562563479755,100.08702475987423,71.43714333177833,134.04588766433037,0.7691289016217799,299.78520993409944
30.070976166937903,63.41620376583188,3.849200002656923,1282.9305281816457,209.56313990779827,469.6189006258095,124.8907452069135,70.7720773966449,0.9961602962166741,372.4305913094452
17.22906849584265,50.050438296816466,12.127752316123836,100.33722432501307,288.3296899650684,106.32715339683041,119.20852925054355,56.20183896988852,0.2539874492050217,269.8216756764785
15.004432702644898,67.24774304023602,12.846593133874926,335.9205008428579,279.48215239439236,134.02573639214665,81.87461029394534,75.06669420636068,0.4878029888688149,310.29282132649206
18.25169502051621,51.13872775795373,7.504460555302889,142.59295551571986,313.73480623609237,153.28223303116144,44.96766180030414,161.36509103146912,0.23645957606235568,338.85991771959493
23.93796344789981,32.5525119257074,6.533024720925949,559.4060527210961,202.40665770691214,469.1868416399934,75.11241280803631,121.39260119972751,0.6228001384773098,328.3789766653796
15.237718302217658,47.679909347383145,14.678878555775835,1371.465433975104,339.3235406018269,387.628501456499,88.91831071854683,58.17234587864331,0.11541423909131798,309.7042990189826
24.852020511926618,30.414637821428393,3.4081875640270134,235.73297303858286,348.72845420800166,403.26173794513676,149.98200135837874,165.39082418148175,0.1272431727430331,443.8881902790352
19.05411460916349,93.59306115869569,3.622709601391823,948.9736874413205,58.459721299548754,88.18879938770911,100.18493262371283,20.404283360958278,0.07188789140512264,65.95294347757418
22.905273883003467,92.77356863828359,4.7320740670277965,732.0943147672218,300.34944065286027,424.702542507209,107.19709020876589,142.84484124815611,0.693586082264167,453.547713595973
19.775416286653552,55.68509433569983,3.004981115075766,1413.8554973121375,184.94134505703437,227.76881763601227,78.80358009952727,93.42915309236906,0.49407257743320676,247.46597639078297
15.950575507631777,77.34410553207698,6.0008011739607054,271.5267995519314,147.8968916389446,160.8985920576988,59.62853710955418,148.94517335251876,0.61773121635463,224.2333075484648
33.60823928797823,52.47739639667762,13.70709629135143,396.83899070312054,222.31386226129595,304.84503841934287,123.81341771060885,186.2176432462511,0.8793010465893589,325.6096673451756
28.617356442313543,73.62105521058845,9.422543689114327,141.35875605609058,38.46863389646232,418.2041366756976,79.29052540749306,152.50647860991174,0.7403284847553586,214.7089728658157
11.783055745694218,82.35295279798865,6.473224954877823,707.5093494839233,187.13216919313635,398.1799894944583,149.25661819503352,93.97341750916264,0.461722918166691,284.7280741639792
31.448635349243645,91.53915590499565,14.048956521282614,488.966059390516,307.3938881088,449.39884198732074,73.99688039752617,38.68537948763734,0.9843559883942264,422.47311169853
21.16064235273687,56.01379793022868,1.2027313708994236,1317.8683074464493,90.4423003258597,466.9408055671042,19.520039710660832,163.2066854030324,0.45625610114197324,242.00619506063205
32.15291012614047,80.9143688921431,3.54900457957699,946.9171384768571,160.7086652739103,149.53615285676477,105.56093919261158,97.5340501150606,0.1124506732335332,197.56694540174246
29.59609191057751,47.28534929108772,8.705384773975505,959.7270331659823,330.0286929459089,234.97463131786498,16.529803129613548,24.30934145685466,0.992654747252716,392.21467469998083
19.480764620669305,94.37159974658714,9.425513036301098,844.6749756338235,161.4260664758801,46.729128034332206,45.07022356385846,146.62052557760455,0.0228207300148473,121.26773938429204
8.60667132464317,31.675023919682825,1.0735838451578905,228.5904721208814,138.26131866969143,444.4879632619276,59.52335538918647,65.45187352415203,0.5498835594877521,279.0095012114013
15.254288703393545,69.22937242257287,6.344061989653417,723.0261572154974,165.37709388071482,111.10318967839308,113.52770198698587,19.288763605985196,0.30909548869970926,186.62872556136924
22.624123795843406,72.86788880733627,9.912732490047654,1499.3072655919232,191.4194129507936,436.2784136776394,79.1930296970658,181.52269284507477,0.5035521510169848,303.01899525359664
25.103911935305977,74.72296120981838,10.622022922849323,1269.3210071844208,228.55714356338473,191.51816811383432,14.010430383435926,101.78920749784291,0.5587129525945216,284.61770088866587
14.962967506696462,37.82519262129078,9.753028586485904,1350.8426758339622,284.22862430252127,209.34145139132357,96.3589791786291,63.38260010287409,0.2400958962784876,273.47405071975874
11.762613999966252,91.00443592575348,5.148166753233406,1252.5169029450992,169.1937279022237,58.000837062575314,67.60107323973273,146.1134459981332,0.5568587557372618,200.70869393474788
30.543116393581077,41.77691313825538,1.856041792169688,244.25837080337575,289.7687085797463,190.364243292047,139.056831395395,178.3214517596871,0.7560611120055375,400.5043283373547
34.5788588789959,70.47897121058966,6.693130473080345,418.4275556907195,196.12781824618662,448.6472940885815,79.93872355963296,10.058344256413543,0.26650983724399835,261.2009806018565
22.193634922172517,44.47394514300052,2.3669393418368045,104.37031189897348,131.69856842143264,51.751804515937906,109.25652043150745,140.6919151580092,0.38342613331390707,196.19838980791104
12.635340717904194,49.96906710638261,14.240543048549673,524.914174829356,237.1237732794067,226.91063760149365,40.64158892613656,155.73222186350006,0.2682426931640579,280.1876232210268
15.352297816022961,65.51980521232808,7.38997755732811,252.05036328508962,256.8483440653522,54.44382971386092,116.53629903443145,49.88621118310367,0.8205597309882025,330.3457573085209
8.496548266781602,57.117572206697474,5.100258028174579,761.9106834222163,204.1561619577309,210.6247755501699,110.93374346771412,103.02852796793314,0.7249822592095967,312.4001083365935
32.686067777133474,40.41466406347291,11.611409031224051,1047.9784840034627,38.68294113445873,119.41469475893395,136.57143919578314,26.964320794407804,0.8711964372184073,89.7395986604921
11.17927923803381,41.11086615735514,7.720254592442826,1324.307413053308,76.0613488030722,156.02046090345112,14.73502984068789,151.88247767791603,0.17004989290165928,81.95017504854462
23.565944838884846,57.17941123058198,4.995493348180526,1148.9040311272574,114.1482478937753,443.69525165425273,72.65009766644316,171.016643527037,0.07357963815975155,166.70882036533322
15.399490958554562,79.22339358790754,12.273532264666624,1414.0198340899074,113.26644996399273,240.58264148606986,105.08175638354822,30.555464891685514,0.11938350385867336,108.64822250070165
22.962806067926422,88.36770204510626,13.073706189516269,175.4576065513043,242.2288640814673,165.94707604487962,23.3229460112301,165.1274481522386,0.1610183328242364,236.62877940993113
25.588350485500335,35.468298046859886,10.258618411185816,117.05176958315802,26.05505835229875,311.095653857252,67.48456940084773,156.5983323920614,0.5330826606748024,124.75962821242294
30.403028700094445,55.55175399136107,1.1809841249111757,1025.8733593706977,269.3749864263416,105.3692015229879,141.90052442926736,75.91353087047048,0.9709120703627648,358.25086467152653
13.573374337536286,36.51596164198698,8.711681762414715,505.0933743111447,107.56301668628795,159.32013941359372,71.03082872475795,141.1550106873808,0.35723541661678204,142.04774287144366
8.296887373778972,31.07851124111886,11.567776223960584,454.9014225480824,122.3072092513138,291.27406509732873,147.9566696872884,10.009143539919233,0.9585082693602052,217.45418904659934
11.695912011857796,73.01171437185718,2.4792936752119417,563.2419227713119,194.210243221495,149.26059925011168,17.95746855117475,187.04155434853973,0.03820079498917972,227.642540397409
32.30050332989884,69.1592137278282,3.8157258950767488,477.7144810493098,91.25544830985598,352.3987592044017,110.49616865972477,114.57281470859084,0.9268722028146583,259.74200684288815
31.59503209418791,40.5962423979676,13.296179023487978,816.0109688222221,311.8755334799241,266.08599903938034,91.34227307475773,127.86438417177989,0.18115260730497118,310.27168206944754
24.130153758598325,45.197834151049165,0.7917649668695735,716.2078261137855,48.171697177766546,395.1149723171578,80.07555479849756,136.28528857242873,0.9124749857193488,220.85806616357374
24.213955231708642,31.541003986893696,11.414543498476652,817.3999719273188,166.6461795593514,476.19248643233556,145.9186362079013,116.66011327148968,0.05622743011546116,226.66887422291083
25.955990212748898,84.27156837013624,7.369712741459132,1041.7990561006106,300.3093489201137,93.27024909980756,28.15105606875801,172.785138632498,0.9482194474950326,345.2445634742206
12.73502452283314,93.35488874315584,6.9781963031742995,641.9827125596076,223.22848515900782,193.94590459289063,135.43985323532786,125.84334810879335,0.20079826431886083,252.12345740441324
32.689122539973916,38.8048698916549,0.602899721175864,451.8307619990195,116.46874022806904,186.99256892406703,106.77365755912544,182.47439833568978,0.3027140600731607,211.29223161326226
19.306804172085975,45.04588889474438,12.381274349014145,332.6807515322437,158.85086856623204,109.54414289513696,46.25945026194858,120.6430082244617,0.4909423441029581,152.97857292540226
18.34474026273643,86.44661905655072,5.717461059230214,589.2637673456757,253.20914551302982,412.7394431733966,136.23368038852107,42.513260176307654,0.3807208812354752,343.51120082680103
22.010778042636613,90.22014686715201,8.341101653857873,1138.529065344641,341.1760453100868,389.5442038578434,70.10128850054186,183.57688560946755,0.66752796926315,451.95005793431744
9.268081102926486,57.27577988244267,10.320859951867062,1159.3868741560575,314.73577706521303,262.83571658382357,123.99182593022992,139.5092246883576,0.9748077672500773,380.7852648962944
12.489650956414144,33.29046069748982,10.68812885834978,1033.6675413578944,133.00282676618434,287.37455778552044,64.43711238663599,142.85540894275567,0.6064264908049407,227.2717608728369
27.926907643512003,32.56046919003326,14.361710852978048,427.6394454296244,349.405300164993,67.39030348114828,129.13031584065374,197.24153260860433,0.7214854094365493,384.2726005304774
10.235564033978415,67.30674129448568,8.204429321930832,923.3207441965768,21.15653896524923,295.533382070441,99.12807658230682,24.28734529982004,0.0880052503057015,49.237001061945584
24.285106955592482,55.538182078056636,6.2959334891292,898.9655262075871,29.11781941677698,404.01710104903276,29.7465287017218,91.43259534808256,0.6278124290700053,144.7550465798015
14.624425961395666,31.862407792547543,14.328702584129765,777.9726773536157,291.86737000649396,303.9606838485743,100.95284288573386,55.428124667456885,0.45384977704641316,315.2910511389785
18.510981579133365,67.91140550031619,9.810598407870057,869.9705809374099,85.82268665490716,162.0409302553927,36.78826677826217,129.78102829559487,0.8857823579196283,142.79753476956034
15.794730892808897,30.73466487828646,4.823180166010056,788.5068856731353,40.05385857075949,347.07220527379513,67.66916790518277,163.29421991213366,0.38821109964310196,119.705635232793
17.60316334455363,81.17917727970274,2.333731558351782,891.6389125037515,98.25886416804573,206.28467778401392,33.84138179528472,193.5990346895584,0.6794541440499191,207.24257954949428
27.41423943997463,49.91813347571915,12.717040271245128,1101.7083364695802,160.61305081368386,290.64171077143817,13.082256193396603,96.37326032139681,0.2281537282590791,164.63229799214406
16.022286321825725,32.61677019560009,5.751633240515198,253.47947216481563,261.08686924302356,264.2800671083054,39.66411552299405,159.3814638220948,0.259372533524196,324.8054571009533
23.292925288016225,68.24289436390497,10.076810959784252,1149.4760530086332,226.0307237618978,215.34050044398285,85.0920833213776,184.2398024876721,0.3761224309222736,247.16718681785687
20.85336085937569,55.84948693814856,7.326838080805523,290.24061017863187,98.41500179493875,370.68387098130216,77.41853548882844,139.8318321818181,0.3040635375065027,222.51266676103617
25.9191214647915,93.29702686821472,3.384481807028056,193.27919777452456,186.07924787319286,446.5830115135056,80.20959337504891,56.11918496545653,0.25387883939007483,289.7904711701789
33.29440296176847,65.37291306274065,9.224455824996744,1466.5115607100547,325.6506547815277,42.397758499385475,44.67616298252418,125.49228871048037,0.049668705900809296,234.55773811188095
27.77944662467676,47.89054676740554,1.3799044997848937,1439.788476418618,288.95256640464004,469.46359884596893,105.92256808598606,194.29088908526546,0.836746331752459,465.22367738810266
13.803390221950433,76.11352620120836,6.493465668132287,184.61116291678968,126.65262899449182,275.29696259828347,108.59686015484841,197.63522748369743,0.06430153089128432,185.73338488924045
8.841944646654687,47.64698016527623,8.425916625123229,720.554818064947,344.1473052473798,362.33666496710197,60.115495578353176,132.04836650618785,0.8873655156029676,440.2681096327447
15.081129196095278,88.77581394149173,6.822681124719397,360.7429136196846,253.84473214359323,433.58730044090345,133.3638123863844,178.52767399567796,0.12546538906806026,359.75015622639967
24.06710412890688,54.356928082979465,11.355746541139368,779.4828559881853,40.608287370037985,254.86769846456417,100.1632503289767,48.066379131234534,0.06526173706265903,36.20432038038805
9.38849696407476,65.74145658045333,12.504911840907031,1262.2481401994223,31.603035385250763,424.08807374784953,109.82549853620844,56.75493494092119,0.5630047639806971,117.73396543425662
21.40188867443338,33.287251748574874,11.683024573481081,1430.8564846400463,75.5746231733099,121.70511694939302,48.827588511451516,191.04864644812335,0.5024417925747218,75.38209712997607
24.114756920756008,57.697880466895,1.0627877432711306,987.9537148321523,260.1924364565484,113.21706586071465,10.085628921782186,35.6947213440135,0.4912345688318851,278.7408636111639
17.024585052057944,84.10363007796468,3.314867171466597,595.4679340965438,80.63384552800122,342.43682967383063,131.15258569429534,46.310223237761,0.5745043275013978,182.33448296018352
28.81462950113719,82.36717234861723,8.280808884324728,944.6557919024377,188.79063383891506,440.2657825537991,125.1394138411732,89.90423383280982,0.28705660611915573,279.3880581303436
10.87815283461184,44.580706325479206,14.054919586435117,536.8018285518305,50.775839659674475,450.51604166657813,27.246864325996228,122.02101467313656,0.6629492734296112,147.2506353652802
10.028720106866837,44.69513961568657,12.606873238255695,1373.7530971648846,323.89243208396437,336.12061085353344,62.37471889388291,124.72527160397162,0.5024022197071832,350.6535049728239
27.66109641749729,83.12484529386039,12.716750371101124,1318.5606483481718,133.5070024825773,281.725045896286,102.58750317440156,65.47544164645723,0.33474346695732526,145.78855898143217
21.37826553756736,90.47589731100615,4.896518809515286,881.5244503915254,319.68357866500816,192.44082034039747,101.29552001062194,184.91664061056616,0.8265006669807281,415.8879768311572
26.586864703548873,36.19845988274523,6.726994507641187,554.7184815325047,331.80896183047963,490.8001911756924,130.44904687319791,183.8689824454939,0.7277210963267101,487.63358651620143
19.740338142301148,59.25381156270464,7.325236236081093,510.7455458161697,22.02245361351466,187.06001586647523,29.637542628959995,84.49293007995077,0.39361034194462197,81.42788813142191
14.652854897455883,51.934528132674885,2.781887958573701,146.78519258708326,173.16461177558156,382.32560932653286,70.19156468991663,92.51543619175645,0.8476177852288728,335.64859747734755
30.11576257720339,86.59474960473355,0.9504878885446166,1242.1491914354133,28.136498383274652,284.71162795630033,23.61141850969947,143.47445219654324,0.9202582501117742,202.02163466967616
29.58422873216244,35.42911945420122,14.230092042177494,730.5364982546112,319.86861287995896,319.9156775616595,64.54333478140794,135.96922031579115,0.5368662670843625,332.93382606309444
26.756804713069524,43.723186266272435,3.9903324921208476,555.1860997603702,191.07448976241002,221.00105327076804,12.115042382278613,82.63643284258285,0.21495245015692077,228.87188399278548
15.347918705208993,78.91044194312212,3.979259103992654,759.5544969968554,44.73152419050395,483.81863771723397,135.75822911541778,88.70640778899065,0.9157921565469869,261.3711314431135
23.936228005465352,33.334100183779015,1.7089962796470133,1246.2331866365128,56.39132033126707,302.9738700056647,83.78615955601535,76.1273992500924,0.18947962009551722,131.46106997749916
17.746295217380723,62.0147997464288,13.963362403184789,274.4598907905297,146.55797808260388,471.3823100110434,128.9723165123295,54.7231513211285,0.04842322641726915,192.32486234262907
10.472715979819121,58.7369572541818,8.906188166626693,1300.7183835385583,330.2772836480535,43.492051440000495,18.386658140470928,97.04628895558653,0.32748700887313087,270.40124704196313
32.76746653748056,51.73607663426866,10.172034428317632,1356.5123691516956,248.66002001746668,303.42846826791566,41.84413546620889,140.4224850614827,0.7269663444610398,298.6985357237484
11.694103034811958,55.64720049573005,13.717864865314262,1425.3910810474435,306.3142258424137,369.90596927362486,46.31319933096528,150.97367400971567,0.9232740863535495,393.7485130228181
33.65640855316167,64.44613815046515,5.511492449061448,656.4831893916789,140.93069329219327,382.7368787346203,64.13680924943033,157.9859931686329,0.6372856468144399,267.6780950960905
20.042155869864807,40.4888782952449,9.51185601150222,403.9965656527406,34.26052085149944,456.2893656195734,122.40129213565645,81.19908255609307,0.95183854696666,214.73165750393366
12.99858907864273,67.17973208843352,1.0625920935688682,623.0971458533779,341.5248202774567,42.02474014174169,64.11810232240897,155.280838914145,0.09237083927589662,346.85514946305744
22.63132557921567,82.35310140449911,3.208201659351375,566.0769347239645,25.66708691858195,40.151873259359164,38.651494150485775,11.238099981456301,0.060753729588020056,59.62013480836221
31.569537568663023,79.41046043636034,12.553064173804167,346.61547750400405,332.7250455167594,257.24119196579903,19.09863644742758,100.63948816620761,0.604191950743664,384.6343736689122
27.77007193305815,40.00349380509529,11.618141166905868,950.1733381420831,141.66354987021776,53.4751043024705,21.128844769376244,160.84183602521125,0.9661163224927548,170.95422095952395
29.77715099225914,39.70121553319581,5.58431902612863,767.2738247120805,23.329833657220902,488.2849746846923,116.40660883453684,129.70849692185715,0.502721308954724,157.55027880685438
25.787150901189367,47.431333903419365,5.963754102726081,1311.9813892536051,247.42188646908772,142.1499802890403,72.27241874512862,100.07199358935647,0.05151522593930513,219.40545357599402
26.691467241982018,53.46985721216742,8.236539286526902,144.95341267488155,343.57830033034685,257.4257755078286,111.66535708000214,132.48198125520634,0.22121865607745617,387.4405048108304
30.92828259226362,56.54961279155137,0.5034945679344509,1001.4150985771769,338.6564885364055,68.12330980562285,105.52019704691766,182.31974059824614,0.24479290641577067,326.9629617810632
14.74103623919802,74.18031909416744,3.998042872551404,1168.1284299161855,73.1092136967981,280.14227143877895,28.950744646436092,117.6125421159394,0.33785712913695,135.54169708202983
21.214474018364793,33.6842280907793,3.5193612248191095,1163.28119686363,79.81177600183113,214.77981756780792,30.004310786917408,161.95937637742017,0.04360338358621263,114.1979090135518
13.97265492912926,32.25372577469432,4.13200272787157,1340.5035539337352,206.62784182448783,60.54361328352293,115.74788216077874,196.34111779278754,0.9048927004979163,268.59379045254906
34.66703621590947,55.47418659135408,12.1856347167349,1120.6472399612917,230.31059272134706,194.15716268026338,110.9775610879584,144.05795839435768,0.5155639447214952,268.38456245115464
33.48960217153856,75.31563998896873,4.555270919923426,1398.9340863067748,264.00791150973566,220.06056930251358,62.924307362403454,118.93189513892207,0.6709307929541091,307.02517912559716
9.06452390694966,42.57329729217137,3.2770591697271483,565.7192397492481,79.74661895580869,495.3638859864724,20.83911686659761,17.12232995381465,0.06717283689500897,190.16483728108958
27.05052965792359,71.69779128165635,7.811820181498957,804.4931834521603,336.47233863226336,135.62750108291272,11.693723037783307,81.15080066837163,0.0541154678036494,316.75463762824234
32.98170457022297,46.88882896611946,13.051853027404613,119.71152859604695,230.7839545754485,290.5986230702458,50.34197292464428,117.43411936787248,0.5864677720405472,314.18146777480155
12.875534318438005,87.59559707287856,3.999570705643748,109.7406222246077,299.5254832272831,494.16515263136915,11.291118302211771,161.46924862414616,0.887296010504208,473.5547448328201
23.334521224920998,88.21984637733007,1.6387755204955812,436.17726863212783,198.22168604377669,404.32883565246215,42.21016695451848,93.2399100330395,0.528482000959547,347.2090028818956
32.718184034877126,49.32366827828622,5.667868669820138,241.13007599471936,156.71135970466125,496.9490504057609,68.7301036295874,192.41107239530695,0.8778191725700715,350.58806764987514
8.916541421816568,44.949594007610635,11.340951456192178,464.29591511005503,342.47035917634867,485.4172247436779,26.998207143673586,61.64081299849823,0.8109912730552393,437.63936715143495
26.830347215664677,56.734758184305036,8.485012898074523,347.86061233975636,212.1000523705459,265.188189363311,24.598886096416475,151.46776708996012,0.07585378579492075,239.39384171942163
16.02842319905887,45.63455303670967,12.343503858828038,139.92803477410754,306.068282323729,360.33289094046023,135.5012410006231,89.61596924598423,0.2019574743856899,340.08809649163106
32.958697275166315,73.70494981396074,14.414086140333893,1373.0258049684692,334.58649080087565,90.8038383929295,91.9658040632045,102.33781396752211,0.6577106691553425,325.752915379832
34.21857261946493,83.69420449563856,11.993605912898447,111.51238394444813,242.86702691285754,242.92845952152885,140.8237961467894,162.47538643443366,0.44350138255004157,319.0529446735258
33.49519520606272,73.7509885092291,9.255144643234424,1130.5150020719195,201.14976391116272,412.14852944268085,58.41566292999509,66.28089971382406,0.29069981364692055,242.51041047190355
20.80378384975152,83.58277907120771,7.653453026759517,313.0070416873232,21.158580800514706,272.454247649486,104.80029122608283,28.394290753077197,0.4186338560479791,97.77546374200243
31.275151576711462,55.80449054348582,1.0810017520498667,1377.12147079944,33.20648144387198,363.2415550959267,38.656834447050656,108.84856107655115,0.44519964627063435,141.35071361975866
30.8028337604469,40.16060309607596,14.772668692803599,1349.9143154258402,86.2809012968684,383.0456117927674,96.56764441919177,110.47097624271227,0.9105522508215965,181.27409040370878
16.6157127775679,77.96681158084348,6.0604762773381164,1015.4616049169603,81.38278251247843,156.59580497173118,28.14200220139782,161.46187672282102,0.10345828370495302,115.79723192820548
30.38071780206829,53.430842834201,2.7073091017945687,1041.1278097208472,104.07040241594896,442.82171155358014,10.291289484680007,193.98064918409935,0.279730746807615,236.0740725913349
8.9992061373183,73.6326036398936,10.167278403248623,107.47479875756396,120.62843044022807,251.51831821822233,140.41445219734106,20.507130402386196,0.5375648165827139,200.07429749076087
24.09928671901543,47.59185622881477,4.62218019188416,1478.8201925590429,138.82161287174034,136.6851476659101,87.6852126645293,122.42100001119069,0.6982869266305917,191.82464138194086
14.210238606767982,35.279926262433726,8.99378492850019,1328.9656450061402,158.77743772272925,438.0913056226841,139.7716927894855,139.44292075981198,0.6306372889592436,244.23364107253994
11.255305915986527,94.51781670670462,9.008134663746572,1353.1487160221288,52.62589169048484,232.19665080887668,56.73641331829008,197.30225664221913,0.9416427377373945,182.76822092405666
10.077736443988648,40.15309801548895,6.963082403091603,1022.9423518712207,33.979437544418076,385.1437216546711,55.89004968264595,189.0921407126132,0.7956089248194732,174.1939759234918
26.799796948709773,94.24736460762627,12.623719925403119,582.7017001163512,242.40166819409774,292.09521322193274,66.09170024822444,145.36564529527573,0.5570768419744303,332.16706336375955
17.176624021737787,93.52319561681907,4.342022392553924,1351.1081087266732,197.32049219821565,215.6610060278702,108.84573775414356,109.13998813644852,0.2146826916735075,234.95429914852454
27.56870283127656,81.59817675402257,7.005172578457145,508.1236994116693,166.56758673263948,412.5431509177419,89.21320878606438,40.689545236859644,0.4508742314022398,305.5082073609596
9.764621201571444,72.86249253532984,8.296535864569087,887.796160679084,229.36518058555626,308.856168556522,139.54968699387652,82.9935454888393,0.6933822441944774,331.2925623458686
16.51283912142648,67.55745826632051,10.122558451125844,239.62336128143536,293.1342043771684,219.6585671164346,13.561726158541509,121.17324176085933,0.8379621748360849,352.9156332597143
22.566264894134104,86.29660044955926,11.867591832331048,1390.7378821858501,161.13866000834753,90.41502035415843,109.1474313161551,147.78807535319322,0.9597362244223874,199.3532882091706
29.349525450652017,48.81356890526672,6.224705601734713,297.0786408796987,231.5694234671532,451.9048443326856,56.245876511317604,130.72591592103134,0.6054527661379177,371.91656754733356
16.60631757916589,60.39927881151701,9.867680689400641,414.8555280225702,334.67883386560237,56.31600925716661,35.232711254584565,145.68333234727083,0.5269193673044325,327.52673972874845
24.899067163799245,70.26034800882263,2.683858819493527,881.387821379501,297.07608363431507,437.0661802493059,81.45538715281386,91.53897586486056,0.017691923121148312,365.3028089450754
31.921399202377053,56.72738093151692,14.02339745786594,1169.7302002981742,160.58026746579512,205.5823014462515,80.70892978519943,148.24918520849172,0.07209906915017994,116.23212021831117
24.628306080922222,57.786619515867415,6.054352693104551,967.0918283108185,232.75655647886518,334.0958312106467,29.181544016379977,37.31083864374665,0.15610499763740027,266.59943242459997
14.289905818348112,51.46850338763549,11.078060618658357,424.9874779202186,78.43340423226013,464.21187296441525,38.26544785860458,40.891399234991574,0.054759931189628075,145.22080715262106
8.658821102026527,66.67506808449484,0.7949456872915759,101.32025953848647,204.97232101537966,109.78504313179327,67.14305308621769,40.938107707597936,0.40086323880492647,252.7879779240141
31.492669595325108,85.28734432098254,3.4752135721197015,1160.010812430415,343.83833607568613,300.79721879385266,67.23359773492415,179.26434183679746,0.33687854513887217,441.6751965463451
8.574274092960453,43.09934457041034,7.562696892691881,1479.2902562755312,191.04398801683234,391.63911669028835,54.45813954675586,24.446472028640553,0.6373541578683929,267.9229773865752
31.616945162473385,90.73814751897369,13.234660782119025,1233.8783684285265,326.1206387327486,388.4885630507664,30.79632121139733,162.2865908193604,0.5356651079334027,369.78980133210086
22.281302618734724,74.79069749363492,8.145199674284818,744.2892654192615,154.42052376607603,281.7906807157718,10.612315074137133,54.37847062888006,0.5959707593878597,201.96205839950818
33.3548278598482,83.51275882420197,13.983121993261246,1365.274165958749,349.61879297092827,327.3801515569707,145.83290873992289,99.00168869409762,0.4719772029376541,375.6854382544696
29.567147365888964,66.15239502095076,7.5150550004505465,673.78674236569,211.14261162509408,388.4624173011085,142.0898921585498,184.03175313847882,0.27773714855425713,304.95807581763324
34.94422098440011,80.66858559256413,7.611511902671274,834.9077179408546,33.948768097858405,426.8727133684094,77.71105308465893,121.32807364062627,0.952825314946477,219.26602787598173
17.469219017196174,31.05302582706537,2.2363284332577122,767.9816743539566,213.62908290815807,390.4340245628973,149.3072454585008,49.922360384148135,0.08640915976013896,289.2209828401258
28.714083801140426,83.19472761066979,12.138515540207187,726.673421731735,110.60898957426689,202.84227386337162,104.31160630951405,63.977111460573354,0.9388909994653072,176.25613343383282
18.85213466744954,32.609025840548824,4.080998480772406,1185.267077011468,30.718836271845255,498.4941444865572,19.640055265055814,184.88485854019928,0.31123804686473466,187.08015136484897
20.95664174820554,87.84436946358606,13.544381095898569,837.4764701772888,290.8815905492389,239.87123911088003,26.480547871567833,91.15734577089589,0.5126614453672974,316.2138714888901
24.94264750689599,94.47757857051181,13.706951194790744,543.4039708353025,110.99078020364945,51.25376326910937,138.2555181417493,121.52724177129,0.10884232282754613,81.16714437577349
31.589282083031147,49.11438504149056,14.17799662217517,461.4214347218697,282.8610228353445,206.80379772931252,98.20730830094799,97.38711735882386,0.07093106837100926,262.90188483059524
34.57025366838097,43.670706158576586,8.043342091994806,152.84624375440674,115.1118023754361,98.78015910396789,128.04570773202914,81.90323672920542,0.4295454487186029,165.19940056793362
28.743382174341992,79.74861865077264,10.317859879362842,916.4732266362644,84.12769677834551,95.8636032350525,135.7577509487382,52.42303411715637,0.7416973763796781,106.73574315300135
19.27970311851801,46.44671215981646,11.78848026089412,421.94598156144787,341.39873945446107,169.5061184491714,72.71188157953405,140.3763850920744,0.26936477754854893,342.6311581700279
19.376639061480894,86.26155490619323,2.399711970431751,307.38749082293634,139.34295815915647,64.55272732153999,16.793633220737025,146.46598499170287,0.5623478889353201,206.39809069766068
27.91472214290007,36.68476849023599,9.21387932746371,1015.3619493587487,218.45414977624296,356.715606668399,36.35924884562509,62.228167405405905,0.27865034052281834,263.2047804532742
14.446982935744163,38.18708776465829,0.9973195688980192,1053.6929609501685,221.2938926287756,74.03488673287634,19.320072622340913,159.91206018041777,0.3886130608930408,240.48129505032733
10.982801054547656,93.64485108154001,7.714708209136525,1153.0168491607324,204.9562491172556,133.51319550053984,36.423578397791026,172.3616880573191,0.9064463184738247,269.79231929169464
17.574798256300966,73.79952838755031,2.7452188834932976,805.007654874028,321.84959536200085,82.73386866729491,67.47460970382275,184.92826828552978,0.8558396254949195,428.5554384282343
15.755452774660206,85.04766958788193,3.1523824264502283,1351.676447285441,242.56555355106659,69.05715621539429,26.54755347209796,40.630358644490286,0.5160175434176298,270.8329769860548
16.000319252311733,51.08140952784867,5.793189717042722,1410.8798547575188,153.23189135462695,163.16576614818916,33.342654692748056,67.7454998865206,0.23810562747207875,102.94324645740085
14.307409278347569,73.97144371883928,6.770338917389294,1230.3193157094852,304.5855268930104,303.0735251237702,72.41504949003509,173.46713602570216,0.19318391273302282,360.1611943473726
9.13651612018177,68.62571877505883,9.536000155716716,989.8308748114621,79.75075670826826,483.7553559655472,57.62393305438854,47.72263853729986,0.9540873530357142,232.85819481789852
8.482596237802174,69.20475780799156,1.579212067358477,525.2093350276641,199.59813001143775,442.7560610008189,75.47213738632574,10.65900725626412,0.20271659651068752,295.85069907873094
34.66850452287285,74.36460986995189,7.803530537942947,1476.1228902683097,333.6816227414396,442.9296057048494,70.08408388626869,175.45718894781055,0.8081683109125392,437.93541076267434
19.549874610868283,67.39834625339141,3.148064388669966,483.7906340687137,226.3812178605362,120.9908365773225,100.22692363718369,72.02539393276018,0.3689702095355373,257.333274174397
18.376819473311407,57.889054004673284,8.822640037960257,383.7196907866035,289.59958865670916,161.85730900899725,141.20653684261964,88.7545297764005,0.9856598475582383,369.9633029657589
26.350476632712887,47.934975134735545,9.74236687778716,719.0157593012159,235.67503942991362,75.14092572584062,25.10100738219395,94.80346488692122,0.36815574036278786,204.4399117729292
13.892854972356734,79.95778650935813,8.572284220016382,179.57679899734384,296.9923849675038,398.0954363609851,23.896420903287286,171.1721741267734,0.3515166249107261,373.4600842517289
33.648951966656085,44.7077079502071,11.20528490193546,1469.8922505405071,331.6810003489304,72.1154986833585,129.39285555272627,74.19950747275747,0.6374636288776231,295.3346114528055
29.231315389219905,75.00302990003692,5.36633404149307,923.8069789829947,110.06417008580314,296.0800085775925,80.89553865134428,179.53317831273154,0.9615168066268193,265.8044492303827
10.414097062431008,45.16663347220623,11.594045578680397,879.7329283298453,75.98815681471723,154.02276326901733,117.2967032995819,127.21843622912913,0.9762096057964329,158.49255980056628
19.274680946193065,70.64646104703951,6.775122684768808,1018.1147918596079,179.71694760973816,151.98499165322258,40.159066505019396,110.1844775664,0.7072061464669852,245.52145244493195
31.736194304178447,78.56008736338688,7.520675225677653,795.8331068880893,251.61460085199124,495.73352541389835,126.04076024345724,71.86675635421787,0.7546063656363536,398.5413443427067
33.507764601868075,44.216402778925044,9.897480845285536,144.8889239323582,94.97311355013132,388.11871121012723,139.33852738697743,56.30522229342531,0.5634021759730277,194.4235321904328
20.619840803746484,33.896314555985036,0.7661965679887475,957.2358043765555,21.353478641955135,424.9921048138831,98.96762217650836,128.57110412769623,0.7557757391323319,210.17916279583025
24.56210750868911,38.51329329462131,9.9829162105936,1102.6434277390028,133.16858822611277,303.11203525824584,24.823063006332312,94.90989041074947,0.8597796549704966,206.03926450328964
12.509916544486032,69.38980287261666,9.469484661545673,683.4486848736744,339.7235807043702,440.6665722011246,135.34127398188744,182.9980418870812,0.48609530319502325,457.7680307917555
34.761552905698366,85.2140164046728,4.992783192922559,1160.21380089967,249.33926199992942,336.92564801652236,120.94828183181,103.41135606166945,0.619862262830103,333.75247810425236
14.255135937352971,32.92479338030258,1.7440171310425976,417.80181907378886,152.4373965006039,475.23990420631884,115.12288871202858,107.24103417322632,0.5373166952330477,310.70617580618074
33.45375790164839,77.719831837707,1.8185640237390965,409.7872274926576,83.55011212445731,169.41574958099292,15.141946446828179,89.17742341584015,0.5624706135286772,173.53757104084852
25.54045952279395,52.18571198675339,13.886744331285815,325.98378276260354,137.5095923390665,313.8469910601317,121.85475353597597,159.95996942834415,0.8900479098739409,266.1353362999962
24.408893461729196,61.104344044768965,10.494550157774638,620.7926637048266,76.04701298941183,357.46042005097036,29.31314146556998,90.71944764076137,0.3556168302055702,150.61741070504974
21.842589797445733,90.37587073996177,2.3429878996757356,1285.816849544717,55.08092103327397,220.75116031279106,41.134064667564374,61.174979952453434,0.2081840256006242,102.43563048636918
14.228084916379483,51.57814780782996,5.672485954979142,1259.07688700869,319.2249829489428,444.6656719058645,90.79887688169606,173.78586611576685,0.45628011027362914,449.13169882525983
12.766256864148723,60.2469007060666,9.091003411573148,635.9538911489053,349.2246116639063,490.709455027911,47.09730820836363,123.39736205939565,0.20808519048126517,397.95602232756545
13.953127644894735,30.88935695944427,12.615789723814407,924.7662303723312,74.1577650666108,267.13396603142434,102.58874888366876,122.38694175611033,0.49840042566201914,110.21824215895755
13.033833077894872,35.3039168003145,1.1330834663386238,1109.1428430648818,37.99244442983231,219.69470120999597,95.12986267787142,126.05621936114605,0.9035081053570586,158.02716272283573
29.048780786302338,46.808453423760966,3.9311804063151286,437.6894844792322,128.81126535825007,257.09144713597095,25.140943721856768,146.57955215907668,0.6174335204824778,214.12227664949015
17.45338199750171,31.810395653369838,13.40136035928301,335.3975202526459,172.34752965126705,432.25890303668854,101.84204114281088,69.4829179693877,0.8554328533030777,286.23746883603013
9.561752267211702,71.03939619313631,0.6329004776653391,1460.9343904972354,87.59101153503198,336.9154757383571,139.3536873754902,16.430430458270543,0.1661909196155118,170.0597173666361
34.1657710138019,57.71589319210547,3.420286990511367,964.5802384934659,119.47022089352429,60.595291358323735,32.555386726016636,164.01270056663182,0.9008735925371768,194.36065554878562
31.862218894012493,65.62943817732143,14.405850551608006,1473.9820105671295,86.28734277824704,289.39815880502886,93.58868293200423,34.49196023751111,0.6017871644071158,113.32018504296786
33.04931164627075,41.35206708326142,9.394326774571482,572.8583819851208,275.50598758270894,47.958056460846116,57.86115207113717,147.1457500700034,0.0317597887404798,207.18596184318577
34.86251121145375,49.235581913380045,4.2942348162438435,1084.244379963784,255.15072127159604,398.1262706615665,74.34563404830456,25.639906674592464,0.6331189552850368,345.19860992382013
12.695171728926157,73.14859086542714,1.4713708687397902,411.6450911577328,229.53400020112397,191.0236458295333,50.18002507105579,81.3084899854135,0.9513969562609179,351.03108408697364
18.698534510371786,92.744677035976,0.9087744364847212,465.6802397834781,147.78189283613756,257.12344177397154,59.57828908867734,21.974953267992266,0.07916700047536207,219.48876446029462
28.472438844010465,33.2770902841436,4.048803654735446,816.6629697774736,319.98351063369785,407.3919287175107,14.04765525731802,109.22059912926767,0.5824561304695721,400.9905203986317
26.79255668745239,87.8749808555923,13.281544384039202,547.4653757112997,339.9457387065566,61.36645595145032,147.4172433084109,134.09579682849926,0.9154786028697147,371.2211657168376
12.155189471176087,67.49727808522854,6.530747987313887,334.67018937681826,77.30097316638596,112.92910637214081,97.47198909018476,42.57229682385578,0.00969516833437456,98.6387292547605
30.02749437474668,66.65477183911554,10.944833852906898,468.0329827850564,93.59417166591976,223.06177316475282,80.09878266914394,80.6092475032964,0.6309129264658232,157.74956357293937
14.059895439589837,62.518104788504424,13.815133013009387,150.0477522522105,193.458239240122,145.76557523095786,63.72014893004574,186.74550329818018,0.47490229183096266,196.49507556855937
14.043075600210823,34.51061558377192,6.41658669324084,1086.1930700684811,50.11268786314095,195.43465585652902,85.51243823536387,94.05393225041678,0.3469893186486106,111.01385199644912
22.49830941812217,35.84199536285044,3.2735218800422574,788.9633199202062,164.02797161162724,499.1603794305339,63.21483982021255,162.48327810554576,0.627536489945376,342.2261384451739
24.009378240725987,69.05928036784059,7.998209997425333,231.94029296633587,211.99111737664435,419.6906412839529,60.38710984911426,186.16510156143974,0.052702094587416926,311.3989425430785
23.662327611620903,52.16230714331129,13.66721346236789,340.3715903798877,192.28427847531992,446.59483488164994,74.95251584108183,195.12570674568443,0.7530630462874002,299.895347919981
10.470144609739382,89.62242432754925,12.163429004996658,243.54835335770161,129.1998324157486,471.0451314402567,48.637624713966716,180.68118374136017,0.004479476919707626,234.46162366993565
31.69144329102027,56.4283849283657,1.45453272876573,957.629931586227,199.00711600547825,196.83050494453,35.20698599534996,70.30701254020414,0.3069357437923522,233.93791037203516
15.171201149895063,39.31329481567167,10.542305601124937,231.89450905749132,336.40431490541977,176.65540058637745,87.9248257452411,192.88884837062668,0.5039586376846784,373.636453941756
11.496902874635712,76.45672417763234,8.792514075654829,1155.9952662493024,87.9857434161541,147.66874658315447,127.98716106104216,164.3550959317489,0.3770222505665517,113.54298404386061
31.996198156462384,49.06797239366564,13.65821605702317,128.71528704854765,236.09434827002121,421.8537792017364,31.39594488162492,169.06336089150267,0.3074759352055825,326.606765077705
33.80259045220334,64.15556997813306,2.2759805443293097,449.12610319424897,34.32090907149711,352.5938566511851,14.58280768459061,12.882866992648605,0.8308351454680961,187.58418208297618
31.277445666167168,75.35913105783605,8.24352364146752,1346.93334624867,41.91741347887353,148.63911194212358,44.55364432156506,191.3053840304758,0.9348325742719089,138.4242461331279
29.856934017571707,88.51716722813458,13.252209055922439,1105.9438453711446,202.10331399378305,213.41716143680924,147.1608900835335,157.83714253126072,0.8737126849058887,275.9869316189775
25.691533477253586,81.49242766210895,6.445344907755273,202.1556660959628,54.62992950822333,273.08741140908717,126.02613032406751,155.913824336501,0.5224313130499997,178.17844696982192
22.87314900644676,73.96346941172706,7.488926307126572,1249.5765462792517,27.37444018086292,282.9444263459267,93.42124749400352,25.48969887643139,0.884164175193483,118.91593138102738
10.348642517608074,74.17615685568433,1.5216798261708953,790.2491701562867,76.59928922384732,448.81475513378876,140.09484813403904,54.18802280393294,0.9208615651815437,302.359551939484
19.028236752908867,91.48510186208563,4.5330827865092065,1285.4962380363609,206.40022642985957,215.0604211557195,72.33907635721425,192.82971637620082,0.409238397047462,247.1490736507988
18.062589959332477,49.22856633727484,5.205346412949736,941.0356842305507,252.1025149912477,457.92105403023567,147.65928436052434,105.1286442130405,0.28344585950544543,359.5626299876812
15.013352161528807,30.072286122752182,14.20427550680086,1054.566244846002,86.8179261666554,243.02907774710323,51.48228631669976,85.59302346507866,0.09826520581332032,74.20943264016712
27.532343069591793,47.67704636088291,4.598676727846806,1490.9021845539914,240.5256142786976,383.3314304044828,43.64280493223147,169.58875525791362,0.47909192104922904,346.76414840934666
21.388644847126812,44.16293967573836,7.182596661409954,425.2697642936254,80.21718926274568,467.91698719312575,99.32674816058154,26.594678681649423,0.9462969204384414,276.5010009980936
10.188247829506494,73.01924803240988,10.233914141682057,973.5238046659437,222.44095078831486,457.48482382310254,62.94155551305045,89.21898309150127,0.560907528070371,318.8525908525476
13.944946452644906,71.19125398475938,2.8516588999142223,744.4499460803577,155.9466943656136,66.19831895601334,97.6911758766761,81.38314714019589,0.6675621017861716,227.67721430997307
26.44798661880909,68.57498987580705,7.55341461355718,155.232734091768,235.75383808009352,134.6239756892221,52.69937256237601,76.47176353577463,0.11288381849184759,268.198830877798
10.055533206238104,31.05582380861449,11.20881607240066,120.25889810401105,348.3674083181516,259.3764957448466,96.50855595731875,68.4615262940839,0.14351966414225625,356.6757171389529
30.982586679316753,77.37057353929208,13.069400588892458,266.9200089450021,329.47959852674546,238.51497337842935,48.604476481905095,49.91424179011483,0.46447326195967253,337.20977282345706
21.368956229377307,51.02947681155695,9.580759482605187,1008.7284367539673,21.412980085914196,334.81016582511523,17.13608963464459,42.85305256819922,0.9512647989837257,129.96401959626576
20.9758375878195,73.22863928543103,10.201275972095745,894.028323078749,312.1947922395609,474.5661633796896,137.69902626924568,131.67716221473808,0.3607846415915289,382.80417133957195
23.995010185806976,66.17759785263996,2.3311103524762498,874.8013856292184,41.94196240767295,91.70616718785647,133.6487282622847,184.6850198296489,0.8774840413175335,167.09463640785796
30.26638607997903,52.27751015281397,14.213759210072034,144.5994675395641,334.50537343274885,247.8549859617506,145.91174089817406,106.68181259747747,0.12028859342571152,354.0425774704063
17.39084861335921,38.747457361767005,2.4223241235249944,757.0241949040098,113.00247410289595,128.50907742808408,110.31380467099666,66.6151649458624,0.6170172069337101,185.72902171048412
26.306436119094716,36.13722834793126,11.732757589136076,1394.47194497954,146.0714940357194,451.28949526305587,105.58096488294241,40.240437567223005,0.6006129769105182,201.5504154776595
23.274763027886358,84.04869165229454,4.339836665785623,656.6286170349052,50.24060770799019,483.7068854687603,88.26042981047631,167.7272393599929,0.8598747500702685,272.6498966301887
15.209763294574376,89.69584023530126,14.037100583668147,974.8914577038389,57.05001024854017,260.20277366956105,27.631938289353176,194.5834907299106,0.003316704404901505,36.05573548234108
31.723009631589267,72.23622303967947,10.939413320857453,1191.746145872401,259.82438652567544,87.84473695494475,36.492943532897804,76.33952627889185,0.18993166719757215,187.09318293337188
29.530502583387058,36.72321746593142,11.43029883818635,1197.4953907986426,331.6296377969362,401.2355466924297,50.52575641415507,65.28058085490449,0.21968762542948173,345.34603689552733
25.77819953577749,56.13176909773564,3.676358009368308,826.9921153533799,221.54700333492212,360.6850212265035,134.62189076027522,124.28366106523885,0.9499660880907373,385.66989589529277
30.965706685544532,77.38104800683521,6.924079661209832,1301.132723563271,256.23050512384765,203.1485802407428,34.21573344443052,157.31250638115088,0.15369365626989495,268.0689042697071
31.416943425914663,80.68835746065443,9.458291321544653,647.9293307092457,271.45001571706064,448.2074380257232,139.20224442830468,96.52653267443623,0.03696235022056038,332.8341368272378
27.12580037130594,37.68421044892076,11.664617463995713,1344.1705006987177,106.72871060247077,488.8826693000453,83.19000262719841,129.71389847358034,0.534461494741808,232.9038270785936
30.599359865819146,30.00199672494986,2.007410950729649,436.31803295376346,34.92577820367092,296.61277059988987,110.17974896623011,146.14432292442547,0.5285584624336817,173.7330914946606
26.83172946507066,76.28890798223932,14.454297088590662,492.30296978679945,20.618005493325633,300.2348392183745,25.434228135279312,192.51253469267405,0.8440469653678643,149.36269748987482
26.36380083752811,53.178751439103365,13.408199723041061,174.36887387860153,135.71426337482615,176.8562123523378,47.66469682862753,41.35709279881584,0.948859650177802,219.72195509161597
24.702507211809976,46.541286555186915,4.420054562185973,1213.814571159196,99.68319530574131,308.8727765523245,144.19260514539968,199.5026738268202,0.538545442140131,194.20565277032873
28.32334926805631,30.838335536319153,12.430023523968813,683.8773307257878,40.56484926623126,242.2354674414294,47.260992570162394,84.50976449583347,0.9299941824196555,126.8825688528696
12.282337842912991,65.11946143949748,8.015696884077439,420.76325947595865,79.24433652291003,179.00787238690387,51.513040854760455,147.40802711804523,0.7251591512998297,204.76663896098478
31.78351049837107,85.3247978026888,7.1961939826492705,424.5063886632115,61.084636428422776,70.9051904009946,37.663633877751124,118.75873181486946,0.264559127995585,77.25585163354994
31.539775249121263,92.2460570077182,5.059294534265378,1361.9599177209263,321.9098656037322,156.24561546619745,28.07031314295613,102.46703723167963,0.9284207109439263,377.36177138620116
8.789676641933097,66.77342178986379,8.92404450615809,1267.4832406454516,66.28818044152575,131.0131388517256,42.65606980355972,142.63432005900142,0.6674431761818748,114.74764695817917
30.297052265248592,63.43998630309312,11.083392206702168,874.9432395000566,197.42399311593414,289.33931289481654,99.92576487311177,85.19323154248308,0.4140959327426338,235.02051730904256
11.47948642178302,35.52866505680067,6.458527121959994,962.5551205820095,215.7249651870143,316.7682100112532,73.75148269049889,33.960896453993215,0.6802420845169307,286.0924541986944
17.048209064996833,65.67673210026899,9.623678298620236,764.0557987704074,199.35152104384915,319.9429931807676,87.52581708730581,102.88974279303555,0.4013128277437509,255.28163658108036
28.07472291987341,54.698640132750654,10.640037356751904,648.3331600303325,52.68862329127603,218.56326048101238,27.1310760272434,109.16401542964053,0.11418376798795926,89.60142230414033
12.340517193304322,69.4637932574325,10.811266346721645,1381.667633705664,125.2034593776819,233.76567749532816,122.29630260280601,48.36140914598845,0.7189787471768998,175.37017703528772
30.08510965121468,55.26721261197554,1.2535084229021136,275.8577849284229,36.91920971284058,423.7496776346944,119.77325808117871,187.76767770244484,0.8240876121707438,235.5416275689015
30.467622804859033,45.619443024273835,12.966343182433471,685.8255056027191,150.57107165178428,259.0670942178947,13.022587559974554,53.220372862795344,0.7288061990193877,181.20690993050476
21.701628811542577,36.17274288984447,7.144673064093195,582.3866711830256,82.23764731962535,494.3757327830763,63.6921132314427,87.75324287597856,0.22911466775667655,225.38450027197754
8.172418536354506,50.469698898278224,4.305033184595109,797.4110083516077,205.33873598384534,242.22392580407785,19.627884275960696,39.43664050049743,0.9566350134776129,307.6755728066188
15.750029595722644,36.2819142287039,4.005585358455383,740.6846243632451,248.62676997020318,338.8072345242059,120.89480911809413,111.80136277551938,0.02525456169115592,309.5635422270998
24.65702679614504,41.49830180355896,7.5037046362372815,826.445344311514,195.59955386755314,63.16697953696207,113.21775563759861,68.45114553901703,0.33268529737564057,179.0315238621227
34.492026806740434,94.17685030767049,13.359057322299908,295.88656811779174,163.2981098817606,340.536365232653,136.27833320104185,102.96177879545596,0.2600924345348955,230.4531672248484
25.058965229450045,58.86673119893021,5.986039934398381,818.3981021185879,147.8200288827085,431.65614143090284,43.09655425343605,52.67721412705836,0.04812622761485097,234.21373337636376
15.014696688732315,64.57166482282608,11.371023328361378,439.3863394420952,297.7582834720112,473.53060572531626,73.88142363789184,20.217274310255995,0.40572969298866846,367.2239045075314
25.118153983689506,86.785204367919,1.9038715993146698,358.06388858346776,92.39146147153912,498.76748135429443,35.82830280301569,158.05306370562852,0.6231148401627745,297.0817672157213
22.579605252328097,94.7119785318947,7.402822181190396,190.7679063006677,262.2920520445267,169.80217699864724,61.97289082637673,131.8063939523351,0.8825528634851013,343.1203801601903
29.05582566908088,67.8764392074043,14.879449035694666,1167.7135822585972,269.96916716423925,304.67022981982973,83.11405521936376,74.74047758509245,0.9896897161914701,368.7270616920013
10.888477248327877,82.81079836787116,11.671348140488886,698.418689199184,158.3360023993424,247.3302733447878,17.466310577402453,19.023902689641226,0.8080895864043981,226.88450292766066
28.547753367554755,51.25116658188389,3.5526630823888885,977.3011566364617,118.10919774446099,299.3560410645787,110.08185749483393,174.45926191245297,0.4686805187128248,219.5958323547533
22.614197624254977,49.87335723407392,7.770901368619705,1118.6306806266407,175.27869039517182,112.42836030732946,86.06107045195053,42.261050937779075,0.7237044259670307,203.77308318897283
34.00078410419286,56.17574186464641,3.887559072904215,1051.0433314389747,50.7605955445905,433.8288033941331,126.05426240949427,186.84102147347133,0.8436237885896407,228.9423885138905
17.230548483044522,73.7129720737872,6.438633445306384,758.7010067255552,35.156910635599694,458.4017139385103,48.04927016676761,100.93312193323212,0.46530719641868135,161.9364339261141
25.0807911146166,74.34245980158141,11.81121834415699,643.0579405324218,56.82905581912429,246.84436503194436,136.46495473769562,74.67347488261191,0.7850544340254999,112.30131350214398
33.164758848770475,50.4905632522143,11.682759821710853,626.3438734969292,81.75786038253463,168.99773632384534,149.81719542426208,150.93430060928313,0.48265241831287675,130.61859808326756
10.76776265574834,38.658645068880865,3.8074554795845845,996.0683157020788,186.3783507115542,104.78337672038566,138.70178137287442,176.5994871542853,0.3864959908767227,227.7273498008588
33.30516915538418,71.10575667025806,13.872238113245473,792.7120969186228,300.2150899331703,354.53181939779006,118.90494661664158,80.43557709268504,0.5260908377837612,360.24468387890363
26.57291450212196,38.341181042269696,9.092238650089989,1288.785147183915,97.7619695598967,183.6266462255382,123.73163240232931,87.39531291233558,0.6758547376271449,140.73964139383952
9.831600595839642,67.60201303490646,6.008902218949211,1324.582778057397,328.6034635464368,458.3877421601588,90.3241939562421,92.3000616759675,0.7268820563185974,434.69844981736463
16.126016307564036,75.0724383236601,7.778065921322479,338.7845292091258,335.11960994855116,348.6657384286402,36.62154080776547,185.24138168094711,0.35673626889210786,417.9864478818537
27.120646393422604,75.53974726563936,9.273533174847284,290.7271121640159,336.4385195989177,337.01524958015074,104.78569592068042,141.5871583877232,0.5713202515560348,407.9531096192253
9.818466239656836,78.97568719287378,8.618412711763888,982.5612964503994,296.39570244318685,297.3249733131908,109.78542028839041,57.05276223867455,0.9098708740804471,393.03971773946927
23.71860242475938,86.7358624017682,7.552873015274584,521.7160472871913,140.0622634632478,61.05711613721378,147.9539196375068,45.14994252537609,0.9763129001106398,192.18673347729833
17.338842537729832,62.49733447771125,7.821525659296301,125.9990062711384,43.985690630865605,468.68432041537,85.78218427588506,53.769856050715056,0.2272480911839545,179.42598904471572
24.76471897972188,77.46619731942212,3.0579727012043496,1344.099737108137,207.7101814829433,328.8512469177516,47.99166210350789,60.077138945248315,0.19283116571334147,268.51695200111817
9.235034912937847,70.24622779877939,12.284627112417851,417.66107414133154,204.36487649928713,497.26851235623076,105.71415304353094,53.734863353460284,0.6766856334286485,317.2369033257806
31.53149376611416,42.13159608684937,8.355524639144722,1400.9929123601328,300.49200314616655,287.18394619552805,147.11261475330363,135.11622496655525,0.41468388582344384,351.1152722296603
34.284202167789715,31.669826916511532,2.4006579947181947,1104.408231229555,348.6770468122147,366.651010276858,34.809947157673164,32.02736702492621,0.024222338418137035,377.467078802335
34.15970209271367,48.4951900690007,11.60927797295028,1167.714885876078,187.6919111648487,65.8563966184622,55.63970859498438,83.59811304451253,0.34686187064728413,137.23798268692659
28.240599457058966,58.797190911945265,14.020437686471587,382.0460941104246,133.9173302431288,330.598641338769,85.86333352817535,128.7601788643696,0.8067447434722521,208.66295710589114
11.512328483527064,70.11188638786265,14.23595003893595,427.8721958635381,81.34756481356811,391.73882133156434,33.83004888348068,65.26339504915686,0.7974269303831826,195.31012298813255
28.47310629008361,85.24735648270834,5.8507571199620045,829.774855353692,21.583942189732344,398.11657563217636,13.11088953279137,22.402133093315026,0.4946851488165819,119.82046018269774
8.66384674438764,42.75597158590077,2.4649946666309335,340.939793709807,188.00751852133013,394.2513600259313,57.17763714177509,25.546545340733974,0.4725779348875353,324.8619178185985
8.597335891282926,38.16073634340101,8.016794586179444,527.6043697562452,203.3211600118566,144.09000855508714,131.1519122101481,33.9336874978904,0.5795074424343775,245.19004717473217
16.737475917037614,92.62619658583128,2.1328338255637,550.0474691269262,292.22969833974116,488.6832996984039,16.085575905320077,168.8101747249495,0.21939671056357601,410.2819041247887
21.193366140925974,37.022896359466465,14.04281756843295,323.48190655386975,186.5103994046242,497.7837754874718,70.05006826236846,134.99406606494426,0.5260436248909555,324.7662529726
28.801000280810417,61.101919556967296,3.1619045966496166,387.25596675322504,322.43455505979864,74.77410257433658,116.70810820965154,22.25925810855251,0.011046360056648385,315.3837440770611
26.44897516837564,68.06164237156463,4.165104969291879,1203.9725788115593,227.2675472685737,470.7653544934083,143.44556356752395,84.30308703876977,0.4755595547831337,295.2163524743165
20.039373072172204,65.1893373589835,6.396229639832071,334.0741963661757,297.31095861295745,173.1466293800099,147.96655586062053,62.93118284094247,0.33605104625059257,329.18710771576576
15.387919989604978,35.59209020714131,6.055884794107324,139.84034858149147,68.93957248655654,357.0706776054438,69.07571328522383,119.82762120947204,0.6748696059036596,193.78480396247446
34.922361504258205,33.70674941023526,12.02261193976939,981.0969196805138,302.26092299976386,195.5310235386208,143.05380121307647,109.33313043773956,0.6383535841526276,318.97137074314224
19.506895160371272,36.85642278496732,7.116593897988954,1466.37636714943,242.79747196646997,485.16698875163587,14.958656259320923,101.41356444024584,0.380835880182809,318.3841771975212
20.187449656901236,68.06319945171981,2.976139770048385,563.69934047237,76.17690070464909,86.69177481962632,114.42837131979788,69.7573503707965,0.007272981478591567,96.59442065670731
12.417843172175068,65.38241769623087,4.374543484548075,266.1179844747532,82.62197418818359,268.96353579993297,99.9844448487058,36.18195668835824,0.25227362939496045,166.1253534761241
29.459857816248093,45.19315148238837,7.882144085219069,898.5422555145431,325.74520428459306,236.90198429335433,44.93306006206132,151.0515127458012,0.6333478501891623,399.46207864576354
26.729420096100192,71.45531921996346,2.638081802678956,1368.8958955339046,30.63106894862305,189.97078804787304,81.02459009515084,177.17278608010434,0.07237334301750453,82.98635795522279
13.96077954529653,83.30438763361721,9.369007296867204,1197.6864917598703,172.636531287583,336.94563580486835,28.137523286469385,189.3886727542353,0.10764242183346384,219.93681337996344
10.224288231627753,32.7026323900286,8.703335944991617,971.5222157778024,123.44684567825351,100.28564197396705,132.02360113321853,21.137604416580288,0.6470350245670872,152.51550834364878
26.373481156017252,62.37844633062276,10.863183587542736,541.079095250639,239.47555519948125,369.6647123415006,60.105731976390715,150.58265520188775,0.7557674009492923,370.22934828300885
25.67180278559065,74.80517678667488,14.096716923000832,858.6322425867079,297.07769789776734,491.07237695020217,97.64622586520032,148.03565728732286,0.3215497080127121,364.49704080396293
15.378007228951653,46.400275259529664,13.727691135966758,227.7427778259575,138.92478011366796,410.0970086555699,32.22868008021672,189.95082668766196,0.48967306551656187,235.37410607230987
33.67331618076108,50.00510884405469,14.218096461998055,1050.523593992938,160.87768881653628,435.60770633839087,38.86307824836899,58.05377295457543,0.9457113649836586,237.16833268811126
12.078563078084306,69.88646369430995,4.048376156843664,1115.134426456711,344.0328688854667,205.43290186234117,148.87389191244128,151.01401727607973,0.9455435621759695,465.7111720961357
19.67303962815025,88.36579407384289,2.407696946270642,1451.0442720738863,278.69244819413694,189.4478389813606,115.4320952217861,20.378994865632066,0.3075027744634301,300.0666691992492
33.47762984452517,82.64508731968846,4.883012157198503,464.5563022431003,316.07736320749115,277.84224315746127,144.67606176836992,129.93668694470762,0.8099878750170902,486.93618323359635
19.332637557005302,67.90346424147293,13.478735005111561,125.8389866602317,164.7915328150378,61.034242790645436,51.419163129686176,76.66108656991415,0.5939440528068588,172.5401094447563
25.24020058693031,77.4644116542212,14.594775382040579,863.8518501980109,97.24514731475801,474.864741850005,33.038802726774854,156.0927935140203,0.97548449335038,244.561967953843
18.735048744995446,53.713460563506914,12.960211790521901,1089.50670615554,155.91494357752904,106.14117958744842,80.42958488703633,174.02781442272476,0.4776135697110965,167.53556499123673
15.403810463414091,71.66275932641926,2.095256956349382,1206.5704662361832,256.3103328843995,455.3859980173225,79.25355951182807,79.31599802132808,0.7747068680155615,389.36675709152803
34.56739649491536,60.301803423291204,14.237705971867001,371.23450623473485,56.11203359587318,78.44782212016362,34.4925119261183,109.86135761286711,0.768137129614871,98.95287473766082
19.052018170506162,42.34584886974146,6.638691396586397,466.4540166518331,109.25480485344791,418.40746673213766,112.65073974139743,32.30677184908399,0.49743286763307615,228.4702888947795
32.14067849933663,75.6129878020217,0.6349992160541283,817.6272953742149,35.389847152324826,109.90276190397896,60.648854821422766,89.21232339246055,0.7956301142973078,137.4191087174828
14.208774359059326,66.17020142767343,6.914709240848807,562.8411339580026,162.67475365158342,57.54054248207744,36.091132330272416,78.55207471924216,0.2610403333069965,178.34418105086965
13.753827008677249,53.31040282698344,1.16800296029428,1304.716081222423,293.0570928732724,370.965147119328,56.47767523606038,44.793457359058365,0.12225303629022888,330.54359253950844
8.840620237881806,89.237047355111,8.386229856836206,763.2642152342083,28.13901713834356,168.92203808023703,88.91221794890212,179.9509387056874,0.42516374465531626,98.63587506913612
25.595004285148896,31.360717658737663,5.409033397837244,1219.410101742804,242.85676384636477,368.6682302808008,111.70593050526205,38.13668922763044,0.9436306566335847,384.8889091080737
17.950211280541552,50.52525483121724,7.364806537113707,912.8676646752953,327.72363858953406,295.3392152174971,77.46472404804784,130.79047793073556,0.5007446082025288,378.99498270913364
31.3376727456702,33.697290855547024,9.390970230775197,1182.3261982639567,98.18619429869015,90.05139950583018,83.5832985759723,179.12710226117866,0.635259138646927,127.81040059289828
20.776667480672042,79.82427555440577,13.097615889358394,565.7421811424533,248.8994974401239,468.7798337185353,29.452431031984776,183.27403017401286,0.6241624559078753,398.749964250006
34.14122255369749,75.63698451739651,10.097572858842964,1263.9832707024357,341.7836273630661,248.0645203911997,138.0567294591525,160.715542969708,0.13257286726953044,350.8457370825464
13.009188923984272,51.53789421786061,6.79370859293362,484.4012417714302,337.55175985031286,377.8457477873965,140.02138771888622,43.46681543609356,0.3902968823772103,409.44701190238317
31.45282553480149,73.91808864345975,12.381703878220293,864.5383312046072,97.52663369961728,270.4694631271875,105.67972265852052,165.31196775063523,0.7069389729218748,196.73241620254373
28.968115025377028,55.73591970273674,13.630940994810418,399.6099584434239,53.10924755998267,318.0062784821542,12.46839725076346,62.54731435896867,0.9719900985807263,154.82382011570752
28.814889805389406,79.15649644245823,2.2365195132668596,765.7371302766707,68.93323750565227,179.2758524840785,85.19039022646565,185.2556252121767,0.16801773829702615,114.21305763961564
30.809147159155966,59.52193807788589,8.213028174515475,545.4452933121844,251.6717705991069,132.16573984158714,98.0906560924059,144.7264694705314,0.41044189033911627,304.1935037820424
28.54764775546097,56.79818230905826,4.62542341626544,473.38480289209997,259.5004288995809,289.5822935677112,149.2515912141354,159.20083659168844,0.09509379980272936,308.90580120829367
24.907948684048215,90.75744450673956,1.1823873692157374,1453.7790252392524,242.49806533730566,242.5007275666609,149.44937372727156,26.156166165368074,0.24237645964925603,322.84344740541235
11.543611697424463,46.30714149289551,10.193927079152788,324.1037476814229,130.90586795493857,219.45207817960923,130.06557294557803,120.72537155427344,0.37675934332615024,180.38293583045552
8.8782068462638,37.829077099776754,13.010176273158772,1202.2561724403533,76.02639012018031,349.3809097435266,18.936338883655893,166.01700411074913,0.5406432479523504,173.18425309364682
32.862891891023544,67.99530236186479,2.862088489922214,1477.8309432765009,211.65116034424352,357.63305072512253,143.45869470902218,173.70216702677487,0.23056688223908095,274.3760483184992
24.649558492059928,93.00591779847163,12.279998035546557,127.86207723610896,179.61454710009593,61.12322580198099,95.77257460127987,15.440023899391889,0.22756266117868573,175.68086497243542
29.50650685635676,54.55954889226713,12.874238136285653,1078.638379658933,260.51526855036013,195.82246735208918,122.12414786708513,188.44025418547267,0.7778299791402038,320.63029371930975
21.00110349083885,34.0323896358708,13.757936418664011,454.07652777880196,165.64882596625506,229.41169310413358,67.0069989560195,18.234359327471147,0.9626416629468812,247.39596063709755
11.167321101984651,52.05484237512188,4.3466337917477595,156.68295405962624,131.75109924653458,84.57039413551732,54.75372597284257,126.75854913822147,0.3236129677514562,192.46394897480815
11.380016389468862,62.8855575307713,13.607319445253394,664.0454105392831,116.84793052847475,148.51439868121264,74.85418036773312,141.7436302469093,0.6879920186356802,153.8465985362608
26.510262755182225,40.52499543109389,5.149609943678268,1409.304934239225,89.78520561641635,63.75522672246805,30.56243181563577,30.395605321902863,0.25808046135792073,48.58801579008383
19.618259162285494,72.77664417367198,8.50890119510479,116.47113211379676,107.69630414159826,498.2713653638295,59.98925942546285,19.122254465746607,0.927952254965632,287.27109540939193
13.41416762090909,94.85371028566304,1.232358327068091,923.0399687016943,51.294044818553445,378.8163133661285,130.066449967559,159.13330934563854,0.6729023601653983,228.75611580360692
21.273052762018796,59.36306593879385,1.1362757813467823,801.955070033454,134.46281360653353,80.22707199126668,15.313068076523408,83.08741871151246,0.80267685463757,207.42216488758203
9.73364130102862,53.057356187463824,10.945411584616942,1322.7378301194665,32.0680380797762,49.31471470344238,31.12292655544463,30.3513779098735,0.04935404319916481,0.0
23.713227851688767,56.04577084424033,6.94495968067797,217.60240032887592,81.51656956488785,370.8723880700489,27.516262350927974,154.90688511365198,0.5985059682406246,224.01964363311538
15.262821919747637,37.48450159568807,4.216239442853654,1054.1364418413104,266.4342467244116,242.0283962140268,66.43057597803192,171.34098332728792,0.5276123313583823,324.67034740989936
29.53409571720408,87.41278409270456,3.260995692361198,1052.1535778065881,127.40476626328548,401.92648616970496,149.57816612472064,121.6033762441734,0.292996906911532,248.8108259628935
16.379772890936493,56.963667608887874,10.214325617458663,1036.7120236071964,240.51821560252347,464.7989773964565,34.27011022959358,40.63499360258267,0.26242998505731807,290.794777950868
20.29094402520863,55.172836742614685,0.5058223883674282,1419.2682929090518,256.5717779471015,315.67817894753136,30.36757094389642,12.892269583383253,0.5800248023169697,325.47627393210126
8.313754577518717,72.87986774048083,12.185421953354385,1252.3225406096326,211.79116310159748,126.0698745419364,138.10780216866164,143.15247144736935,0.7064856350072252,252.30755111098705
9.95606597045309,58.73217236052303,1.6491192888839679,158.76181674090842,336.3702546505815,399.8092565813682,133.4870723752352,114.5265382168102,0.03317275703518896,420.6770137364575
18.59732602298049,72.13517547250999,3.276599416167732,759.5159909863185,27.075155985627376,479.67340186021227,14.513651799517621,133.65145692681511,0.5674015819237044,187.3270184253396
20.958348537362333,33.99400885850119,6.100427731836799,657.1342786818668,263.75537469408687,306.90639204757974,115.2388344251041,164.5050873379232,0.17045952894662864,323.31573173636997
24.2005547992212,82.89201734194478,7.530451725883502,534.2061095271229,336.3995925003346,353.7188257491374,101.76519820670013,92.5032776286647,0.14036273138610056,408.64765928703946
15.874889625151187,91.13275693716116,5.647429179302157,731.8714152157362,304.54967068646994,195.2383597168696,117.48371337937925,33.657939078387884,0.6231194880946845,368.3816909096606
26.764510925416648,72.16975010036009,5.1503263922722615,637.8718588963684,75.40458829565439,215.50273954374316,79.2303436714291,188.59682422425703,0.31087011721747304,162.90138384847518
31.223304724108523,92.04678537582271,14.476782175061233,705.2674598301314,127.85070106307158,377.9410690124094,148.79309058276138,113.5998041769029,0.440880233134864,201.35864630438056
29.055976700120446,39.843100434047614,9.802905378029216,1470.9666118520995,76.90910715923357,466.7747052671368,16.138582619534848,126.90588262682265,0.3599988094397729,154.21708981380152
9.069708284405642,61.03205231622299,0.839777852827129,224.08616464941306,218.43176005885235,329.334658123202,42.8120220965328,187.34817161483272,0.6483363201525237,373.6394836919197
20.97368757596138,69.11743770645407,6.737550672442541,1391.1232177742218,255.02203405323246,403.33003790325984,65.51643817630611,187.00089469894996,0.4701197660664689,351.31185405362834
10.83311481729072,67.81288208237714,13.187626146287569,772.3313988594374,124.6343438898092,118.95210801107159,72.96891181919844,118.69797527835298,0.9634586620379475,179.98073620047546
14.535215428288241,56.09501564078781,4.871114702954685,973.2391436993577,198.0371694148175,137.50118151866783,138.99143637793262,66.54617069707095,0.3523827591064653,246.6895958085103
34.63989001821295,51.97548660880699,1.8710669992286295,1262.2561532647715,248.00378812349436,284.7359559433594,88.40061097081623,199.45159046242046,0.7402843402628352,362.1494418094156
11.847379658340857,38.24356146577722,11.496579188053808,604.6482408089578,159.04213948164596,121.21492843170664,16.31553937285514,139.35524709117183,0.25729256758304453,126.21132942792204
21.469980143186614,55.46325928654808,9.287200563073178,702.5906713231536,301.82512505030155,332.0977323016249,67.10081487959266,87.60296860949074,0.5087530926261469,407.3405966661472
24.690204826589216,40.57295298185653,8.769531363484306,673.3258723901995,274.6114786449797,174.16046528156153,68.3086577316698,116.36899254218204,0.552569751901957,307.3616165395568
26.966554204690805,77.7337689719942,1.276860114307415,624.6234315500637,41.33962947068832,404.1050045867703,145.16873138128986,89.00846955092564,0.3291092810627322,205.24559798148348
23.11051445414668,43.57401080714835,2.537235642035001,1395.7410503056528,224.9713486999736,411.73075944259796,93.88759274295515,178.777978936363,0.4717805289126291,361.8399672277626
8.263812880317959,33.8067448434947,9.52696624509015,1260.5018476702169,97.65743181671738,253.3422296474624,98.99114996225144,101.67488122449177,0.27927863789849217,138.104796771382
16.814455322587783,65.90379895812023,3.5134457011531195,252.59998580816654,203.98102734020085,123.17289211731223,109.85542437517792,166.47039143643696,0.006000781673981992,232.70226042563675
21.97821437138721,68.6899326267611,7.809016156352152,251.37269346793445,335.7731860688789,337.516482097689,117.80550419549725,169.63349658637074,0.21564830163787874,413.38289366403694
10.372395476910501,86.67434898323286,8.400784447426204,699.0173207941876,310.09046150224253,496.68202840124974,98.90714982834848,166.62314416969718,0.7000641724932006,439.05158365689454
17.466927142647883,67.50380480714932,4.610854258928621,238.1203274259327,153.49041302799347,326.3918130535607,43.20720915875097,147.21583637037816,0.770963024485377,333.0186300194793
8.896483937366897,52.45625549202397,14.252164755351647,966.7303333795676,116.19957325363661,56.45635772844361,132.36642800776298,172.42676619344056,0.28020286713891995,80.64326437698655
10.12161942318556,82.19577229921083,12.71572954911584,301.16825016642747,97.35389565472548,47.955228852857985,112.49677205748823,83.57362012836415,0.40804299881807193,100.10448956247454
18.716928457443096,65.11812805718236,10.974415860675578,831.3225695535215,195.72990701965162,187.36650642646086,113.86186791357382,31.786009166972466,0.03736566013861109,174.32995722876362
11.583325359162629,35.15321850102747,1.6309110629364318,110.10792580520486,57.701989575158585,130.06055115578624,149.51794349286487,170.06629883077775,0.23706290109768058,140.8185510540219
23.32360290306207,66.78028642036102,2.038885279980782,543.2348877777054,201.26075268232202,414.0035552859217,122.35371488086423,104.65199898059561,0.7792192833722992,364.1631366033941
26.615554166706175,89.02120545240805,7.645329515041857,1048.0670131417176,20.440101031961365,428.61060683656024,126.08119644172146,34.2014461802917,0.6059862702650572,168.48531486484768
29.61584087594524,55.76032065738434,2.830343563269292,777.6545163189878,126.8703781461288,158.96463480281903,143.19677219942218,31.90937921458151,0.2057705219543714,178.74451937480302
13.404056594609873,49.261177123487,14.684849221177375,1469.5772803985833,92.57832356409182,189.79659739695063,31.15875997884514,40.25605486187962,0.25744199512243215,60.376444411894056
12.522029720994883,39.325514706171305,2.798543393397437,1323.7453144926951,340.50220068705806,148.67360514895273,79.6818327069295,152.6849193367501,0.8168020229895602,402.3719603399583
10.823331689028807,39.843958925798226,7.568283614227623,602.6990906604117,259.989965458093,457.85597179078144,91.27938330271026,145.0627679585934,0.20908420294490082,366.2690768041156
25.18361673767819,58.13014648221823,5.779755324201829,163.68115806118445,135.38561555253844,271.2186939262498,56.098602091144066,48.725549235127815,0.3341577258471312,203.92947377576832
27.074844615146333,68.71918857049943,9.77110311108442,1283.8768201610264,50.63887855510477,341.82304027772915,127.51646814523077,170.9154494408611,0.6643586916546443,182.34751989553249
8.852825910292335,35.240001336024115,2.371027928896661,1375.72803444054,190.54419624790592,231.12175988181752,116.73874703040127,63.44601115036653,0.5611123857080786,260.39956479492815
33.27773064857962,91.07195828663578,6.739588206614668,1248.8783507866515,90.43780083759397,330.26652901208433,110.92363043113737,160.66726082984002,0.4608702052338143,206.18335078874003
9.403224658589755,79.08368513393773,4.483222975703583,279.12991728767076,197.02175014645806,217.4934732919986,149.60092156614337,102.87312246963897,0.8997410909797443,331.4233485600354
22.615001053128903,68.13055468843808,13.372397107739477,1497.0811881772029,295.66957687903454,196.25208135544372,46.31339227717467,148.99424968232756,0.21971046271505168,263.6353222314302
27.144634025174742,83.8485136110344,1.0884928259530788,462.01791017388337,223.21154219345718,331.8608336598009,112.96401523455899,82.46365598397752,0.7414198908629999,393.3191269249675
31.51616634114431,35.21213919278736,13.749048663093658,1113.8868779317181,229.15017844985073,311.8885559025351,87.19662648682609,75.95671344800743,0.15906384061818335,256.2557018107664
27.28034716757555,60.99452705265308,12.578415009018507,1371.2488268700101,198.5399953907278,175.02285891725683,53.81848554914265,169.85832380227313,0.6157338334821452,243.4008325237173
29.646658242884378,70.95605324600812,4.8147753883918245,429.9619600629932,325.997658768365,108.70028714695778,32.48216190123762,16.707428357673233,0.8706235634113132,400.21734299689405
17.165155198655764,83.8624388976888,11.944714492818019,1371.5619765478925,327.5278858587991,209.54527916554332,135.4237371894566,195.2000199789264,0.45790178547813787,356.3221578963939
30.00027807115583,80.9255214032024,0.9525966249118396,533.2742108728137,189.19865635427223,230.99091400527823,93.36376757909835,133.15411607042097,0.7242945071913289,313.5388525136128
10.16310085238623,48.009501231370976,14.519550479254207,1466.9785113376786,120.90063075735647,329.1947933753182,125.49073726971125,92.171843757894,0.8203933529989882,194.54621518089013
32.16004971363425,91.15721102134827,8.135626667551946,493.76402853266444,171.66371194021647,460.6832312729573,86.34829776021628,129.3303609185808,0.13602642487760275,255.79196466551468
22.78499415615088,38.082479693006576,4.897574877948957,1434.8101546609691,81.56411102455317,56.64500686514556,40.79679129156274,33.320779827206735,0.7058268952821101,111.0463621994813
30.06703978898733,86.88368521037489,5.757456582622818,174.96251124974486,229.99362405496947,152.08406576924864,57.25683383404554,107.66996650577404,0.9198410239886763,344.47271329127636
20.212593681994104,93.1111162243002,1.4628776251772118,1092.9808163377384,185.03047080813695,129.10933344859777,63.415437946296514,197.16814943456154,0.5763706098555442,236.80876198044493
25.376597770306173,41.514979009470665,14.845567953609569,844.9555873718052,54.089157678382364,271.0554279991404,146.21087375051832,54.7011931908743,0.18612224452875603,65.11440831698204
22.212871845275057,76.93429417324604,1.0697332046850405,769.0279079718229,85.22376776947306,237.6623712398535,10.78865897339355,147.2328388169064,0.12694253158894298,161.31879303100231
27.75291708739396,32.6185587205699,9.996153285643956,412.892039958176,178.27854554584385,375.3573069572867,147.993243223431,92.64456140802312,0.2597353304667479,250.2291676348376
10.204009514825918,56.35248363404507,6.919670951743646,1087.8341056870886,312.90436693722324,151.51131977063736,147.26462891537628,133.96704821271118,0.10351326901668256,311.25483440989717
9.629506267745223,63.55841444784881,14.259285163736369,367.13328802482994,206.90893780826215,313.46924824488895,149.46111067421913,48.92857345143734,0.5133940715850475,245.3076643897063
14.671787318273953,67.74193968412621,4.0669962344485295,873.9785143786755,244.90655006879535,446.57434125598127,76.72234504874885,99.38834669734446,0.06970468270673458,313.57942492167325
12.307706363056084,90.83592113615637,8.215258947101164,454.5435082563511,131.8794214154902,458.9117603624202,144.93325574693995,196.21761563326226,0.22340462463622646,274.1227103825383
31.538156297989445,73.69629467412265,7.494165024449918,1437.8699316938985,208.5657597045973,481.04091817351434,65.38388545897583,47.10455869304182,0.43991044391221434,296.02062613133
13.918777658667196,61.2830668292504,10.691563438726469,140.08367136991396,167.63534147056225,395.70012995679474,13.68122169357414,130.92455529126386,0.47391475040202147,274.82543772533523
34.34836190711654,82.6288773572828,1.4861483633100974,379.6195921557312,237.51287116564302,456.7544368791009,41.40860609204704,119.36357226569112,0.5653984851469644,391.91262284435015
17.096186377819883,91.78463336203657,3.3099423853386454,439.2348489424268,36.68993680607342,147.88420111322614,142.34147429123385,117.35980139517663,0.7056149627507265,156.72495527573744
12.917183723594881,31.434299664348906,3.6111898913463225,679.694956074943,182.78907135885652,130.88723440121942,11.927057066955998,126.87342503380725,0.04722863966546753,153.9167203602336
29.321859692846935,93.86388269664252,11.2031859452045,425.8223386180749,117.6775662975091,42.98451853904217,86.4391789592165,105.42521500076333,0.08062095217578324,107.15489626237635
25.785109938523654,35.59858903913922,3.242511096737731,787.8887263762994,127.64107022171005,365.1484044173852,20.584222445255065,13.21684254895502,0.06085915180478074,208.9004917764125
21.45128434423475,82.93514065246949,8.815630576419162,1321.4517325619545,337.10275241416025,471.2349063943224,50.095520979860986,181.01839417799238,0.42315031546491033,408.4218495431972
22.994815875316043,48.22175891584181,3.6210353972638285,1096.888789972839,80.28928819475632,125.99025871917115,22.332999099664132,167.12597722196585,0.04184794488293431,77.36135537585662
27.418448013351124,38.591677754001665,12.993561776217687,911.9467727491555,122.71093335093698,332.99404469636426,130.33400695582787,43.09185937501305,0.7460812668313263,207.86939554800105
14.168278015945067,58.59061658139927,14.161689090099758,224.6044491757515,188.2645499911877,383.3714892420177,92.74989935067882,88.52190370198512,0.22300018103847785,263.48446381582653
34.901015733532034,71.85717766409488,8.018148136662486,1071.588951744986,304.7988928893758,466.702548168106,136.2949052005638,156.40430633177792,0.9392124932899587,460.51473409449176
34.319415377963146,54.761869926525875,5.608478821033085,332.9799980353158,157.50112745810225,337.55570304792195,106.36944793563197,196.21183992358402,0.4864037550971114,266.59175289665086
25.558793531367296,33.54675153837543,3.8938377377537376,1200.9143403463772,265.4755426930965,486.3351170644261,145.94407837431396,190.7160388239394,0.44632575244220163,394.75229187716405
13.387646175086918,68.96497407781658,1.2218245220841346,450.07946191421445,302.60345241088476,198.54964486577197,81.38287166645692,180.8782479384731,0.7805386926395003,410.58867044675446
26.366162545644865,88.65621294719386,4.393251104863683,683.8682196492613,122.30539742121015,200.96712553484753,99.41948144680244,40.09104048683653,0.7131539838929911,208.37107710505705
9.949357042437748,54.90899878657136,9.986418809207109,590.658283245099,149.60756056777427,289.78575460659897,90.68323478446793,183.75027014171093,0.6073090409481429,240.4789020444617
8.827617559556764,44.061630546003755,8.237445503983558,1302.3394805447995,137.66355381715755,216.41086531331726,77.79646012252579,176.9045334607051,0.93514670625037,218.24187524218087
14.95743798980277,58.767527485632996,14.188598535073448,277.1622421987714,294.84241684391395,40.65583501226501,128.43431115922175,81.62048312161401,0.422259260987077,260.7232469143568
20.490819831961538,33.14357621817076,6.246020306129658,891.902835338704,34.63446444468838,376.6151315400142,100.23351899385042,84.95929296188979,0.8085316757722865,177.0475741513701
31.443357646026275,83.33169299121786,10.561018463761721,298.88625322028713,121.77895931346441,385.78983908010235,122.1837170797662,97.38269517148055,0.38009294574581853,224.83720492574804
27.633564883690315,83.71215271176214,7.59517983838926,1086.7141705850613,244.20482400639284,383.6083181559144,120.09095112433785,134.67336988361922,0.8383456742961048,352.3508827592709
28.053076072399488,68.22003012292585,7.932355130901069,1367.1093789122735,206.5963548565631,198.70950664081462,36.74632249174134,59.55876703677299,0.2594746289659686,209.67367956660274
19.488320030098034,52.951687780995314,4.382727561759704,708.4507154141547,163.97548856691913,280.2531577231391,101.02289455247012,14.36020159358949,0.2892670728360325,217.87084206785588
17.340244798767998,81.98591868897591,7.096786264208996,783.3291643709662,198.18291498305683,205.58781836126795,37.95072268538678,36.833609673476026,0.677869534017454,270.98664960083516
18.01804660058427,66.05465661124387,7.3263824566842555,1398.391971075867,85.20291332334503,47.376744014097056,91.66486695412792,93.622022439587,0.21271329495179636,76.03991743737244
34.66653822087356,83.68560005575105,10.746316565359542,829.3879441091,162.13648513064342,298.7265129848526,104.84085582248207,63.58048819097835,0.22915418702542878,189.31254352119637
9.082948168137026,71.04482151789634,14.13927998819865,782.6378132693853,185.56198477819518,96.92990639864507,149.61291002226216,155.25814659686506,0.30526242901741474,185.70792309271
31.409850395306112,80.98635575883182,5.275158523496312,909.6607437860258,317.39241024501854,76.81900908206268,14.27587694096337,30.27111340436156,0.6789287696603759,324.64705099910054
23.624236031454622,68.9065945591544,1.1119067944288274,1064.9216309081326,106.07560372531219,387.5295716005221,22.77393517592093,184.31839285541272,0.8893880924232319,303.89963516815305
19.842616318118942,56.9191694340183,7.696279319759276,249.63672512184394,306.38340571442774,44.372853112328585,20.78373749197241,180.1121641893431,0.6745676511269867,333.9705759611686
27.581956831208686,92.26648089519894,8.394689316162944,1249.5547388381224,232.59966227257402,481.14388406001405,65.77058007734361,182.66379521732475,0.8278142443441252,386.0548463027699
21.140061418466978,65.17239861712491,2.942387991412771,709.707038434563,26.712474252308326,277.0174674917854,125.02237060801392,150.52589973463208,0.5435605896944697,153.69134620327077
31.582427428204834,69.33081870513499,11.526736791002968,201.28791385647975,259.1283411767999,492.1875581248283,128.16788659019898,30.329994581883867,0.06892322134514528,311.99489029264106
32.318950328303984,44.3316965619587,14.781472072401629,1200.6557368774984,31.73211959118818,66.67888333744588,113.17714340096124,93.24613856021769,0.10046621150850066,0.0
19.3864650255833,70.66730131277296,14.213733396622684,627.729960360781,349.1357718485583,308.4235924783201,135.56295385619268,34.96702064303811,0.5543919783669154,377.05619137202626
15.474350525346392,67.15449721639135,3.3580375629429566,240.51449313307552,307.9701069380953,200.69043654891914,55.20039218372335,197.6628466246057,0.3278009686421096,355.8617379568668
23.99345887202078,42.01449586655662,13.19276697856103,987.2906553605508,118.12343668821507,428.0019466945715,22.34165019532188,73.27730044574793,0.22056807363694264,116.08356652196645
32.63381033165066,33.87316132795434,10.715157727969428,1332.1838948070983,104.94570596491279,206.1624582077717,18.141423918579015,121.2128029591118,0.4662569273026208,111.0275037850647
13.687879103152998,69.28335578146013,7.080775175200218,1342.854913179581,145.87555709485093,159.8242863663806,129.2985807467141,158.08468030640213,0.6664967409043016,229.87791357333793
24.820097756214036,79.63999750777083,8.338859417708571,1440.7288647325624,137.5350985537662,434.4744384659601,112.26108120951677,184.91705600287264,0.38499194773585843,255.75897321804882
25.052125942498055,64.02108910993053,12.819202537245642,1314.7876436733632,142.87148006717575,212.34042216050005,107.80614284155692,153.5540679098584,0.8025422571573416,191.02193312179926
27.794051605212587,44.74022064577697,7.461956624756411,102.99728708366531,125.03126021942853,47.74332713585827,57.55468739639363,138.15571796558513,0.7385232465713937,185.48962471312058
11.552327498436014,73.32392848504728,5.911506852024339,632.3376329787463,224.97402425994937,219.53298638609354,63.18672640655167,98.53653858724876,0.7349148821595668,307.44773996510963
27.32727404641639,35.206872229624146,7.652088648876794,1245.9596118677043,74.2070090278059,341.0802437450333,144.13589404590468,125.02602541259957,0.9851896896773885,193.3831482977879
32.54387805797231,58.71919081212705,8.897382158508211,612.7542083978639,299.17382650718434,157.00538785093565,18.932664173710904,27.891123682037666,0.2952299773716348,275.8135870290321
12.851443939496534,40.61883929589731,3.241625979786058,942.1679089315886,288.09281973033404,238.71429251557234,118.32244317129097,177.9452829726399,0.6447255863408952,398.29560780182675
14.413669772944697,41.98983831889242,13.563162088871366,948.8437263243449,177.23945859223923,66.08896360982374,53.34866531917504,113.31768867957823,0.8554783401603135,201.49377906979453
34.22766753912427,43.14910669528324,10.275710758029401,611.0354256543523,301.4008885419207,310.52268409642033,15.467646577757852,17.625659582639113,0.579524433913911,351.89361002085974
12.886377723156224,55.13595870785856,9.68239930139359,1366.2634981938027,101.55787310999679,387.89566497578113,113.95981550394384,184.78140387538053,0.7895021761153926,205.282704964667
31.068397520978635,33.32476336532584,1.942695279619253,804.5196835405646,25.796600382309094,230.12377824451073,56.32766399497244,102.96737502900505,0.4144521858399123,115.93117195404041
21.29150212409694,55.85657366039138,9.26052210350258,750.6978883125012,224.3386152598416,233.30701108867163,111.10065262399152,175.03193689659034,0.5904913456548047,261.64276120824394
14.67523900888578,63.260984062455556,2.253929602458139,1496.5192439266543,171.11010429835608,80.60994934906157,109.07161363653682,172.8087112990178,0.05566639280432828,182.51265119291105
31.510247334357807,61.41412852281114,1.6411162903332863,790.9005097016633,207.16430027763732,132.89279767551199,84.87016256063612,164.9928016168518,0.9857676058248134,332.64191279658684
20.02324188507197,54.88096652619764,8.146007986814702,349.75755270001343,316.782004976073,111.15063943883983,118.83223808947683,21.666573666117657,0.8000184814484173,344.857414024241
21.900068556101637,84.54452952459891,6.340390243674177,818.2971920088132,340.07543927676136,261.5763735843075,91.34536538397408,56.942662630599685,0.8688090716314495,456.6960276536997
17.699300973793676,39.44623500733277,9.037748917265237,1239.623429727902,229.369536119349,283.45754883734503,50.12915939875649,176.35409576843185,0.6942942781429461,274.7894457215933
24.00967298874304,62.870288345789305,1.7937214368299597,1187.604457657594,272.1383446513047,476.5124603907596,112.77614214901867,180.80830064989783,0.18605003280869947,393.84488294885546
12.415144559795614,34.03269210217603,6.749254411285246,1204.0144711518594,47.656783050764204,73.68649196752759,92.4795742228813,97.03308385007315,0.031028442418032265,31.784266138196323
18.55920148959754,34.62511912706413,3.0344073681547905,1091.2332975970764,73.03614301419685,315.9392676513217,11.781819436588876,93.60787885429843,0.8646566077360136,185.09204568109882
34.17413270305276,67.30128022901127,14.81295124589969,455.9049606933635,261.95758563448226,282.189322570991,136.2301848878433,43.27672043836845,0.3963306537361231,287.8422762638343
14.969602682930443,66.79119761770836,8.636678080310029,1306.917720176324,162.35060060804065,277.4672250504814,86.39010656540388,193.99804985131874,0.2638648760399199,182.6828925516106
25.731889942614888,87.0721783348897,10.467834483642577,1350.820851526771,167.16853923345388,441.65327219610015,131.60781716713444,50.49631031821821,0.5616729588389444,215.26894154878934
16.780131734066764,66.26178891790477,5.218565069897814,371.8137752659687,121.84053493969408,134.54769651992376,133.58315745751423,46.27798902664546,0.42089852247571935,162.3571582492685
28.883774393538218,92.38641632631527,1.8737142643004903,282.6378911719515,220.42760654765544,58.755706197030875,72.29533194291238,135.53850432834312,0.651665995687557,292.5615611128024
11.533588839395446,33.16516514599544,14.650127510361282,1465.8469560247568,81.10446498734686,349.24489351172855,81.07239950317233,56.14041757008506,0.4837932330545136,122.62543900933773
34.185168217120705,36.37049951074817,4.6507560130561565,1315.653549110515,226.88237217358554,198.77243350255085,68.20561427458426,188.36660609273406,0.6972331404402706,302.4294193811885
20.25231761735826,32.86428100207479,6.645218685016826,1350.5306060939254,77.3536228546291,48.09136145776131,72.92114854312638,12.072329110381016,0.8534232695091429,108.67720453859214
14.373362510354527,42.0429952716801,9.923026864687337,1340.9269384741533,41.06259145420549,155.63204335359035,135.3206022560419,11.09311984142725,0.19555701095578903,11.863254908416664
9.984412177910341,65.18255721120909,0.8581108164486136,858.3615536472197,129.01803727069012,182.29031613973345,120.34016195550754,105.92659227276391,0.3294328805654868,194.3409190009694
12.5834634373636,71.96219179278282,12.24875739250066,1004.9624313321195,96.27631286324973,323.74565332075133,27.71359468418092,102.73186738355967,0.4368155865706389,134.90056285854163
22.033896611012477,32.963035266663475,8.280383755414995,863.5079929870983,313.36724072358965,119.38946526266517,95.44308941561343,41.03916416117299,0.9620584480276382,343.04659795326256
17.09908576364473,91.48810783996396,4.534149212497921,171.6888888664607,38.13463977664678,230.0050000585631,149.42692965408793,103.95871696435404,0.3653336135474853,135.88859972113565
30.379850878830457,84.74074948227477,1.3933157867408041,1143.7043194938817,78.28251854946055,261.93870443220294,93.377098172548,88.21560998229742,0.38109984959262955,169.17006875669333
19.633963138868758,49.279811340211054,2.856227024379401,807.4648466702324,201.07746984240632,251.24920002748183,120.02202758303477,179.16260981505008,0.6534725229595612,308.3031827792179
14.715285359866007,35.01718946472042,13.477990953374835,1006.7927047063217,178.75217297966628,488.0127526667196,117.66860627336393,11.75824484122306,0.41919970988994926,241.13701466116402
24.662914638308813,41.042659759238724,10.44735124707042,803.6957269657494,35.131166063651506,60.93194938353621,59.044453622126,195.49126295626093,0.9512237456396052,117.43403925601476
27.082984855907036,38.25138689407322,4.123574963734903,788.5358512514383,22.393301244997676,477.44536576810367,62.058902378554244,128.63462521621005,0.8944687604754439,208.41571402788793
12.510131513325646,38.01344565443154,1.4512110917029282,340.5047532688735,346.06242084717945,307.69111843725534,111.37069905065646,38.850254672602375,0.513408777775673,424.905763582064
12.525718839784577,63.706509763272706,10.513922029606226,490.19920119760855,237.4154511184166,406.0347488861256,79.99769442467692,18.884402624121584,0.6447752339478499,341.22473956352746
8.99012852720566,45.98008376207102,8.799912026532594,322.3937687215381,140.58402319751377,237.9806042873947,89.87989927825431,112.24007512625406,0.058030561883620546,174.86121343236246
27.882854406772292,53.27908157439439,6.365533104644408,373.9328138754794,175.24264172886964,248.765425378211,109.80681065107726,54.62913153464582,0.6957305280323981,278.5339422683373
25.922722245788737,94.31784666998097,5.772366013255925,1462.168332588427,107.96153974991469,444.4901895472789,118.86050378546703,67.22145203023925,0.7072008729490322,251.78566545932912
20.815033645244974,74.48042618014742,3.64380700097207,314.35882408107784,133.80834861875923,452.12986829427496,48.01232088262999,56.57511131855759,0.35919929564320807,273.03929629016807
30.792602122168322,91.6837433580551,10.209363219794005,476.9785940272907,234.1846741985106,149.7968854583969,30.55112632117481,133.53273957877707,0.21968288362527266,242.09605804570916
29.753094129651437,39.266176077152515,14.574686403011123,926.8255208340189,311.3278936262323,131.65126414892435,50.851250541321534,115.17050280206537,0.9150784018170167,368.05997967126194
23.80456783871231,54.839065864117,3.047871064633975,954.2500067312985,80.76290761679101,268.2681799801775,81.05536551289057,24.815140469144183,0.4267049008051277,139.33643271230915
31.443324573857982,66.05756721335302,9.1581909902248,315.5637816413607,297.31929677715516,454.12743247873817,57.89978442158548,110.04004130328333,0.6537061048017107,414.64032784125607
13.557712670992743,34.98927402276797,6.650683308316655,1211.2043960992974,60.11368774102879,188.2833429668411,89.57078623866313,160.32605545702697,0.03332879497625596,87.68087929770763
11.021829723738652,30.272183835817263,6.9769864652976405,1199.284015077955,90.94743378416909,339.9267230560004,17.485201377587984,25.42697225586162,0.4140671665768363,149.61982298155328
15.283239510958719,73.57823169679963,4.185135561853309,432.2447858854475,32.26784505638317,365.7497763606765,81.3650576259274,179.0504054837798,0.81725881101388,225.71101120632028
9.5413451144115,71.7182685920933,12.464455697090576,504.13282374564466,66.46791449068982,398.1903458513117,61.51788697127911,119.87826339506853,0.38757600040071505,158.1176612849533
22.341577256027865,56.70127264997477,7.536206260134996,1413.1830116432957,322.7100380031367,299.4052506436431,84.85334568500353,190.61864916136017,0.6031611601368768,411.72411233504795
33.28835369196396,61.826864942082125,8.379384856874829,1255.9400243712694,171.61478638406493,225.12938200832602,69.15466968389674,38.14683136725137,0.20985580048453945,158.9449668609727
9.06227559804976,57.00379503848582,4.919033235561224,1076.9158462875334,45.62973438685667,484.82735484752754,49.791619089255946,198.7773498771299,0.41652564883955956,210.50675496494532
11.296967678270724,31.560327914917774,3.1362227521707715,215.12651011484076,336.7098565528572,321.2121465193122,136.575106764069,132.41184453423858,0.9276377180531866,509.7890542102635
20.209373763652753,51.79915440413506,1.745700628940897,685.569713263606,310.06746156035456,375.1399973513046,35.867098378989965,117.82389790140193,0.5664517497010372,411.0711261399102
33.214625473253435,41.51034660082384,10.85472754341128,883.0226209075578,269.0452318864866,198.69210902010403,105.39118058127835,107.90312858129623,0.9019314590929315,343.6536860016349
16.536214834372263,36.39757229158897,3.3453970844739063,362.3758031772877,328.0460213426941,348.17662326141686,139.45025976153798,14.494330888679423,0.9020192994895433,465.82245792469024
21.695339834586598,92.18682820280773,10.506092635737566,727.5172149515143,92.64270887580217,158.58692459549792,85.41379435596063,188.53144639441985,0.9441478004244795,184.6343598907054
9.122467194360587,68.95838212774076,6.160458467680831,941.4362284841659,296.0018666933285,152.74458206317263,132.6971884011275,132.35894984229768,0.8953916600801053,350.2196431447229
12.0052664259764,77.36265847537916,6.528734614349946,558.3273521615589,247.69709479692102,368.77221283233615,27.47920698065981,27.40903205486533,0.003281129010300643,269.3565270005895
34.63901331988887,50.49864331229764,7.30307369334519,1193.322746530682,307.0205523573372,279.84157868095014,79.13042783589714,13.980912355959731,0.9340148915815969,395.5719883239515
34.05820480377323,55.554563417110984,5.831773367849376,1276.6294142943277,282.9808166950678,354.3072407942993,73.98353926733151,19.648891454982753,0.1374594390853764,320.4342310610524
8.13337948522906,45.400059603287026,1.9589896697275562,553.0532572076991,134.34337084835227,163.94170574412217,11.13663298517928,125.78519505212573,0.03992625111115056,163.13133353398115
33.69891820642745,36.30276861275261,4.989661245041264,1274.12001628944,275.55151721569433,315.412736886096,72.05602779030683,126.6629288299712,0.05538853457805282,313.1217310021531
25.25623832101851,41.637056433702945,10.124148230062108,245.00719254422103,106.6105799850138,244.20947886343177,61.6641658935637,104.9367854384738,0.3489161951764336,176.25394833197151
31.433793952040595,81.83841294427158,10.153873821298628,1272.8207380717188,128.4354137992581,314.60173194894287,103.77182188844615,68.2855059240608,0.6208040852687936,202.58409208329232
20.277976102114195,74.04047733694543,4.650252454979919,313.8506043346632,55.60888668358213,173.8046768323409,141.3661690007126,111.03111900678186,0.4023111965189975,132.1258584641467
21.921092771639756,65.55037693905601,7.171488085086476,216.09801351361648,328.5752832735547,369.107443278597,22.010752356685114,108.097345966489,0.025554284649379477,383.07370876368043
21.198857666936846,60.880841736339924,3.3049848061730933,998.4855662174157,116.03110992209291,410.72750843335416,55.846694140047234,13.68895637654747,0.4764826341747147,232.35355818412648
26.005334953744818,89.95822843764809,3.5503951821826187,760.7123120574121,191.8054135065791,159.56157797455288,72.16906323519527,63.66915376222463,0.4421307422703801,256.5251751127171
11.77058387842045,34.72777160561345,0.8341827818958074,1371.046840577966,149.13983603384358,178.28545753359535,73.72595292481367,20.105214878758403,0.7568492655016469,237.7584165523755
8.809286926562304,48.23905286046454,13.502824973662296,608.4648745271888,336.7762797925555,344.13096407078274,118.47336091791553,181.02940277505454,0.27961289842543835,357.1297474277135
16.314108422962157,52.745960482096415,3.55524664358614,502.01316881268014,130.5662264096992,359.9691801796303,72.0753932166817,147.79240092917573,0.21753117379436715,226.0577427636353
27.02638059388946,80.85767779383121,3.7992412155787183,801.0288686018777,276.9201210694874,363.885854822827,13.80258220351147,199.26188233665334,0.2559389576766262,337.6852683545646
13.450043207319606,94.51345031052814,4.5542207733544116,738.3246600761258,302.28733102828943,354.0413121968849,109.41457324299638,67.4125400280047,0.303739822629848,392.4573610190205
26.182675699772766,45.64358345921495,2.3474170395837204,582.1992647040636,163.75014416871875,220.69154979816784,133.87615732039404,176.91231107381296,0.5991648733671665,276.8477695913524
34.1876252448963,86.82997671891025,9.76931180612976,1071.2378181776598,144.7966987694673,221.63269022569204,81.9466597569542,124.58031090717154,0.47152548545207984,198.26247659824188
10.535319326314296,83.99047942806644,1.5895728210750053,1163.3865674794715,266.75612090776724,157.21610687641544,91.35519303779076,96.09382731168493,0.3368945651790579,284.23751501613043
26.160257192078408,44.602730846714834,2.4459351817320787,1294.1775566421913,321.25567350105723,112.14350195232697,32.81110145566645,52.28889114484067,0.3743141582836784,342.37196104917064
19.981255921223422,55.956617712949466,9.848972535556346,1461.99924659448,269.12747191383863,358.5855945225766,40.89043225505399,150.29451140436714,0.37092366015897615,292.9602744171942
31.439840868192643,56.628736504013744,5.42507899698092,473.31866898550624,94.95170064531565,82.8668415472639,42.92383347744565,181.786742291817,0.9724066947103174,213.76211011701804
12.783044315079419,93.58434345422629,10.765243487167242,1102.5308754859461,313.14155665444275,471.38445192191955,70.30387648338134,54.70859563432044,0.23299698805295255,367.1146501493673
26.700900710106442,41.75797358962839,8.582658797717059,651.9615296940433,147.90195025415494,420.27569968886763,139.9403309253899,43.324163644986385,0.8180615602722586,281.42940831361415
30.629112820498975,81.94526812181084,4.212307009391939,1047.9147607315513,210.15570588671832,434.4526403803378,83.04986734008405,142.28216385092472,0.708210837588187,353.96210121377953
33.50458392579863,51.72252642125214,9.937005282095257,766.3743664889084,294.37375436659465,457.0676547229875,36.89367032818937,195.62490091784863,0.005570005603550587,338.3045717598357
26.44769676382044,77.50657247545043,2.1859683642467695,1491.2823438751043,82.17027324216244,227.95828653269044,47.25228302165295,152.49146920977483,0.993176218125488,233.24500443464126
21.423718628227537,57.30071527921808,8.27795055466044,1120.4629901070498,278.8883447735925,429.48233274118445,63.762104161805794,64.0703404190533,0.7564393706335736,383.7814493545779
24.681875485432773,67.5933846025751,6.838647523153003,1433.4878206080543,216.73372331052357,112.70819813415869,97.25625659699192,89.79153058807927,0.6824495863507913,228.57952689708242
31.46043458092539,84.11976526619853,4.384166950852891,1268.95736927366,314.80274180311073,49.955225519788414,71.60464142056075,83.02035073709062,0.4053247076766373,302.82626744996304
23.406463159248403,82.27076172395246,9.258072467222751,1364.0614156287195,76.75023260836917,401.0500415453711,64.94227818476949,171.89805342893862,0.5552030889142896,184.19045931978337
8.820450611814595,86.31750693008051,13.134337088934096,1240.1868761005449,158.82513822350637,74.40645807859208,89.06200405585926,156.56044798572253,0.2532708956674702,142.79900962450023
33.1356147786884,33.87512614740284,14.984118146564612,742.8227825262759,294.83822064605636,494.72134696992396,43.85689929362517,121.90533260468882,0.03548340514569748,314.0612645643084
26.61722227785215,74.98328594758341,9.312560146779655,452.50383468563814,26.346462140730857,350.40635761671575,21.046458161841507,62.242230975411616,0.8360216584459729,149.39948041853177
26.265861415985654,39.099179486914586,6.368235177772967,618.4482456307311,57.02645103266214,386.58686671136854,13.418004075111096,188.2178202671907,0.8964844936811717,223.01518099540644
13.823229114738364,57.02820692119671,3.765502953134923,128.33072569593062,346.88652020972245,153.06977388781831,45.17628288539779,134.12989270613787,0.16247063661423988,390.32765431742604
25.789907696281745,65.65824697855476,4.22789329622912,833.5904344505341,112.53007893481568,349.97808120305655,22.822884780225618,194.39056282393867,0.787056095845733,242.08831332646608
18.63433895266228,56.178066508544,7.4520971831716025,807.0809203785722,341.9292539289046,59.88117113728032,57.08768939290735,120.22223627798584,0.7411526732856587,375.09810894383133
25.583290380120285,63.774758927195485,5.8255266685702844,835.3506507626835,80.23541183286238,425.3998311648564,118.21069565036578,166.02662408908668,0.17837500193609046,181.5415148342164
10.878011818315748,94.77421007191025,13.750310578061692,1463.6437149608894,139.16116619242075,118.02708279452332,110.28120626815736,164.4900220849601,0.4218288025747938,129.32510291427272
25.761823224281972,38.78912539133556,5.840284281007788,1376.035604836775,268.44691668617827,360.78471074353445,95.52986719032404,74.0924675983825,0.42275792083410335,360.1005670811485
34.984170595807996,73.90464294686765,5.914946571608815,326.3978896621512,237.0668743885989,143.26103056705503,129.35003414312703,193.16393736187337,0.7599642583052485,335.85345296647
9.301725049235014,55.74006281506499,6.061250430292666,616.4355301782449,211.77039197658834,71.48845793597965,49.48946743619874,14.168878843537158,0.8376609057760555,270.1879340307582
34.383702973975566,38.64563692897637,12.630993050331043,693.5386512485667,194.86672801565248,261.4870921327214,133.9075254241952,156.0550726658087,0.09477512139137101,219.64778213698
18.986514939517505,40.31788961933012,9.936430652280077,604.7460849923068,298.33534640936426,117.87165672548315,65.89348375368508,193.45584629516833,0.5629692349042029,310.39716368011506
31.510343159105997,91.7027519059651,9.405448329623944,1217.8943490454783,97.53302573501959,375.5442346302129,66.12506455732772,74.39255862390733,0.7617484969288852,178.12244754934542
29.124408069573384,87.17409728626453,5.345073824566001,833.6527378146217,166.01540590786107,149.28028795640301,66.74922590757302,133.1410116802847,0.7861905940651585,265.6549657774163
23.30943904664003,88.95772742697642,12.359610564070373,900.9397437602751,71.2992564116309,197.53737586848126,23.733211273737403,116.82241747040001,0.14799352443040892,56.513932022721356
27.938128649785817,94.44963042878013,1.0562759896576663,1294.2189825830958,216.66072659113243,301.0220555816575,146.5686697663478,154.6863888385395,0.5255051431507941,305.7572582648991
31.719920155136393,43.54050035055367,13.126558998902642,1228.299414781502,102.67966000953565,171.08540768556333,29.390948895522286,174.57380511255994,0.8575587063627029,169.5058130599672
18.911788684577893,53.10355692866401,7.934873547011979,285.09613194841955,130.1678812333173,213.87453345658236,57.724001425685834,124.57846816691412,0.31851857658528415,171.37763533941853
16.829895362207445,73.49923694511634,6.274628405519486,1099.4804177170881,175.5127364857643,415.18601467857786,54.702044845746,165.0218714124768,0.42511689891179716,269.57271044184955
26.025021410216787,61.44716509094207,7.708925570406443,709.6105804628497,28.834293282032192,122.43653079807183,20.45512059433935,69.33425941895848,0.8043585113363324,128.44122558332091
29.81184043241398,57.19531966959168,10.17752519274055,512.5084642875006,50.33951885387643,77.8127311616895,31.316418215662733,53.431541153915205,0.0893195211837623,2.257462509328384
28.581698638968625,53.257731206813546,0.6850986845095117,170.02634926306087,246.35664283371247,191.04458116118886,16.280167065954014,91.82686101123963,0.8594932898889782,351.45158384729643
29.54096851918313,68.5957410763244,13.137501918644592,782.1493844836314,161.5600936367774,235.21331282638397,50.93662909847188,138.76995392034883,0.311156716730809,175.47413804728404
19.760749499949192,67.41357286160533,6.977723117015196,597.6113530143439,305.3807732599655,289.6232697828211,131.33196936404693,45.576920298357486,0.0014503165911271543,321.0545071761635
30.081523836725584,40.4947592141756,5.473014535651133,452.11825554696117,249.24176120258582,211.31490024050325,57.52190880323383,139.26691650885937,0.23415914505635826,278.94386731043824
11.245644495006427,60.663089438698535,2.504560701693828,1072.5404214357404,22.67331074361641,403.3593821024904,27.31685648943309,84.87779322869278,0.08950064089550647,92.67986472209495
22.701205644942938,65.97566545364023,6.872247928197411,1177.279542241822,223.51506915315449,58.0869643274977,100.39714157374851,161.15930203960008,0.09238490699624413,222.004042258936
8.155483833449283,67.06865101754039,7.696680183623493,442.70532664119474,50.929205799706416,238.61306757133667,149.52412768768747,16.99880524962763,0.6928357341425915,154.5158878798905
16.7638174073073,43.65696753930287,6.352877070155428,169.22641135108614,277.70794933086313,215.83772074194613,42.52533053446986,136.91670118758495,0.21397633563906482,328.5691549814781
17.894461441527742,78.24764049639865,10.340571360490008,1288.253780791329,347.1975371319057,337.88610577115514,49.13994075187972,133.46624396349387,0.9347423629769824,434.68577502880606
18.696662673449893,31.637941163369526,6.602999667008777,113.94363768602464,195.29560209969878,484.48707587280217,146.05858759931039,188.77774046380972,0.516444546591304,364.1089932883303
26.777614580626278,53.06407061030558,14.440554878775313,1411.9574914900609,245.31723506406303,274.77268704927656,35.0286802570682,145.5398351771734,0.46009825795491854,268.21398878736187
18.491068734299333,80.71382215481617,9.189524008442081,978.6678235757882,98.31367309526802,493.9633495931914,81.56996944428295,161.29736032042342,0.43428351822015165,209.60802935410436
20.114727810808326,66.65303986860116,12.20843006695268,550.5852892818484,164.4072554387519,179.03472166007083,43.551298622253285,181.87229301210198,0.6925876396716318,230.03073500593928
14.41369153360684,46.97555811320592,2.085660595087443,445.06907340743066,302.5114596380066,54.19934096953207,140.52926570617413,138.25986447547768,0.4522627625236084,359.534924651328
18.07779837399218,75.1719527572981,6.260723747715633,112.60792997026535,75.24957275626289,116.20505703914986,147.41294204068117,65.12919064239517,0.12860035622519184,133.91248463504314
14.13627993610509,66.88041137014477,5.384291670983714,429.65998381522803,107.6267498525415,221.75744699630096,124.05769845680216,175.2570219208692,0.8801721806407565,278.45414634742156
9.976289941747979,81.75583461466516,8.75749462798058,292.81962212399753,166.99311284438997,185.51359822673402,54.06973421379348,152.03984270043526,0.42839534892565867,228.46389617894837
24.293112021297205,77.77663710233853,12.986146040890672,957.0327090124039,255.0421343085246,84.64490025235372,66.4882465392707,90.64314476016976,0.07400457569950247,213.44926821449565
26.04174556098544,69.65701493235525,1.6359041575490967,333.16382403132184,144.04170508257238,239.02364953772974,43.92279571329899,145.0005428034928,0.5293659874977611,220.6940044309724
24.726239342259593,61.73154889520291,1.5523345716483063,840.081772551267,326.15165232839126,195.53325496339886,134.7061153812588,174.860886664417,0.6473468584557034,446.43408115991224
20.51433918261545,38.65683816838902,12.829606768285183,926.1629912822591,51.17082691867733,96.40484141042168,138.03815887634212,195.3739049643416,0.27558246415775856,43.80044984702895
18.254216064839206,46.986646162549945,3.586326247556183,517.2583776856803,142.36538518979967,176.2138800814781,68.64189271444661,190.9467857522205,0.8003404076738423,257.70471721406403
31.31000853843928,57.24146573961055,10.196922189522299,149.0909286262062,253.95486073137923,447.76058546347963,101.91462978642026,71.81228708518688,0.6697758460373637,388.1858599893169
22.01520819867789,68.95445365541526,8.371732919231675,152.15543285987454,94.57563266829251,178.94247812509647,33.17744516845714,90.12180560645453,0.6503411692644334,173.3420261736196
20.93791069600274,63.39101058899481,12.576957125864828,136.88626507148464,236.6163342957921,368.41949469134374,70.89102605087726,30.811954945700542,0.4208249528677942,304.31704437317353
8.692335776773763,48.731994187369416,2.3137891926278513,1134.7745339911646,74.19159621502416,321.5416566425676,98.40987493428966,57.03341453342874,0.9619153014112878,247.25839223735906
17.21369134590622,30.420183256331185,2.3818530029778637,545.2135867400174,38.47349400435651,236.50333470785102,63.956436592522735,177.66002961252056,0.27418916794924764,124.74959736810904
18.26528170721814,62.25554942355291,8.57386622403546,1214.820260354729,59.93518652705412,149.95179292968783,60.06393359610439,78.56148599307821,0.5777055010154526,80.71131870209356
18.768215084216315,48.565689256545795,14.222490473696379,704.4259533799889,326.89497843426443,209.7467616991349,10.139858917371974,127.9050051330274,0.3090551574726176,339.98900370265335
23.664653969137973,77.74953954618478,6.517467496375937,734.1973411619493,202.07779137005193,312.36931819667967,122.60108492879597,136.53346747833632,0.744804752971554,332.13358216426184
22.40726876162572,31.556507242581425,5.240660453693077,818.0356435134032,282.79410590828417,201.34647878470327,134.50726568300274,158.54756227722928,0.04779148387012144,329.68601345275
24.413437505423005,68.01380773487641,9.296995186369344,1098.2440389251456,129.7759852986669,138.85235944414666,145.7248941364165,44.732005746669884,0.04589386787504923,121.10737641229791
28.651848061637462,91.19582543789426,13.991504707902951,482.9040121615899,215.5773538021974,93.57286449015078,110.69799390969017,67.91449557674275,0.8108609695187914,229.13671925499509
29.950614945334525,41.33660236224747,12.635453576247043,270.22228934693766,183.33420412264724,444.69279143840004,86.83092373178384,95.1839048770543,0.43426816106367105,287.1587996501332
27.389323058115348,60.657216898788704,14.93451235563169,878.4802692680461,332.09352660275704,242.5439688458766,47.69983277321931,79.31980163527197,0.3411800546003557,303.6185168269791
33.79913979078324,35.94242946811398,0.8272444564344679,557.768672539835,266.6996298978564,327.5958280017478,149.90192663488978,196.75199424334104,0.6075268621753385,411.81786092447635
8.492279732261764,70.66932429698792,2.1364430983350524,719.4878391352523,261.0790683938711,265.58876612293045,92.56539963449478,168.63875261060537,0.7018993438689736,383.3084722518533
13.286005613455744,65.78455923875467,9.337282568816018,1005.7253916722275,35.296578913312246,441.3805984446632,105.36157012626248,101.14048337789235,0.2012013468444066,96.68398705896803
8.204197624409836,56.4787590738341,12.398358370340821,791.7760375977789,201.39099077121804,291.590032126177,105.53686267374448,177.06103895642892,0.18543124140473155,220.3399495149633
25.48181728217428,63.88950639579318,4.636042963448115,968.39034394118,174.1071797875989,261.15945225659215,128.3352514060054,76.05406004082639,0.9581507477598815,332.4723441219792
32.246824821649646,88.27735280048566,3.968560776496172,861.880002959079,326.1879479800442,465.3164555939878,11.35415543856869,159.30738153915027,0.5896643063845693,465.0142805151603
14.57402200756008,42.75912965021936,11.911149091027413,1135.7149207105388,104.92285610254564,371.05721418086307,40.83457166039206,52.498363640226195,0.3901164772942681,148.3174678301422
33.02993270950028,31.46669326084757,1.317536880871858,1088.311264796268,109.04503958606112,91.31295737955438,103.17476002380195,156.74118859300953,0.8014416946695064,227.61793367061952
9.627219537818142,86.00821750544156,5.856048389947484,847.8658485320669,155.74426213089512,121.74405215053446,135.3204031554395,96.72614660718838,0.5251589587779172,203.40419270893244
33.22977272374889,67.51261035521392,7.8342337275887814,1050.4642292035896,100.31200542410409,402.07651695214327,105.94742946898987,30.424870988526045,0.24166281037458137,168.19517936205924
17.49381255547013,87.89279960501975,8.62505577807969,1322.9834431816578,62.63069287688733,424.49160774277897,67.88878080911522,61.91986636556064,0.20673530564157383,144.47209472154387
10.738362368128847,68.80143952185622,11.064919773495264,705.179802903436,302.9468993947643,290.7877813815364,60.61776942183662,86.43217856447728,0.3968592661698217,331.8908711389631
21.11853749803079,82.66047084738065,5.645262989744545,677.8683018483111,204.23125305329222,295.04940481865407,113.31272115966486,152.36565321624306,0.8598958602598796,330.38508060966495
14.932967328453714,57.92876861808462,9.383922997781804,1169.9438691933321,304.24969725566706,330.6891629116645,113.77327759920708,23.866715798880662,0.06144791604425892,270.4641829897881
15.691568352971917,78.74089553373747,8.987943630468866,915.5753718587916,294.2744725832197,241.99325617001415,94.98811895079665,135.31392906760152,0.21852600075476314,302.35052101930853
16.296829053009738,89.34769534784064,8.440433459479333,199.40949231162398,113.07397708059146,352.8915968025958,50.80538337362719,146.0425917772403,0.8931518188525914,257.31887360797566
29.681699241481912,67.18799264194341,9.787007750562077,1348.9568219675139,200.75335662701042,89.90137848055122,139.5216745746761,134.24506028589278,0.1217345689692505,172.4687048982086
22.55735447023187,41.75103478655467,4.262012980487107,143.09634313269618,47.46184190422325,482.1884514889977,87.26319189660947,154.52723125183556,0.6296257182641684,229.63357232555362
16.4053078772121,47.471844976962885,1.7274069269771202,1147.7548986936404,322.0331217301503,385.071218945664,120.66892987476628,43.852037044339276,0.2135113681210251,422.5148299634889
24.479012149394794,42.91189749833138,2.2294392445762794,1162.3117997860381,153.4066959715005,330.34013384414317,40.003156702656426,121.5496374619771,0.6058668475118884,248.02630633090243
27.336068204026226,46.045706793722644,3.7564445484815656,1434.3555193947027,149.91314068337707,185.50814622436113,58.165710406061905,188.81753996873718,0.3831041668442321,219.85214988914012
15.360848019805411,49.917004207817364,7.752870065080386,175.78817176324907,119.90927230392457,114.03952423009541,132.44113229422794,126.04901126286217,0.10167689643099187,145.49323017279372
19.16582574118449,66.08369613895725,12.686419882917292,935.5996050982874,172.01903575453227,228.29776336131454,17.014984191595577,126.15390592106108,0.5824750675541064,221.27774147113135
11.290924520097583,68.21945591514913,10.66875346028157,698.9767988778741,103.08059755999786,344.3253006640669,81.72414357593269,149.9235320015211,0.683042747084586,224.92922287686116
12.891032437436369,57.722483570720975,11.941088760929684,562.8861368033588,143.7012500229455,331.506481974631,77.43876717816126,73.30880410391322,0.6802726189658028,197.76801641646477
26.390182057054535,70.00235068835431,5.589146546928325,226.44598441870227,283.982526033011,216.01493133016288,115.1722264471315,143.09042125109272,0.6370344090727096,381.86018315330074
12.898835387781928,35.30237016473878,6.367479253903977,887.7157675398329,295.3043161831067,322.1117411632397,49.46512788390654,184.08442832951087,0.5002247809355458,371.7765391574663
22.179411359010622,35.7062354087804,6.208387346863886,770.6570159444591,120.38021761741032,414.3242159610719,40.669355060343925,12.070139874815169,0.5194726168593257,203.9475846974214
27.144249066505683,41.1689149232478,3.282161173865272,246.37624141143397,174.77476208242,52.09099527529925,139.65859742825273,175.32147781068443,0.6356401098079596,263.41576177328255
10.885676923558083,63.675037372622405,1.3876415430817943,957.4853099359167,308.3605261724172,247.28568204792683,90.03935127418507,51.53748293918323,0.690259361746641,424.7429811406863
23.317429929980396,43.90965411539038,9.06828334599479,1133.1343683541138,37.38219950380005,388.9354050947239,24.656539559711632,96.6254220030713,0.6548767388313851,100.48091764512155
14.927195159936822,48.41348622701753,14.843641909598498,1174.1896214751075,313.4178374586092,291.2264564131535,37.025062710004946,171.9460821810012,0.5869455649134517,332.8727225097136
33.99902563141465,56.020334351244614,2.919030721778811,1367.5224635673983,92.33083406526946,339.6790004473722,149.83564833199478,166.5433042167595,0.1558389848041184,157.66218989177716
21.05573246143797,82.7712980606747,1.1769298885394694,673.259038644288,243.91795059074403,277.6711405984573,37.38525947530694,179.46622084395062,0.21061653849286177,328.07399510533406
29.76179884392927,30.901038834335907,11.803209386447028,1434.3018760709917,212.2420598069181,496.26229055386307,95.46657158951503,188.67919060017996,0.26022402103534836,276.6600976807409
22.856116638219067,72.20962331538045,4.162497096928501,1311.6011671157605,202.4704469024532,65.12590678495758,68.81793105938654,94.95982178663414,0.9196616570875022,253.1825757989654
9.172138387080118,73.47697451764455,12.52983517761746,515.1021994335147,303.58887416843106,265.8806180152935,133.98387327897694,134.70912405219133,0.7593950917969665,392.50631310232416
25.095087141038604,81.91262572318138,10.707081672000474,322.99625228924185,53.51880740273822,82.05161259267814,115.72360292134589,84.19090369996027,0.5528668195368782,121.77182505710444
33.687890239579744,90.62894103892036,14.212266287236666,709.5451545792188,134.5192483574599,113.5013585722424,93.57319547665422,76.6361763235115,0.2520569285440468,156.667536874017
24.24351914395094,31.30896018170384,6.429444918471744,662.6581911383532,197.62340629377266,216.19764119240045,11.50345745171755,92.0031280135572,0.11089152324417118,199.52538120783544
30.118099204523336,39.99594085835905,10.098562672034195,906.007027463686,287.72532180219315,111.54844209022416,133.17132904908436,151.18446560870842,0.8987592259799747,313.72385915614336
31.87357451040701,87.60113411363955,7.240394321792425,916.7407252588472,91.4262175258516,483.2960963400595,72.25344591742028,105.27374195689504,0.892666015822917,273.2145505873427
14.158153842621177,59.803706542156,9.64353611097388,1149.9817781319653,284.96684765351114,475.5232972935732,140.42087142260073,164.671338145185,0.11069559569569154,375.5740277575034
13.725210677522119,66.69839153067514,7.019184137112191,813.8459274878543,151.8806992229988,194.61043726147776,79.37546179958817,151.5915106672696,0.7972166660964961,258.44198773078284
24.496486698976778,73.09676824200457,3.235167573149085,246.75169731707177,82.34157262311948,334.2839475373326,107.19142848558157,13.890907613635871,0.44664506930991266,226.62702021073326
19.097768684781027,74.13932929221643,7.864512532049023,1301.6078697743485,270.4655253463493,285.52652747314164,19.7009709253299,129.7452498501707,0.3239669328305401,297.99698311443746
30.676255177401448,90.56312621557304,8.164470920842913,533.6704164592619,49.99663748660078,415.1700110372536,114.32123149375002,92.9485134286323,0.7391045362087072,195.68271551954126
32.300624331746306,94.80171213175852,12.253755799772335,1459.8164444292288,189.87323344489616,328.6249805157934,57.31944438366921,96.75950793871691,0.6143295410607306,245.60950306364725
17.54237724117339,76.81023496051111,11.165050234006927,265.0041521516782,41.07900867442318,40.11612906565857,59.190262006449316,165.49088023527997,0.7800301075933374,98.53367076765453
14.395505092311016,48.6693785983348,10.124978547150938,1441.5516411255046,137.6178922020699,391.06021738047986,26.611818259314592,114.04551735608858,0.07432886063293709,172.1974279599569
29.07418891158427,87.18390614913233,2.1441128855123015,227.41652963552377,218.35534367210957,383.5501357962143,30.560000809628317,178.26814645719995,0.3185870199574564,364.1433095750357
15.419762959799675,33.199359445149504,10.948936214623867,423.45059312588324,203.51812869078032,274.47244456058127,36.006267868869415,145.43306255442118,0.31931685041673574,262.38465819202617
30.210586599869316,45.020255436842255,7.754424767140464,165.21191892115823,153.53628790853995,455.34272768720473,55.94886359999913,115.03960166517004,0.3297530922877655,278.5279238522942
19.440932848516596,88.33007163514146,13.46444327353931,1087.158405294593,161.58583801079817,457.88525461758474,134.87578778858477,153.3622154687097,0.5024798726438054,263.63834334652637
26.023847280869703,46.65244843855807,13.83812854489287,1290.4182312005084,94.83395260575296,280.9993712840227,61.556433352211265,17.286319675827386,0.28301380308094737,103.66144970494013
10.579453473536041,44.34231887541365,1.2997705637258892,707.6995145423726,170.44125417995394,319.6745863504073,111.41077891885058,15.14589441735947,0.4443836100875197,240.64372937442192
24.84420176626747,38.97814405411607,12.399302625139942,1399.9309050594015,334.5741023878753,498.4001530853493,21.584650544581997,25.83637211496189,0.3677775931154158,373.53925321931393
20.197727325905184,85.84226424704957,1.046612161128724,926.4187004578395,300.64946286865086,177.45730801325206,92.75383189807897,93.1374117779571,0.7352960480205113,392.3623320188868
23.838428505737802,62.503786847420635,5.823959572577828,982.0099896251324,67.92684679519346,189.3239314632796,77.46477237786154,54.73552766911919,0.6035007956750501,138.7637073521964
12.536383609111311,73.86805819852006,8.363349646505647,1283.5868823810779,29.827659815903907,124.07599522520833,146.91411257363063,197.00964593899906,0.6536294323173154,96.91119485256404
27.895591113492916,45.53931496487693,2.647461580093348,515.5202870725745,328.0630231964881,452.09879201261924,128.46908778305482,113.03512641215971,0.21058389408264444,443.7477991623997
31.29552109366717,79.27262736572908,11.321550282251614,595.9720098586761,193.82741746064673,382.4646593766625,73.67616814141095,135.8589917554201,0.32550216532688936,259.14246124372147
13.851974602450943,79.40036042253641,0.6211432104960093,1368.332686872502,197.48648163927155,88.59571048031127,118.51998696634743,62.975825886872364,0.021165447612074284,207.99888728282502
10.584292999044367,50.31887161903951,2.9446862022935343,1361.3488944542694,277.63693858315236,491.6129815510642,37.02542378112885,71.14141263164566,0.10837470729316989,357.0763946737422
8.638241823251082,56.694371145668384,8.921554032875397,1467.0758866812191,123.84736137753777,376.2423857541134,88.72708583484894,73.73776368681962,0.26505423198888733,174.10641478900354
25.333230511968182,43.62986803296306,10.858619649540739,1362.5736430183395,179.02949771588072,431.2401704182883,20.446667779619148,142.75978397855712,0.06546372130202105,199.85302116096108
24.39153897439708,93.47646651598878,13.791324989061785,278.3208504467052,339.6587613384234,62.14936301967242,58.732464515235634,100.00417946096861,0.6026324003547024,351.31231216244504
22.76083014327989,71.96416750879675,10.729701453052046,1253.2140005917822,241.80906668769435,272.2820227133971,41.62070542710384,108.35989398071413,0.9981301159238253,328.57732525019736
14.262571595131337,90.7453522465085,10.240799418695556,673.7738693534317,70.73586055860936,361.35521189443807,110.64737414552953,122.48056661027562,0.10081521406538851,124.3817600488329
18.554461889448895,49.720060335893656,6.217946622084632,1487.121898324313,63.964826834836586,289.755428903047,78.6126967700106,156.07421468526124,0.8212302126692651,174.30732037786436
24.050861050026672,80.82290934479784,0.5186241701386205,761.1933500603214,87.40737024989178,346.65783422166766,115.14986703872147,27.170252217370848,0.11881624726514717,188.93399538114755
21.412705189197574,79.78081185250824,2.2423092516665184,875.3705155031089,273.01485255883676,416.22206925161737,82.14136126840238,157.6060433215761,0.6699140187964361,431.3833922573254
34.670209045801954,74.9576173713252,8.251040898962568,841.6848813595179,117.4744112674033,212.19504896169025,22.107821901229393,117.01466308628417,0.6431576030590171,194.89750052727553
11.683873319031795,92.76653339234203,10.289383344744085,550.4318418015889,27.05831940277633,430.38759078460646,112.95147096255374,137.12813452249887,0.9027169348111993,201.42852482159978
26.768902959285032,55.58109684691051,6.553000116498706,205.03092445008542,331.5775399568684,114.94140819203373,126.65209695829279,72.23483531974478,0.11394561368051237,346.85866358160115
18.916606738815887,38.49662603333422,11.094845667161659,1353.911722562686,76.00542741032052,164.6075853121324,136.49437162779094,87.78349899512534,0.3154444660818978,96.16805106704467
19.561389602991596,73.66107585086395,8.067003282316591,1223.7461375368016,23.15420142886263,59.93898516656986,90.07887234293915,53.921505734244846,0.09077976035468571,7.05921678259374
27.375139672770757,77.4051370310184,1.5755548361175271,295.33749278353696,98.25342878649658,207.6363332142155,115.50195025992932,196.066999509307,0.4073833258044338,208.0968492119566
26.69577608575798,67.37893727482296,3.2842356390352583,1187.475579890102,97.55949974898412,214.75839061909534,115.2862071635678,104.43056477696017,0.9115931735574448,202.03613945749117
34.763911829959085,43.44316305367076,12.679974237037172,976.1853324708541,159.26173277908862,410.4244747153354,31.80496637185221,199.2546140013536,0.7815231510618561,262.8346288177527
11.466645815261382,62.7896362085081,11.011234826054373,672.8013030846712,323.72864439501217,340.44010833324177,32.99089624433991,103.05933583164061,0.7229001004453192,430.9968905106484
10.81096053337249,50.29233287699341,13.474048811681177,455.6296087337878,310.13102286710233,240.89237675160666,19.923970813277656,51.75274023297279,0.533027504862702,333.12922968937744
27.55714806247601,57.78532433083479,2.20458011225358,1303.6202969031256,170.7752031442012,339.9724301669242,54.787908919642206,106.41595538000277,0.8834857423355229,338.91346539818846
23.616446759173044,71.93920742990315,14.858226751918572,1080.2635630116743,155.59696864729614,64.28034123721794,76.29120228374903,17.523158641824782,0.44944179824132835,113.5979962513833
15.402337997114758,78.43895827490425,3.536397352274037,866.8358732567916,203.15299853670092,122.924906568453,149.70569938559038,181.90626227017074,0.14968566710063824,234.9905770390604
10.144322962702638,45.0946049085873,0.6708082061563092,953.3959474578497,100.3398239506827,328.3960134112073,70.33906788954374,165.5245477269438,0.8375852231207792,261.72337940060004
10.312772739103625,56.34614844205197,14.962632616276535,227.49265491505338,37.22104734889974,335.028736843639,111.67396239103192,147.9058989319141,0.27963832805172684,104.00460904565647
32.1431536159312,47.495502114455896,4.57557133895414,763.4876652756687,329.9439649364982,396.1019430054165,107.07558367815484,125.8670759340674,0.05363354102444806,380.66310304068475
13.180417767406059,42.911054901021494,10.186282061432118,371.1804098999828,81.610665009467,225.37988916465702,38.62747303508114,120.16850439736899,0.12603803066879138,91.42350843817013
16.73103217711906,80.9201692997295,3.0618935555564253,391.73715061235555,85.47224065108641,372.3748844434319,18.191001202921097,199.37836067509795,0.6090589161941482,255.24697604432694
14.119722860128675,89.10142513840451,8.913313716887554,1025.8255472016135,175.9119085218027,354.6309529776871,86.44094521470224,62.81951246378821,0.6070819639211725,279.60106323143486
17.58490025746231,54.06509206949749,13.608507303591109,1375.7586125680034,182.23240379730913,483.16095405013056,108.04278292402665,158.1400294194598,0.2601831710820345,280.812190169061
9.87444375414452,78.83313008429485,5.14262692771236,665.2592546696851,26.083289201244842,138.95990415535243,149.75525062607585,120.46690634059492,0.7271801479459791,123.62687576187975
22.0146143545233,88.30469380868672,10.218682652643208,390.8489822170665,68.82506379541033,293.77259932621416,60.2055473193639,195.4173033141882,0.7736401553995343,193.21986205505473
9.825539216989803,84.99807368446506,3.2246020375770392,1008.2457121313159,144.79109012504478,316.8116433708159,135.49103869135354,167.28260482666795,0.9205026261336182,295.01753924582147
29.609625711203762,41.88287025504968,9.559533281421515,1319.6618648904448,245.6311288584779,499.37802706974156,63.4705438216861,199.7197714680226,0.584937498678237,376.4921123353013
14.310226211581693,92.15897229836848,5.378530101353897,1147.646321571487,95.37809075453883,132.54470539665977,106.51763918027179,121.78174894786481,0.7794233641475729,190.56443821599925
22.580321694321785,54.48396862791506,3.562519749525299,1316.260122751222,159.59476725978166,280.6802891849544,93.75541027238728,48.86335193353766,0.7530996797716337,243.53854876038108
31.762135364159374,52.05064297629936,5.04113973520271,851.1765394151191,203.92387135643406,199.24524154827387,17.41703106236357,105.70053678199943,0.2578090484671929,220.25411336149833
25.573688964274243,34.05803627305572,3.0931954933630905,1152.6267421168673,313.2355232256864,281.9107655463399,20.97437977583619,145.11111546960916,0.31022592793765935,376.62800747106905
22.38986023688605,61.60128751681739,13.5777835636493,296.09038310251105,127.60326576795069,146.77915696742872,12.906972561424537,157.12847337450174,0.47848239575287144,162.46244235494456
16.75701133411514,37.08588501666036,6.259209851598368,587.584461508468,64.07422773494956,61.90169407664453,61.91677184315853,10.096897913029277,0.019038967529248496,50.76746744923115
16.991051652571343,46.15508836028269,4.056549922128326,645.3688302741314,181.45983454621071,303.3801087929369,114.4121468272415,105.95514681543587,0.29739777315772353,250.27106387072885
26.076147790351133,50.60127041487329,7.0019136947310265,815.8140447444484,266.4181285557405,194.49298529598278,34.18575515870118,54.694570194422845,0.47388287334423795,267.35093819120885
34.84176275297152,82.57371102695947,5.147774418694185,1400.7069043595532,56.25371982740203,123.69304480427948,94.81941557374542,176.2332483184098,0.10806929528114373,59.77696955856595
25.869658125933224,86.90676227573327,11.294079180293226,1324.015184311044,160.14555225999692,189.01036039589553,50.43588920435091,39.05203436954342,0.12627588777512544,142.07423384708122
23.06015226899067,49.660310634995525,14.582688722339668,288.33568920485834,25.86909661661953,62.66889266596266,121.5789673570701,136.62668741921834,0.46323673573734114,75.47638553070072
27.727563776459643,85.8153778808973,6.851488022115879,341.9055126354485,31.074529943592875,477.2034276814475,121.77546086041873,60.55181616173572,0.7309650315859312,203.54049688806845
20.56055153166039,85.72001092903642,12.984984299597485,600.6967694244759,179.37460986149964,307.3280408876998,118.5580320952993,77.74300721071172,0.8337489309206831,309.2113217672663
9.623843250221201,79.70231177501678,8.705014566614484,507.0414122469435,118.40510838980671,414.7935934196314,83.47669193219275,188.7062595438005,0.5463138975047486,267.2143218591452
23.182014028703563,39.5351824109868,2.7799171438663857,960.6793344187672,298.885408671786,234.63437087195598,49.83933941117924,55.6851438275351,0.4747489875467311,330.7818918766383
33.85588268164527,74.87098504854738,10.514029760179453,1363.886466870363,218.71092102172992,455.5247470804454,123.32216614300884,28.050524746356825,0.3842805684597552,286.6432803793377
12.73317944365681,91.42656419773698,7.944800208324391,1447.2081583416216,169.79787737518683,262.3263819140366,36.05407867149381,23.16413127440291,0.19294899243760621,188.3079649322156
26.630132052157975,74.36513111986521,9.9337945871555,1015.044133549317,154.6186724479178,304.0148482123079,50.56634428401184,105.87687091889781,0.1465620028143647,145.4071118513078
13.425209593794525,51.555095192009205,13.400467482289141,1273.4228819615214,184.0910084625559,266.22523082882213,35.75267886248703,131.92518163401473,0.7918964516618081,246.98691339824828
22.467347480773192,62.537655633004036,6.886301274512668,835.283080323116,33.34481430017824,377.30801609911975,104.38942245427067,72.18579227846857,0.4650066322123362,159.5862784634118
10.61026414046143,71.97212781781849,13.567075536651657,391.6577256040556,314.6218076188178,300.6617956969487,106.07304393621453,141.14935094068537,0.7903202454797547,406.33053894713294
20.160015278971,63.18707656735273,11.384700707083995,834.5637769308684,349.44004139220624,164.93550484698295,101.35139899014543,21.596406528915182,0.7040830359006297,366.1046444146816
28.416409880171642,37.79694121251304,7.584771425230779,877.1156420127115,79.89075120337057,106.94818440841729,68.1842053610535,172.89358253534658,0.19389591438337883,89.61908759020366
17.384431154452514,50.28416290238134,9.246720967040474,1139.4405898989792,59.72637837562451,318.81721888616977,24.02394100820065,165.14776985045518,0.5103072642112257,135.31929824692355
25.952616561154887,82.15574198598611,5.220926421525666,407.8361855902887,67.38056293803643,265.02278231163666,137.56374183210295,197.24429156449628,0.4440166304226807,170.98682974834904
29.47714894132269,85.99217299620864,14.762160846212225,615.6345349214245,238.13892921734114,84.14882048021195,81.08233496171334,187.93594637135064,0.42387350609069674,224.3543456687566
33.03380112594522,38.92450212651207,10.176591864230742,609.6384569003928,238.27547668875565,221.98403426490347,66.97610728755281,77.67746114459634,0.5425710492038138,272.967924012961
14.335336210097246,91.9051389059171,1.1357793612011335,1443.2154340376308,299.8149735518756,276.7971541202087,92.43548505476106,85.86232296295967,0.9820819010754379,425.87667798634305
18.781529726851318,51.373470160159606,5.236017633346127,721.5229444574065,268.10270818066357,420.3708875597714,36.990661014674814,151.7333210208693,0.8129005976707453,405.6623059329276
12.11523235992127,73.05039301749679,9.538059289506334,1157.131554217405,168.3975922118821,75.00648568334668,28.556829074682415,35.47572667144681,0.9037124316303916,184.37411672385676
34.79705455827613,78.86863448718427,1.3168325280889772,1151.1359339242147,222.24226931655522,200.30786019316133,66.7735310041121,69.66279494651863,0.029639583176037543,252.29435549497668
33.02902613395597,82.77650525146242,0.8463207741275701,471.76185872453794,247.1339412214426,418.42181644677726,41.81089717398747,32.52277802537317,0.14033636679250594,349.7103700460112
22.578842517575108,91.47373064468546,7.025351473153138,900.617565120425,189.2030351941243,338.2750086149262,44.20064123520304,96.42842532383796,0.0847636602245635,225.69950999847674
30.734898948163373,50.33977062187347,5.324007605543715,1352.0240506461073,176.96482486904011,173.3808280297419,134.95160828899412,114.88081317821035,0.26323100506527664,207.62831582022324
22.065865386345138,85.80291954585104,6.855329816480905,765.2768072397292,232.88215706207558,428.8541561304155,84.30628480601548,50.120489292922954,0.4418924919666505,325.7835476866692
24.836813576074512,38.55964872335346,4.3090529932600745,1423.1645102795644,203.96660116196574,266.91504705883847,77.68566900526916,15.06002051367995,0.6420532476558896,267.0213200297842
10.406359667132449,75.82765891298354,2.8884073306732234,400.2415210538262,232.5009607608504,269.2418700028119,106.52714312200362,146.67760803259938,0.500831266286602,358.8493417040284
28.392301353413814,78.22855241840908,10.492578676214896,203.82274808364303,222.24207540791008,489.2301760321768,143.21673591474354,13.800981240972018,0.9031839149131398,373.136214785781
11.44826405815134,74.05201067808582,7.961281185883108,1348.0354224026491,257.33486496950604,475.6735914887341,25.707799025878973,194.94649569638767,0.9398559588938638,389.59228537388316
30.303826016818267,46.400457848784946,3.402236063115819,1286.7536771471032,232.1251578983491,204.9250343501282,126.69483939529601,52.10537878105514,0.1635209511974589,246.15054587448546
29.114758367100418,86.74780455598821,5.134046680769975,1489.6258263073826,191.5150205242982,104.66639918501787,91.76268518149843,136.1410175020953,0.852912920264785,235.62001868561043
27.136106839060364,40.97580011907567,9.081214661118226,1051.1508833573967,244.99294772384755,189.80669684792326,30.463149533657216,92.60282798559794,0.481722204013301,258.0983292872628
8.976330274168577,33.486261448854,1.5473255499509286,1411.3630973340094,168.32904851119125,54.0222997432385,51.60090461645883,21.33803346405037,0.4533294713173843,169.431317566725
16.184465610523873,76.6352243897743,2.6380686343596036,1257.7286351177552,99.75150457095835,49.55322788677995,77.53059830506353,99.71488526054881,0.7849393484845681,126.98670812815504
15.104039387592756,60.90592149012769,1.5620612595571566,1282.1968663681216,20.4680126441921,221.94018267565284,106.76480024083922,108.18452051639193,0.09314050904487658,80.94366944557382
17.723683001731015,85.19137129731394,12.278601324354725,896.7981986359756,204.78816855812826,472.86911844072773,43.96498237348331,172.38980953764502,0.8824931274191465,342.7723203359315
10.36635416262364,54.92081416878683,11.409933881574133,635.3104370833952,214.91622478085154,440.8243769668156,84.88303416546258,149.14632323310062,0.6708633545476147,351.4348702972676
33.297861221838694,40.93810825300133,11.423037512249227,1408.3813015605945,340.77615837598574,275.2637036021066,105.85402783822065,25.067470203143408,0.8752616076579979,387.39322184580465
22.95266049923416,84.36874251054152,10.886717480402407,704.9640458622523,139.2878502511109,300.0041353385821,72.82370511865088,49.740909852130365,0.9944775777076228,262.6582949745271
16.249156387766636,65.67912605660466,10.206088643213103,854.3471141495367,150.06397013334288,42.72940850318598,130.82363455682463,69.25866000084007,0.5180044523572533,172.0531265033836
18.718500961005653,42.29772650537306,7.416382772983537,724.5600299752629,86.59386184292278,139.13053168353213,131.72427439765661,32.117460428315695,0.09326219790892898,85.58356284448865
20.074468593630563,76.82495990811898,9.813033370853168,890.745639544276,43.27631742831623,51.39609838981652,75.8967704696624,96.8108234737532,0.1665238629308865,26.285257256721835
24.216047000736665,63.22238650181753,1.0562425444256325,758.707110589258,275.0254826443744,387.0881850398783,146.20959945724596,197.01874626388175,0.32361824255430993,378.6683603652577
21.923344547805442,69.28034384562079,9.511234128523377,167.15458201126623,102.39475123197725,106.99706617218897,20.581912936762624,107.77643033517471,0.10355294213470956,123.89880236165209
32.823583276789265,59.95839198342782,11.77922673028472,1334.867460410778,220.9386041399125,439.76166713933577,10.470732965211127,150.95761198140218,0.8153418261377698,321.87619855620744
21.418014038457414,83.86608394817041,7.755196225573657,722.1513464820777,246.9651017300089,335.92918429086257,63.29355693254867,139.75818156287576,0.29686785103276847,300.28418847536193
34.788266400229446,83.92157651939824,5.683943262194935,924.5211079102882,175.50810680624375,145.53259119722816,94.1535885921513,171.4831726675062,0.9758861880198653,294.5956217131918
30.988473859117587,76.11027341858511,4.522687654614197,294.86292386118186,309.19619729897323,112.55134585829488,98.08802204295252,50.987463188465796,0.7025914319318557,341.39097605381784
13.629783887648067,36.85108953077005,9.820629727350196,104.7429871756948,166.4522975233105,328.7073624246044,76.702403081136,153.22698972167535,0.17343037025555763,226.82434600354728
33.12607079538574,84.52550102376448,10.545617380133677,443.40613110110013,114.01984560378249,454.3850109298688,27.483663853690462,177.4574956580924,0.4760426469439403,253.45858914238926
11.141892742907855,73.61584373463913,13.129030198006868,1086.4204449866902,315.6851225773354,370.44570070061553,33.86965305030519,42.58686636624612,0.4668842216333211,339.4302373591276
30.071142129262174,75.30657079027947,5.4638441956843655,238.87234215803005,304.3162138024856,200.3314597375537,129.30071773928128,75.8924217597207,0.49251165833363386,363.57432333902557
18.27682892386766,53.59388462625166,11.66169845709099,1372.442416541055,74.13318253521629,310.1964538235777,131.50755844349658,194.31933522299667,0.5356911706429356,142.4517468852387
31.705306652016876,87.15317115020544,8.6396594507454,401.03159709865844,28.567136056793913,182.95037987131383,104.34579530050082,158.34969073616057,0.03117308231773086,36.44715033000569
31.437530632901158,77.14915401526574,13.301129114832147,386.4310600084861,49.69523359537483,499.6088007181831,102.99051611904353,63.69225818213115,0.6863011257436235,202.31688553358958
29.75998580317577,37.31838032439764,8.1532755702865,354.11114627009374,114.56064152275962,384.4660266924515,93.67549792389305,117.14893623245251,0.48719177528844326,227.2449059791687
29.330821780290655,56.505572236400575,8.005632511770525,119.57439815991064,340.84573457476455,322.6155542881067,38.40962399827835,86.82196334140097,0.790965398868699,444.1514186591114
16.2263367556471,87.61472352740921,8.879217680893182,1180.5276558695284,204.31033054307227,234.69920567228144,69.95509803638645,103.09338350215468,0.8153495732604306,275.8488347642644
10.184820642383809,33.067785610329636,11.365072649565299,1325.048343743362,143.17637156965873,324.35005351939634,107.42525120487302,77.48157636423461,0.23053512199171744,163.95907282522703
18.88046482665936,92.49208027673322,14.488011943012683,959.8277836626784,313.2763112222063,197.143388734974,85.21531808046741,63.072893520764715,0.0484229464267778,276.49976713921563
12.685161904635734,74.14556694077157,1.566668636128602,363.4799743518072,169.5349893879049,53.277826150694146,12.601246767713885,138.20497786436957,0.7032338561123226,249.8183434663768
26.763679400366467,71.03943854681948,1.2748017346697489,499.38919571723164,124.02874737233697,221.7407202840511,143.49795294081378,157.92294486636234,0.9777627884638743,271.7512515909993
17.34469261652021,47.58635167171944,14.094479892406408,766.2973763109486,330.60244448606693,468.0211770067388,128.27424736010008,176.0518533219955,0.44665798658090106,420.75786950410276
34.3414754232177,46.17146626804651,8.183196570013989,1436.0843322726212,300.3408298435837,328.0985035959783,46.4763019753633,39.51269379045573,0.2596128095935958,319.272940470706
25.306246088323963,91.2337842667587,9.416093711220572,446.2919205448399,298.41056388841554,78.61962341261474,96.30425092328146,166.3425494925957,0.15667189458348096,294.772156768106
30.206975218127745,49.38770952521798,7.495142223123568,1124.3042654878432,189.05396520657033,447.0970621617119,139.2535137219463,58.412156650642075,0.28744559739058506,285.68650578814004
11.578166164029907,80.40784428673496,1.85803306280838,715.2275126100884,280.51467160910016,163.68243069709683,23.44154169591119,91.19391408290961,0.3279195513714498,323.96887463849686
31.27439102136081,55.55291688346014,11.637295987070665,516.9862877040305,79.18660855730212,152.1339668180546,80.42412731153809,181.27430031135685,0.4238747434344645,138.22998182827297
32.914444143861644,39.051514601005756,11.334757353784509,738.2823118309592,209.1635759935604,176.66184563894757,73.87402361848123,96.35568418669438,0.6554071232145865,267.93778350372776
21.15067180811127,30.696494350198332,5.019698161645774,199.68940455772554,344.66915453969006,305.51302861794045,67.42870073969453,47.44207146842008,0.27316305608022706,410.00597713289767
24.36882931927639,65.3767269059913,4.940469055811806,1218.1623193025075,116.01628207092735,290.5565229796292,126.98240524500949,40.37504449505238,0.05097676346867597,138.2462480039637
28.64986462438088,93.42562320568062,12.648700023130019,440.62269917615396,282.1362686517328,266.0503271265256,63.29046053764402,99.86691566390543,0.3732786115727196,314.6620447411939
12.720642936031139,53.99385259759829,1.549180237249236,1115.5769724701586,181.8578743786622,370.06695721580843,18.912866653741062,154.90776055554528,0.8556296161590757,352.3479466495259
21.569284064512946,53.21750170954792,13.276024651170205,195.6877200274726,33.13587546328882,185.60735641408112,19.217283903002347,199.46897735511723,0.4983515108518838,71.16880550795076
18.763901749852455,52.36595516021374,4.221594503490759,1437.1379786319606,271.79640127917025,399.7496799233183,15.984244913445258,159.60763940187135,0.9647837577454098,404.32560368318934
11.952097788380726,63.835349424815796,9.098278842454661,370.2209795679781,75.62781764939723,120.6479720541556,67.28035906236522,176.63227219914216,0.5036215310887318,129.644865010686
17.92342940187135,58.643217422579085,14.071915595525777,1335.8389066899126,228.38627715380755,400.00556297542425,110.5768788777704,152.08814857762871,0.2758988169218478,252.3934104786436
9.840652353408327,87.19445073725595,10.332776272281373,1233.2624934616083,48.269184035501056,345.3526484151301,38.521144670272164,180.13266914366014,0.19331399724521459,117.49443799294625
8.696921487636148,62.85885146202687,6.50923228077203,1455.0038937139823,332.4662411736684,354.2758223918898,100.50559286041693,24.495773229643518,0.6945244967855764,409.8507231729559
11.649489807180215,63.00425948225697,10.49824602912852,769.0469253240494,116.2688827695191,261.5145626785396,106.19238609451858,186.68700380651265,0.5363812857774364,185.5031785883416
34.00410801290769,38.994153656836176,5.487704726587368,1118.3562113843323,94.73334825354033,346.8207050331978,45.72829736218371,85.31716920787467,0.6039989289954415,203.67809458102568
22.837297469165456,93.87807015917508,4.520247037063199,618.9949198528976,62.615013341890325,76.7066414173504,94.0780718484881,185.10670242328447,0.7551267893341311,158.75104806674352
34.07719835113694,46.24823790647393,14.951907530052855,358.11553322757135,332.1807238018858,431.71351384270895,105.88156760375864,24.389239117300356,0.7259034642648929,401.8092323773792
19.677442714913564,34.76866438487417,11.386458352106922,720.3063061068284,254.9282350056307,65.55172740431716,75.32590719229759,145.8961618530158,0.04336330016822698,195.55673093050038
16.41903559330201,73.10450618338857,9.848439672036356,332.0486215438368,264.74809327696926,108.42109454088884,57.14032361921331,149.78086224733886,0.8025719052950282,332.1196948556701
21.66583029668659,68.69881406019672,5.651699826680122,1474.8624719009374,184.8035052554807,305.32326590872873,96.68121722040583,199.41306896657682,0.5327033070517114,287.3899809757414
19.866815593088575,56.98446750952847,1.2128320227481983,234.7450875970029,176.66016913925952,380.1292695100781,146.89859222592796,156.0825014310646,0.39170853081477264,319.4391910120394
10.852946475067085,57.442495202244075,0.9503247025097563,924.8964128336686,56.307010187187295,75.0757195992766,69.75779731165693,82.68900410496526,0.5375194262680704,126.86079042981818
25.302310496635567,81.02915486801803,8.535628204007583,977.0493973556783,204.74756154271728,463.5518144962671,64.84291347991694,115.87722480752362,0.612451448457325,349.1628415805218
13.83303092775919,42.72132160647719,11.54947445506624,853.3113600236759,101.48244338590084,487.85951844832135,74.99736633965587,79.64467825165214,0.14950630987379698,151.87457483786054
24.728874782241398,83.31646573141784,8.291998261435898,1027.060239996567,342.4579598241339,318.7370795835471,20.67057508230675,47.24354260792305,0.417415395326445,384.3522816148864
25.55542949475014,72.16856240317618,12.691383543117162,262.6530850166473,282.87171020499864,261.3719894733448,87.4428591539946,57.21544222543197,0.3355862101881838,322.7613692846899
12.1046710344735,57.23303529566908,0.9846847298517136,877.0259338874075,156.28737986365292,381.04168724868487,56.0176342104169,52.182001512120976,0.3504089448180384,260.31252819860964
9.65643993198804,59.77186007795146,5.817905108176132,502.09759957830613,69.9426153682059,191.0443820705145,26.999097126376746,114.27491273101046,0.09133493840730822,123.07166345833157
29.080562823847874,46.68206846709623,3.937520672025582,1416.2464886214793,279.15945807579874,266.90163968834895,75.27594375643227,182.17052056105973,0.1598434880002304,346.6163112753427
20.414611441771644,78.88743162530336,6.98545803827827,1166.900314815616,60.277743136834275,461.4294723346246,10.47375812035684,183.41805895679553,0.16183206758622137,161.39977365471435
9.570422478647846,63.3368582498424,1.549457701314776,1461.5202750236397,82.48013865403325,479.60149561110546,66.24993432278626,20.40511772990685,0.3732247432216478,195.54452010135898
34.86139056358371,50.85554527873983,14.334908802780552,152.57849763626535,89.80177085559505,466.4517933835451,24.80293750970307,25.18088618085977,0.8944915448747915,239.17229824524986
9.5600751469019,68.74325752446177,3.7372033155057336,499.18644525299214,203.77391063012115,160.72611080336645,13.400978475969241,56.57262086274527,0.20602737192094267,243.28768703627296
26.765951179180934,94.72273938333599,13.87346274451198,373.5916212936886,279.72869581682085,146.93575849971117,125.4265064742303,58.461295969200236,0.41619250767480453,247.27174589270723
34.55933098211217,58.292048177676,6.675450748031886,115.6164222365627,123.72390997914843,176.92567272748457,138.27483245956887,28.02894329545771,0.3116094152991379,176.63273091132248
14.45786281382999,89.84494105061027,14.790099932200661,439.25602234485,47.941038710845504,243.0031116986917,39.074450770274936,83.8080348229537,0.7873833125513381,119.54426314519426
11.840732954554298,52.4260945950968,8.533846560173055,1050.2863769286005,173.29769296305832,184.51700988430326,85.50175693679658,121.66782461134457,0.05012643232081615,173.54684420854124
11.27739336440558,33.557625950124084,13.997076530549208,423.524490988396,266.8763795827787,212.13788603996667,48.91414199833789,119.8508181138981,0.1965433955358904,255.1842419107139
16.18842898432508,43.27573691394788,0.5775603360662313,812.6048236756656,93.14906821883814,325.4929979755494,79.1008414141055,113.25163943913262,0.21064154235479438,189.1171679460276
10.728236897287461,57.21518431629947,11.349462689623051,1342.945360950998,92.5751008529935,390.7618114632289,71.12838492518243,74.34766572862446,0.9929628003132313,197.16772399551996
26.68835622574156,44.27627035864698,13.594234469986473,1071.2610884887054,332.58491902441455,378.3567712032418,47.667147711267994,144.22658021015033,0.5707750179663036,394.9441973476341
9.681878549511692,30.01475748418661,2.525948221194834,652.4806978684447,334.87072994932873,414.63484085640994,108.05510114894167,167.03194878640355,0.13895826438351822,451.9221809423363
21.754397460044324,89.47509995358928,1.8938248501161965,621.4565144769516,346.85369158032023,54.804825479085,27.70873430483559,75.7921106307076,0.27219913927656547,339.822498814729
34.91081505403037,84.85216173001038,6.656302804196356,738.0301396118787,286.52766851967743,61.957543252227794,17.4301895039914,26.25171826689778,0.16782209412292426,232.17685428645174
29.97719727666251,78.24899504665157,14.03834413892756,347.85801748386893,82.10077582542203,403.1161619167695,117.47456062521908,66.30274770745274,0.12460456961944799,140.2330002379127
24.610924832237295,40.90794871699186,8.364605122761361,987.6010743823833,89.95390186375624,285.21625826933064,103.23020437089518,36.100044369231526,0.7971820284078925,181.9741057247183
16.268847761238515,37.8236324536491,8.148118723965116,609.8139467464478,132.27432970238937,305.94470993057536,79.79365738049572,98.79815817316437,0.49575262866035485,232.10995118248775
24.84518757987424,34.3943087157049,2.546328715340167,1293.3114889668611,124.98373534005198,64.18995569861346,75.49056786615581,39.62767875005487,0.6312101368487814,140.3373067906732
22.230119525614594,77.06189727023988,0.5114479108516724,1159.1737240809427,335.654157195743,157.4443485387846,79.63759312879967,97.94050395501569,0.33125124699199604,363.3872939046847
19.50425136504003,90.37251744471254,12.247031315809188,954.718429729024,280.39441435095887,333.64298024731977,71.1833706538142,51.99054954168307,0.5536950860673294,297.51576563784715
11.529180171985386,57.984828359347404,1.7698311633004542,609.8831117093225,258.9229014133128,435.223669450911,65.00492141636508,150.35891003785656,0.2575690325236971,398.8245901636915
31.938313811492602,37.74414367974313,9.690822371662197,393.90456434287813,81.36786393918351,461.81236270344516,79.95668440405684,15.23796575881067,0.3080362749282348,178.91770120639185
20.14418551817571,63.30553334758693,13.761938590470276,1186.612609747872,320.14343458956876,270.1929680841376,83.99212396236646,115.40179772806586,0.652237944366733,344.7468746914047
13.254807819160657,52.67407398481096,3.52545274079725,780.9727385875211,293.19722523703734,290.9181470595709,106.86632397170693,42.20277223481077,0.15035012591923025,315.66969335978376
17.929502473686817,54.36362008274985,10.146456125435206,414.6500534483005,74.00180763821481,423.2028302917358,109.56900250276315,10.188454249229142,0.6172218591674619,173.13530866086285
19.18150331828103,70.38649057012097,1.6411293622588872,373.24446105600873,307.4862095471209,287.3073163437831,62.86807121962025,175.14801673231335,0.8522348164231273,463.7159053918906
30.343523180305606,76.71667736204316,9.254449585645387,331.5612663019026,109.84168700225553,277.754921747166,67.89567318408842,137.59027968467285,0.12042322618076906,146.44372063101994
27.807588275157855,37.189233926755456,2.8770099538214398,1188.025674687833,46.68701612459499,456.3386573700387,62.317603763071226,28.799136189599448,0.897461280569979,213.5133841428898
28.771232128316175,32.313365002420966,11.171326627470082,420.5820594204364,236.7513611496893,403.36905168570485,85.11500830759945,136.17374985993257,0.07944568029889498,317.81770204321106
8.297844139573474,94.63146967457146,4.867853774511669,837.2991689352765,235.7555375968291,458.1733621261955,73.46949530798734,126.21299322014372,0.348909226955873,347.4158077444993
19.23615795085356,45.12734267951087,7.2191696276673705,732.164905362279,51.327563156653966,140.39364519933076,134.5435048390671,99.93777053820864,0.6105093152379946,105.07580517236445
20.996292094153738,33.49898411904984,9.191742859400515,911.4552589195974,125.22109694907219,281.2127238614641,107.49057736830616,89.65903870086666,0.5594147601185369,200.59414140840371
8.518191474222531,42.3418963912348,2.983464454660474,1328.016860519672,347.6287725443277,427.53717915294465,135.81189372562238,178.54325495398965,0.09639107249443346,402.9585552013019
15.014956636115924,32.53226001265018,11.253748369955503,1314.8463461144229,243.88080011288318,91.12800063487012,109.27917881831958,56.57812378051574,0.7989131677858531,276.5461482114355
28.527825224297644,55.46770815011616,4.888284939233811,731.5065005548036,260.9248049790986,405.54459097522243,145.93890079333397,85.67891083254283,0.9731532931452528,443.9673597813637
11.701962054682975,82.15611598933609,10.104391968734925,121.51275102861263,90.26270424942088,124.16775637083995,99.00314895573767,72.53192845001718,0.1812282891837701,106.87480673820487
22.453373549219975,52.180889234251836,2.795104235140918,697.0213280000245,45.998083431291725,411.73462729324774,144.89701934282766,156.52819551696038,0.8951309698154628,231.29553480291673
13.810450544465413,58.871921447093825,10.477706058492078,948.6709523937966,111.37755761450943,321.52043127615934,32.14378465731966,184.1284081841825,0.5568094421117505,188.73007483779207
8.327260915385118,73.91314028188353,2.3587270557516953,880.8706627372865,102.13646711375334,128.88855608303888,17.346875316116538,171.45852276064377,0.9359337712453274,213.62403419350272
14.51243935518762,63.07811455454221,6.667669195914763,1011.8705481202877,97.39955324685752,257.7429224930885,91.0775259285403,161.56374675695602,0.1760859584167611,154.56700072912227
34.348591382571456,85.99396959138608,4.084488069213714,315.7060254623169,83.60892622272306,353.67637657195496,147.6890488119685,197.49008965831575,0.7920213931794245,285.86164465961275
29.64150202084072,86.29231887797417,11.351441116708648,1005.1491382930255,209.66937791628342,331.5723344064295,68.46473462233556,142.45746457797318,0.05978157544533114,216.27325305770844
33.9085693966679,30.644195206924987,4.299507565349681,355.7122662412811,128.27414702780118,236.53371026658402,39.686070707014345,152.70022033057143,0.8831964468027265,277.36481163941994
21.172059186011786,80.57300992140794,13.284900942733245,1150.7335729754486,290.713854965685,453.7086033036264,83.01580288709195,196.7324825439536,0.6741594221996337,400.70173896273974
10.962877364292595,59.9476840157088,13.431393065395886,574.722658567752,80.70264788963672,278.8611706644084,100.8318074410444,11.328249225843075,0.37025478392243005,108.1322374432443
22.79490620228971,94.2746351847381,3.348399070730395,1093.853606734035,173.3269333866197,272.6989573231966,54.125017372224455,130.46919152290934,0.19046682349785016,216.48145548108326
20.268188033118946,61.410084931903285,9.400766202612003,167.0118384685499,24.507086020606394,68.63527137306896,110.06771018989633,150.40459107112503,0.8165330985672048,113.37678213024935
30.79764123396963,94.14823645023934,1.7719058049394827,671.0040358272787,178.95516641021337,464.17537930691304,146.5160309864016,184.38714021386704,0.6032413213948116,348.9760589786105
10.648229681174604,79.04700847837287,6.1772879442236235,1087.0483311686658,38.42661288923655,121.47362159205159,135.57483703948637,177.93041779502514,0.3604158529480014,104.95536301934528
21.18251069958801,46.15931749986491,10.843165077768449,417.6187228640918,342.6487589179724,283.03855898081497,50.82195229170734,169.97252943442092,0.44383582480251627,377.4264488641961
12.051313946737576,64.99567365365225,10.061637079323786,1213.4018627161115,280.8954024546362,409.64109664414264,55.74131564024376,189.70034166892373,0.8265426560723765,403.15428745920156
16.76625002603162,94.48881656610787,9.558159706395815,983.0916263469047,181.73678729003026,139.1085073995959,62.0157714229424,112.10204570360443,0.3389271933568677,190.93036843475159
27.908641089470592,85.73948950387503,4.5968425231054315,922.5864810097177,48.573828199185584,282.5917133865869,65.23738897511035,11.314818161117085,0.0896326781099287,85.33834627271979
20.852489492956696,36.32884809642937,5.9813617667988295,594.9683958860719,215.50699546083672,150.7150582427368,24.04472988705912,12.10033575243181,0.9112821722034727,283.13379495645387
18.148983698935773,75.91417979264975,1.9927190981541496,775.4320585335646,270.39203773161955,389.4596989879594,116.6747974445005,113.48142056739303,0.3873437396580346,402.50214276744276
18.650859521390956,52.462673081602844,10.925830896287215,936.2890213689943,82.93669349156595,299.59693722164934,61.147496905498066,92.70172538414884,0.3483875111152135,111.66873276234284
20.40506274696164,30.45384702222263,7.806387553473466,761.4469594808467,207.50875245987197,433.748895781766,133.1747967387633,95.73656013943521,0.20439961887593938,279.8234089153753
29.195446683600537,56.226262986754975,10.77710166901199,1077.6386535167842,288.6895964663464,451.49668132359614,139.7716872368152,86.07690006990703,0.8974225712283456,400.26888603475487
32.086286601386334,45.259037412123135,4.109681109554655,707.1757063497433,273.5217666232844,338.4174019248831,13.420383303076335,184.36790372733478,0.21750533368783387,345.9676195706902
33.79403653560607,83.22650258383065,5.204354315208461,383.1824544388425,284.98736589616044,373.6799732331144,148.39042978994888,78.24236672226009,0.6366728680013837,404.8478241929725
29.246391428892967,51.92648957497475,5.346122390271662,399.50729592146615,310.17673020700755,292.6412459479573,109.40318241002583,172.6831189349858,0.8807650116081029,419.79057988680154
16.515986185196343,83.7890401069981,0.873264941334635,108.12527638011753,329.4350937126252,216.83721721099613,82.85491163901472,181.54431082041177,0.0349136146032174,378.84059770538425
26.579637064336637,30.038866024261694,5.4451941560440416,521.3408017821414,153.82198121716687,338.1342445895839,64.53386517215746,104.9053362998014,0.8287917053001957,314.2476620830782
19.81528434949558,50.008244751697745,12.147916316011486,1148.4846966699274,207.6938038325495,457.8127668041713,82.5925385653598,94.91822709936677,0.4105994216897745,280.9425826426493
14.87610679524338,45.67573893000453,13.510828188371208,1211.8277923726534,280.9176435950516,231.67297499846146,55.447461356982224,154.5939148009349,0.6579745752652119,311.40323080110755
30.703532644499912,45.18187846945971,8.014165576720949,383.45455893405006,250.05613860210843,184.62861213194586,97.17629391751676,144.51458645157766,0.37240456322555393,290.80658272559094
9.037511421982774,34.432130284755075,7.1047745806786935,1442.6615956199707,348.521675327245,218.6809917341841,23.017238702270774,72.42167215327913,0.6955162563474939,376.643073465118
32.34757378765644,42.16307757668261,0.9469569711408687,803.3639108721774,24.513624864532567,240.28290989733583,96.95716440765342,29.484143925682847,0.25429491455769915,92.72239994996296
20.459891544867823,66.1107220425653,13.248462894988048,1383.7702486259036,137.19396105421092,73.83807332974945,48.54827901938218,60.32195603467127,0.021930542435396272,68.09537317018916
25.20443987382357,48.93846973445339,0.6886480946751544,1089.4713946062834,112.73921566916681,269.2832466000974,12.468876067328491,34.8954161043368,0.9477875147879535,242.77157821594747
25.802555899556133,57.130660851394616,14.198876163048071,1111.4067922313784,106.56423055462642,267.3845541030274,87.37880726280287,65.99913239757136,0.016367764040082777,69.69246440799317
32.16817899907648,54.49634722256725,7.5936356059773145,219.06106982849957,93.43482822463231,310.68416071464065,90.9826858193775,59.74609746035182,0.8240992896335071,229.6728072503769
25.1900814185146,86.93382012499315,5.458050156833536,407.9875776557029,254.01086746902558,206.89721401681248,69.71966065961504,131.1651705384756,0.1691375933224738,260.5236512611433
24.576206788521667,88.84443493568351,13.901167305218571,112.34076661226169,47.970626180856215,322.0294941395713,20.12007255704436,191.35424540640813,0.3922202286020279,140.27659773559046
9.799605095138629,62.0422031576309,0.8536694000964027,1102.5786966674325,264.7309152013016,443.9795027261334,135.0680133925868,140.29130914279187,0.8224923765060558,416.8727044445796
21.99701659252051,51.46013677051428,8.930660975601763,582.2136037999139,248.83052786537024,479.51665562777555,95.60031301190445,186.06338753226822,0.20593215031234535,346.04787467906203
12.054563022060124,36.94204576015363,8.459521605240395,1201.3135225068854,102.76536372529581,308.4616194248828,26.19986193965574,158.98512913560424,0.8657076055250358,191.92762744046843
27.91071175548011,91.97118715983618,3.68014581756504,574.5107079118368,103.43514844450321,59.59183882634402,81.53028072318067,148.29674819352292,0.4977589391019014,166.36500325996718
21.82999186194221,33.91475141851934,6.718867754578053,1247.0672532184055,227.52399316368573,485.8485587428701,79.61560423278601,88.67176864053486,0.36615346271727656,326.86643965660005
26.36615003862554,49.34726804193823,9.957828086184668,282.9775552476382,271.5164648096137,364.6965480122779,18.456261631009774,71.71095554404005,0.6624377467363362,386.05102889674436
9.125168316264375,49.37430307605027,11.043402354787949,342.72241946051145,309.24025231883064,194.54327833467997,94.96035850441265,170.79270076985466,0.3413897219809575,314.9930561131131
10.289384433236687,50.82608359911397,0.5103944512454068,577.2271554175111,301.206056071977,107.69254244331276,123.16569584901902,182.024714256511,0.347288358996357,374.7449186548035
27.340731477692422,40.6786448127066,14.084374736319722,671.8823444351826,338.4113880740715,105.97256162868648,114.86112759478694,95.85767379367708,0.7335263909383032,347.77153588411045
9.94627707196418,80.90549301004032,2.88561789969578,588.1839351801698,211.8570154610487,117.16242682421725,38.41571798298567,11.72198865546244,0.30983222453910786,229.84722227677958
9.923931649661982,37.9623610277893,3.886916296224208,1169.1058455325078,319.85633524231866,60.96335994235734,130.72095413758962,160.5809011922294,0.2007726483544251,322.9324820146761
8.326928831341961,71.26893284495557,4.320364962560799,235.7319496774006,286.80938017593553,454.9909267803393,57.95590319230913,64.16307968973541,0.8076461279965721,446.5385227831145
33.825537754085964,38.04999173587814,1.048391980004512,591.7038274938833,315.2403160236245,288.75338710057474,142.5111729608718,11.87869435321494,0.8053710337272317,445.9520377997512
27.91272570539319,34.584816443542174,2.284255792059711,1272.135999321643,23.836778424170987,361.98132984836514,20.04471499159992,162.9478262054632,0.4975857037068693,128.8719666741751
17.537788029555735,89.11291773958197,14.80207388269035,193.51590816704078,338.74798731571764,420.92991426342144,78.06921639277797,108.30869587521065,0.5266556161629551,410.8805903048862
16.00646069476669,42.35836981071587,5.070642691970648,1419.2809107399005,176.26495373933784,404.1088629132721,93.59741280485689,140.19004180430915,0.6960766257676386,312.2376997030941
17.441987203137938,83.38126004638079,2.1718658099162154,1480.843579180818,283.4003865596982,445.99858691526714,44.67101378644466,183.79106601745073,0.5092742917624334,429.02674552555834
28.91564534189191,65.40100662196383,2.051373287032038,223.99544335511212,61.977359381467686,484.93712636147785,117.99322642083189,112.82302772624003,0.4170399589692325,239.74862050182108
25.85700649890119,35.06067377457003,10.932169531214592,507.7815311580317,150.66056161861144,241.9724827812922,97.76539517350038,105.60687379000349,0.9948941932967458,214.75008966263343
13.000280332421635,92.10413244347438,12.891245628473293,621.3609324494986,109.582018796927,477.15431466745963,12.535321220313778,65.22580305617007,0.14764042785255893,171.4466654613549
12.700952054020277,46.052475854473016,4.2258083428728135,1186.9479161138165,116.24739426530923,372.7133762376955,95.17160269747302,67.986828543591,0.5927279792398606,227.44576532120306
10.656682542261727,85.87694744791942,0.8031879288609071,934.2975369634273,60.67435458379098,72.50736754171609,78.8069528185825,161.3429925456327,0.8858630260756603,170.7472834956931
25.82817343193613,40.97265037599667,3.7348052674576593,1002.1119806895944,285.9020647391923,353.62023575767887,37.44408823849108,95.31555666132803,0.6872150411811148,394.93375386925896
28.63806187998687,85.50628733922044,1.3194775165529813,1160.5137519459083,23.04996381175579,355.8896634182304,149.40475178833415,41.06997963554288,0.8809232990882384,183.17017936390755
15.15625356477511,30.859872838844108,1.999226581135602,265.170599211836,123.12680080511682,456.69585934456245,135.6027072758661,27.960465160094163,0.3363347203546726,275.63669105177763
8.565513947834646,63.265729677016246,6.756867737790814,1266.4932396743673,77.55547926141696,211.54878093624234,50.95107730406889,99.85482220373808,0.2719929762602392,90.16977973772904
10.218635021863538,80.0137676624012,3.8338163774936724,1087.8677258522016,214.38285040075237,309.05929012503617,85.74992891180628,98.34145448736878,0.8512723869021047,357.41251974307045
34.13222094081583,90.76170863703092,7.981215238618639,908.2784152749184,103.90329286279947,45.60627346540156,54.3102995874407,134.15707285902525,0.39411457618546053,139.5915904526441
15.977008991890347,89.09813885342166,4.175659422229261,1345.6294686962792,105.46948999427289,192.75461140341457,118.56940522905093,99.50282077157674,0.7096823230573113,179.28343337514593
28.769024991629607,83.27561652059691,14.137790865992741,1080.42889543733,181.1515875184552,68.63211403303923,140.24640064750372,37.2603837855008,0.14774857841411426,110.26853664981638
24.86591635906512,87.73243772798477,13.636187534930835,382.37994768343555,235.38738298250547,280.06156747185264,60.2360049680137,106.48254811171758,0.7558381253766747,319.1117910641479
18.31237027062819,42.949279579409975,8.718688522651757,701.6435335059334,60.030552506503994,416.02591923319847,122.78179488010785,182.28998673834477,0.5489826490248694,176.54525663773398
13.55355607927999,48.47197922126237,5.639147883817099,791.6600137100266,77.91877931361373,134.96363837937173,79.77705597984868,40.29386820784036,0.2686116399104609,92.68697478357055
11.277433290303973,48.782954119868805,6.026629789503666,177.3046774505679,101.5676657161908,282.6228809565781,65.52099858362082,141.0533817857723,0.49450396395890506,227.63018109961988
24.6053501370494,54.50850551511042,6.471858105595206,1436.492518704078,341.33691065892697,133.84397279495283,141.37905929382777,122.83326034345005,0.6969436258397035,386.7077815619658
28.915112077220275,55.56584357503726,11.049900170956688,280.0081651156299,151.06032498116372,95.51669520927061,81.4566564206644,152.2312880752425,0.011886408847383678,166.39054187680324
25.38541484561053,65.39609610255391,7.0487654350231495,1076.4457741174176,217.66672990823875,275.05852428979756,75.43747003604508,38.61405195124262,0.6374670588141295,286.581224898316
22.318157597727275,40.39218461881869,12.922584224335512,808.7234505272322,99.7091281962727,76.40836563687472,104.14081627472802,188.90501401213896,0.5415907782732744,109.77085136364067
9.132683032654178,74.9310331460893,14.189374395990287,135.88514983819164,181.85164330197102,310.1831303234751,46.57278814255982,127.98362127576013,0.2202861677467326,224.08058150454744
34.149196995048364,40.89182505479292,5.371219223994541,1394.6464662101064,44.45932754736616,54.415231911294086,55.47100191036421,170.943516161316,0.7529810739761967,95.28339634412008
29.565283174673514,50.170051336795595,8.630069979947361,1292.5715323465065,31.46490815436789,89.08888705945274,140.48641707340718,56.85528509924476,0.30346098463320115,27.063327231682145
15.906194990926048,62.717433489400015,1.8783197840721844,833.9610990653697,174.68206385108186,292.9988433241846,104.99417836117193,150.4884489856127,0.27686093154656477,265.86247414528736
34.45919889268897,81.76863649902603,3.4068011926122055,420.51927059522336,151.557564881076,312.0474099335004,125.72920068794079,158.3958338234446,0.4712183489993227,266.5070016798291
24.250802920180696,78.06550016051727,6.495253617297322,270.272046952132,65.17050549830313,53.33398784312872,47.95564667096015,85.51270175354438,0.6761496784223647,132.58305153520578
23.725411771595653,71.95973316668395,3.4899393805757932,608.7494712049772,246.90847154384213,303.75332248071686,86.13062659018209,82.95115604785019,0.9288459758762544,366.04811858305374
28.197975844597366,40.12526193771106,13.210127116436405,457.5995934645267,347.6581519967573,425.71116164887303,145.99547737852976,134.98129035489237,0.14135724313210396,383.7903595995142
29.917784278433714,65.55794746501255,2.795150712856922,809.3676814088182,150.56345099491512,372.2654415552188,54.618545863950466,27.747459534441035,0.39646812075173365,247.63797854206834
25.72492239795057,35.68402261699255,7.107081912519833,1452.9730145728006,226.10434985274017,100.34514780356737,32.46670668438586,149.7685885413267,0.06698959251262993,153.3258237221904
11.458585151887402,54.5286064917823,9.282638986668196,904.934890521498,337.7820609802803,312.5383378792628,81.52404115145296,18.148484369488074,0.7585507474717424,415.0211132397659
17.133222661851455,56.87857446884735,10.532026668332245,1345.9034782461372,294.4065409074688,349.2361500341382,64.29495242148266,46.21215721295694,0.4477328896813607,295.1067629510536
33.058258288803344,32.587743563974,6.054505861034348,1011.2303724940881,172.9722336898863,57.126352806054214,32.3408125901399,136.1873138758598,0.7069291351881851,218.6342267996971
14.064621519784001,47.809226465548164,13.101936496508564,765.3451372220807,263.3715298717734,433.4599275944664,134.3971935784715,28.681496747473126,0.3221944239762873,294.66995307251403
18.04850964361286,92.11721537232181,8.74062769062992,1296.4505878267198,62.28456328267293,456.8830027533219,148.70134747752888,194.6499973805901,0.8443172414063235,223.92336199555442
19.666075839493292,91.98611950892982,6.872862816489501,759.9153542421965,188.99427230305375,431.20804574663896,89.60150529659968,174.99527979776113,0.5348280782401147,331.0122097536113
19.86393472175021,52.901258526415056,1.474989193754531,1316.0794387145054,112.08989146937905,419.33047527499207,118.45474757228357,128.99744315727992,0.9436078218236551,325.3193469953217
24.54936872735219,32.80150708164106,7.237997292454892,508.2074774060714,73.18401700573315,382.6839912920109,130.26537173648194,165.62091657717647,0.0788146391440342,162.51854664619046
33.4630476191071,41.6411710563318,12.400669691828089,280.3383032681834,160.6726990639965,331.37873438970166,108.13748084305577,178.6402092320179,0.5142768245420744,222.58085785660916
14.498703219477633,55.494156573180106,9.410844764209074,1297.4402501081138,63.23480296309276,352.16842229459587,16.18184687564237,59.300373418645506,0.7664552459976987,168.76431269178823
11.280537160124787,91.60568036799994,12.566355579072216,922.3812293097335,250.66508569758022,410.9418349340922,32.068792440354486,171.3882017103707,0.6001526480736147,337.02327137695937
13.331703226218307,39.17793912991702,7.663169223689931,1344.7293575485442,170.55921453760072,344.7492908462001,19.938486761194106,47.01081889114434,0.023194140426842758,179.3230651893299
31.946972305650277,79.62852983843379,2.217694723869987,1412.9580897893366,195.27772874633905,190.75440007375263,11.38314492988792,88.53503018827492,0.9723386783438808,301.9260013568107
25.43689194169056,37.064365059354984,0.6977777646202755,175.07974652002883,68.30405976049181,212.9421069942228,52.839497226013115,116.06932993723387,0.2982636930758984,130.6676032403898
15.719483309457324,93.781742530433,4.896683427419572,801.3570226024157,66.12464816085318,452.6464354512544,64.92983446741837,145.63928298406617,0.24927786636638205,191.58164101899402
30.030567352152666,54.805072442093774,10.62086183671799,624.9503687043409,212.52709363584094,47.876159466694475,43.7441625270296,15.726850367280328,0.4856598756065795,188.76538777968688
31.256989901812773,80.39024502843864,11.95876860715456,976.201755898164,345.0532167837173,361.45746737236976,19.044650732084932,65.1967884278559,0.5421581075233489,408.1182206697906
30.855887144637506,52.26842038272357,4.788416101994777,1211.027676083253,51.76269246844946,479.1976741155991,84.18083271713486,125.61862865997415,0.7662881375898254,228.74959179521468
32.811016408267974,70.79847701532256,7.686981852807083,492.82630236411654,114.29137142670781,364.8649581806679,48.26470479399983,77.90004903833255,0.39327365765898914,182.91236180586904
14.810507544680764,42.48104550810238,6.606224114294183,879.5177381224403,306.9215084575029,497.1995145866197,121.44520168089872,157.25476056960375,0.4399603764622122,446.1529000544661
28.386132076149515,39.49136625430256,6.452580373095704,1092.2200118668593,43.849764044228195,356.27065654303215,11.127367027539368,133.8139106186361,0.534959915933831,150.85034570356015
20.43456642640178,90.97416907192854,3.854556341402182,288.20351597002764,309.0422880510939,55.8069934397561,127.95378718026544,54.5362762075098,0.39438709974164066,315.02295194211996
30.73396092803166,89.64707306378818,2.4773810229271467,1239.6936683317736,193.0143745136679,420.42454555758485,143.665515052434,37.726506122543285,0.914548079101156,355.0050511328087
27.669248283363558,87.68548111383735,3.35198409435259,948.5534397941623,154.72803539572053,170.9297594920868,110.25890884149973,129.51892878153956,0.8512519666342522,281.02528880330186
28.964081055492564,70.65317426082858,1.3023196138685185,1429.3524119591125,122.19458623598044,245.18632380564284,112.71016913675932,95.58879226390397,0.4549736950778783,185.37356144724987
25.71636961738893,82.53743372905808,3.372895756441867,575.3404867829706,118.04866218218783,183.56228131725774,140.69872362438264,42.10183780925053,0.00019486233731713654,171.45858227218258
12.790576775682085,34.48740089923937,0.6334130155680021,251.4043192720781,120.914852208328,163.53488885645254,39.26997994204888,72.0110990104917,0.9009344955292806,226.30368546728576
22.715726810217333,51.761287722894146,9.595246809221685,809.1016814516954,311.9850167168646,238.44662368810128,149.23917954920074,67.57888218053145,0.12433657343946525,301.5390796122199
34.58608296716172,50.39070310921515,5.087443407121402,220.1350803932144,258.8524259576792,214.22566628270994,118.28736847299587,30.54507474448127,0.2445124151940462,288.7596129990986
33.30947779542221,71.31694592691986,14.610598315690176,1457.3371326536096,241.00859258427968,331.3357476475911,111.71989916589112,113.91271366039334,0.1523612843653982,257.81513794474625
9.165690866519315,53.137255275591635,3.308897236256319,154.15894156006814,283.58721915416027,414.04955245425487,60.55268105934098,155.09324044338527,0.17981556998102377,385.47778833786936
12.450000024694802,39.652940806839254,5.514514269489112,1154.9054615502312,104.84783879136785,176.66078046613075,86.40884795678548,119.33870888206754,0.8028775378898347,171.64364583289432
11.556676883273171,68.77035990188034,5.688696800302232,835.1433573991417,223.9541279869794,138.311730298128,101.54849035826858,166.99535933809693,0.5795014416659242,292.78687731145493
27.601457569602978,82.93495484349029,0.6225466929056778,616.0689134976042,171.8218588561238,346.77182460035743,96.84800058441023,34.23802397093195,0.9560951631253485,352.5258063031743
30.080203906137516,54.83802713989826,12.668515319072155,192.1790303121165,278.2057396160638,348.34723028215956,108.69784938686131,92.76625298622254,0.23145351232371647,334.53284533216095
13.764806890388142,38.59746648140131,0.9639196720927085,971.0336938430509,122.05451645618422,454.52037007163904,21.53344347097749,125.78886969503884,0.485634908131234,260.83324626101756
21.65802270969938,42.7847328253335,14.132607603574,919.3084611473373,232.2489435670656,47.33501576852299,59.79078059643755,138.4402965789624,0.97742836908247,257.33919519428906
30.698981756302402,45.43641483600996,13.4350780908575,493.2365822946397,311.13009589971347,432.3987045735946,70.7600023233668,142.19939822045112,0.8264435142747697,414.2565018548577
27.785641708688765,49.49334354464486,8.265067783246472,1374.310381974437,152.70965714432648,279.6609995562442,46.48810170249531,148.5034311485974,0.7286156791204911,257.13121039881037
22.640404548279903,71.7816795829101,8.382135836213735,525.7540102799717,41.98528883126228,325.79896101916546,34.167817837691324,133.77166431724316,0.18897520137079193,131.8635815991999
23.93938764238687,69.06145649495173,9.979779882864268,729.6155748289486,190.29677137279162,82.0308626582508,29.449847187800792,27.903336898764852,0.7694054009097161,230.66203949530475
21.72573476673956,75.24519100185755,6.112225173055861,861.2674382861179,134.17092097631854,239.002869121141,61.29367491592192,142.1080787444363,0.34756512259591776,209.50600637684033
16.033808185608155,53.562628994548355,9.884723109268904,240.32462944680054,241.83437558056772,144.55910732972094,79.08183807875922,147.70870478713363,0.5305368970467577,296.1059335949216
23.255593807193435,83.55984737219859,1.1491416359830597,1405.0264068990853,333.84086516704,156.94351383795419,18.8167016205325,198.76118752338917,0.6091612130395402,378.27666616103534
26.59990315535245,43.26569797512442,1.2836905965710352,624.3506134314575,180.2507449389595,271.8837527509726,142.50413324267694,141.73886297321394,0.6093637115242541,317.48462440978636
31.579718728241808,60.48764858868,7.1298410844833935,213.09089942408104,173.84277595132616,413.7297371854317,117.13406520050617,140.4977751927943,0.7265234719135164,334.0765459769853
25.1798665574397,82.06101690019297,8.469523366037507,642.2076431454619,236.01298406318188,382.1392278666338,112.31924824596533,107.81452513457468,0.6617020926422056,371.16657316726673
28.550281500165266,41.71031210262025,13.373355784869375,940.283565929613,54.15417618587733,311.85998117953875,34.20047349842177,174.90535263117164,0.06837087931058983,86.48924068664542
12.321934143773472,37.14110239315089,2.017579191664496,819.1137405498614,103.65704234525484,288.13236866659486,94.53210752170645,199.39860477262008,0.45734702594910726,229.58769857680204
20.462051809334326,87.43945789971933,12.428394944311396,1072.3587636521836,323.2631774151315,236.56077988786538,84.16149255321344,158.0185253375121,0.6640216067199792,342.1379524644138
8.251953735331519,52.290428079347734,3.545686390735009,177.67751889507488,241.08106241004288,487.4465878382377,147.54563841013714,126.3750717929836,0.29599298216572867,385.5945245973799
14.660329342083822,74.45155811908708,6.214212903395462,498.3568543808786,24.436534514527363,297.6885749477473,114.67404781122211,25.001417116997956,0.3130566872163897,99.71589054122688
27.61446630805113,31.647659277156002,5.090735304997487,1246.9228075761432,87.52640594447655,156.8245432236222,90.60666372027237,148.08043502862924,0.12456754775461554,107.38066455976539
34.778868686432816,74.85304774661422,6.3022514565482854,211.8511629079052,245.33629778953667,145.84176433841822,129.11377330581712,144.62669803057057,0.41861498597485536,300.85793064821434
10.67780868885483,50.54658525055308,2.6821847220524906,1297.6803365743406,272.2517368456495,321.2223941565652,31.713197920499326,157.35794808379202,0.9868304343061747,401.8916845741528
18.840346528254784,33.623155483183716,7.801766078851546,228.65452890794876,297.1536589824338,280.5006625630272,12.130314156736809,33.66552379590297,0.28531936128803737,338.418770473392
29.601916154877305,69.63782950062762,12.123817552554826,1268.2359008483747,116.41834511607482,43.54098935916788,106.63266667803325,134.20917502396725,0.5314368926860981,104.89752806760463
13.508962134980269,45.65224804475626,6.902243150494006,605.1037615102173,327.23943677159565,421.8300712100585,23.763604433213246,66.18754194081819,0.7432372527790844,442.6086096118503
22.987293631161727,55.1424707333722,7.613896850523886,957.0926885601021,202.47247488070448,363.89628294691994,26.160709597691287,154.4515362465384,0.013497270884270662,219.03075395200972
27.79292499280122,35.23775279862338,12.807129986579056,314.04196190719745,249.85787738800465,344.4414732519276,114.25530169943427,55.67105126597858,0.9004395595982989,340.14533376013753
24.631607157024835,39.565611321171446,10.737842662251447,192.63621041525317,216.92382471736963,71.63910254092312,47.87487817875847,139.95594859587803,0.3865501847249385,233.88431204312013
13.076667834616234,49.36852030722984,7.611588923536878,402.31348562818914,60.50421804262475,206.54569107934606,98.008370179645,66.04865992695615,0.8691159867109822,151.53500079541223
17.595383354514965,35.83436753641021,4.236586898743106,278.9953450721738,337.82783759701033,470.2758399370816,138.43696965298477,11.708915635311916,0.038947658899478044,435.61705047074844
29.162378181105726,89.20370720461048,13.331437829252016,537.3682567514845,60.54894136507038,436.7910510170273,54.30643442930017,130.33800327488814,0.14566355186367586,148.45781866475772
22.96411588156445,30.3930578069586,8.866795824513096,820.1365451154282,104.11104561569059,171.34975141998538,40.40018209758863,31.52112580019525,0.3225294544775592,109.1559456015806
8.141199565658644,61.450914226180245,3.706640346605054,924.2632489910134,288.49720047358346,112.2470866856038,24.91880372374724,135.26537982976066,0.34546177306327874,352.9746662645011
28.546750520758533,38.011084778615846,4.40223641325115,1205.81535033164,224.13699729536347,246.58046029754544,28.264730598761656,185.86579518781812,0.8477942230280165,345.0167510893758
8.953406583386455,49.99914081606666,12.145429789575566,1018.7358505477021,296.58922457419783,203.681974187124,18.711177353037982,194.15672750010717,0.011201115388235205,251.93698812021762
28.134812133743267,90.19387138818726,1.1401106502681042,952.2616551813742,190.19294216343482,353.8241332847559,22.269933036163618,54.82538659224639,0.6411117764696795,324.64494881464867
13.46697512446141,40.51014596280915,14.88533671191789,676.4948384800845,144.40776767098953,484.56001263878704,70.48064243328156,163.75811325362443,0.13131243617855026,208.19295808803992
33.86798396322327,92.77910078169162,2.3900993558644807,763.3318089441942,324.20901485076905,206.98066699197827,54.921106303355764,77.17512260576366,0.8232156507110494,410.33895691270607
17.93440028515628,43.37663450431241,12.042993618255592,680.3291611462536,31.9632647798823,68.62311942003132,108.91851400521972,181.08684382211666,0.7785732659579123,71.66793782902076
16.827153641128135,78.20179705034391,6.224242093189401,1279.0324420859363,302.52297271650514,452.90244383749723,131.83383215458025,159.623018039581,0.4999210274112006,429.7767109190964
12.019977358976007,65.53402221832526,7.63713465766827,422.0006335677598,96.16986911196794,57.45687591034057,119.86824843993381,24.04512616269509,0.21268722551237518,87.79464656600412
16.2513138182358,87.49111729378934,13.26943337323638,108.00930415875047,300.08298815880937,478.2723126905332,84.28921593319131,87.35602883668268,0.6344953909655563,416.63270880850706
31.669570569361415,66.00956160770352,6.487212249043592,1011.847856116735,65.93488242757225,345.7065368841583,24.34189627257148,74.09038694183808,0.15625831765764564,108.23615622918965
34.901027115935676,64.74634924516006,8.2936594282619,383.44705709436397,211.47225801787837,473.1770358832966,109.3674197518175,159.18439393742264,0.19002379259265345,307.95394598512985
17.944357323684905,42.704770023946,1.214845104932964,1346.1611908337331,313.0756132737858,131.84345585853,60.796021461762294,87.95428502410023,0.6266899022253577,354.7133672862097
20.11248703577265,40.80490853335782,0.5340383710780707,1302.6648615893184,176.26808347663388,58.72190581675151,21.991055148157425,140.07179555408592,0.9912284460886244,265.8478040077455
27.4959153314739,89.57179482250842,4.049598158525026,207.41832069948825,266.36700235511967,264.57659000718627,127.9452970097676,124.46269856218368,0.8910608372525463,374.58430918845795
31.927286072557013,51.30948292525221,10.368454847322125,248.9437675797083,285.5416338923343,247.2867707022576,57.35031240555078,195.37135662855042,0.5931073576836771,361.80026584415776
24.01219702304317,54.18534657258824,2.2583409537074823,793.2402291453328,263.0430888765371,192.4864456972461,40.554836551619985,188.17914179230684,0.5385367687674237,332.8434983681607
18.571193850801393,79.38853779784525,2.1495484026659666,952.9117278770965,325.3588131686174,480.5219782188008,132.00328904663803,91.26290780035656,0.9983848800081085,533.2903061037715
19.14078970291284,52.02352635748248,6.458928816520598,484.8716724751371,167.45529607157647,418.3885167942588,136.2987415825807,147.47986021181836,0.5473971476338937,350.9024880032506
26.781689955413785,91.88405903153517,9.893637059819284,1103.5168033791188,77.13139492450141,344.32772983277295,57.45591720681838,167.59741785643214,0.42011652195944393,154.21677841529012
8.086893117315524,77.96530498492203,10.825043887594992,932.8824292864201,35.77765102181833,114.91481415340076,59.67219869939228,180.7882932338076,0.9095555357753414,88.719281911004
24.7289121114157,68.83290076727229,3.0875347744264343,554.7537536479765,101.33175698037668,377.78876778052137,91.14799386164017,22.9455101175319,0.23418429586928824,201.61863190048987
17.59831128191665,87.2581854354089,1.6540281368946155,135.52008325924183,67.2551762804799,374.42572916187305,112.68180913349214,67.3949718619644,0.09752599029680897,182.9376613558879
29.443327944481275,33.22438404271638,14.135756992210391,1150.2103938179248,204.12308467337857,235.53135986336343,18.840888266960885,70.84370778401914,0.6340900343618303,247.88208516820066
10.510747275224569,46.70907499229857,4.279662547150475,400.6551321551158,81.03196127987155,465.4015184684463,93.06811200638604,92.54473073177694,0.095849633768749,220.6398636553481
23.88146120760654,60.22736172435914,12.873524215326496,1268.2632408476798,32.84812340549249,116.8098258253448,143.39480864970142,42.16030263592961,0.37314853695296013,36.34335799247452
20.98626802692534,44.75360506564887,13.020626031710865,688.4063640759573,31.876643526660395,162.97527870936557,46.693145605193514,104.27911719050154,0.42357738558172053,44.25902800942679
25.34278919944114,78.35383717463988,11.701577580556895,907.9084196844716,294.41793446040435,69.08319605529148,137.23580997357072,136.01072218670666,0.5475380670492331,307.3003696340625
9.751047051040146,89.74852201849214,2.948087296462266,1322.1282225726027,215.1784773761982,405.9074407616902,143.02356770683312,104.49914484117636,0.9916595457479623,387.31376342996595
23.659562260559547,57.54505779551002,12.416121159185906,1309.0722012879346,138.16814962481482,326.0093176038827,47.68150973595256,136.500688087547,0.22098172333318078,164.0939254675992
23.16008387490714,52.23861900727317,11.654133109003007,620.1274053410026,315.0952541042815,184.87254061337478,115.58826122394908,22.623910045401058,0.375756378506912,289.91977174442104
23.137822549236617,92.50079758894181,9.152483356540149,392.4444498007804,43.16488176454549,115.35428525338507,43.4285011647384,176.43759302440796,0.13224012441065802,83.98576585105988
24.29416699810428,58.91540813379015,5.389429509949815,1185.2045088200325,343.5062840001826,58.46797421322057,113.26556264249858,188.423146499203,0.6076135260332347,372.07518332631025
26.26463430511178,61.78814602920341,4.306374761864889,706.3122850429836,223.37629078397214,116.70296156793083,121.63879598043563,127.40241058254324,0.7276731823078335,299.290320844364
29.734702991380782,52.857241702223845,2.267393575165205,368.85879098260574,80.54320380972,248.51093731532276,44.60879851949092,177.46428974101042,0.48207682323587886,190.42833061916423
15.285159443461787,89.12065074578899,7.891477470062635,1366.1954792440104,244.0928026623996,153.70140574487883,110.2217361016529,34.97474316316036,0.24583126828997104,219.98098413544997
30.276334074861676,66.9821064133203,8.986282694892774,377.34587193752236,271.9158157285757,159.13180161870469,123.69463544097258,161.51529481449893,0.6208882691817477,341.74717429343445
21.45290342111325,79.5413481668069,5.710415362478915,136.1300354677235,161.68311851235558,442.7651286671486,60.20104209496765,32.63815675979286,0.5391577233688495,274.0954712089813
10.080573536626941,82.76743669280762,7.392706481372594,128.39196327438796,304.33876006103065,276.96332979210626,33.47838863856177,87.52194398453197,0.17118572340371774,360.18272489843906
9.580875089587439,52.22018772462178,5.770959631854367,971.24149903597,69.7416944078352,375.45590763907074,22.8750394244519,71.52552156607226,0.40568190050213027,144.24542757779545
17.02443460479364,58.190131535824705,9.794587831150169,1026.3450850045424,112.01640258061076,56.42703655294582,90.55343850539187,121.26244679188632,0.43519709163519493,83.77095922503494
29.192218382009624,85.1506653364072,13.568258513050168,535.4583870797775,50.852479322716626,207.9751436118932,146.93373670419984,67.28776169551136,0.9826177537714329,177.00531595701548
27.107385238004724,53.61159785892767,2.876843799680701,548.0153849458887,89.58968740042621,260.4178998019032,125.21304480311026,131.0895896367552,0.8492858321555218,227.19427314411115
29.292604046154974,81.60578367437034,6.03042774359529,575.2914810839198,98.78050793067786,125.75175339668496,71.0175494508374,79.80358493887199,0.7343707882735938,166.84736397789132
21.966264523923453,91.16450096733841,2.542594757287489,1052.22196546243,322.81895300416437,95.28810906494779,85.1269263996942,173.55017239578825,0.8887770255029475,424.1951233795289
19.885372944798245,70.50867424942045,9.561684670913564,181.38730743756003,45.776197287881544,440.33973810992757,49.13390395765465,130.43792964172619,0.735484405828715,234.45375457893925
11.981218221069668,78.20577368437279,11.06862238758464,1400.762893767856,161.0469896619441,472.1385484659064,32.8292214304089,50.90667649107476,0.9034018551257333,255.60588056414738
16.861204347451412,82.33132528267376,14.01273462266311,411.529461848425,195.69156678488127,76.2510811008874,77.49136215251826,73.86459018533654,0.05455311487950798,135.06693753249084
19.718522886694632,84.92757717828177,4.543642930783991,1499.542487338929,316.56870775471305,200.5486077695238,74.89021926340592,171.0099686490646,0.45606620926691654,345.59059204226014
10.392211601349665,55.678466960691736,14.278062485048737,340.1317713020618,349.2397521582005,480.8113889464579,83.07019339252643,83.4311524976171,0.7468983352418336,470.80967933730636
13.956522723202703,33.33212484643988,1.4173087413997845,1180.1650402373284,268.6180779235458,78.25439724093386,143.3926419789517,111.80182245747258,0.5832957966100135,337.8542924007324
24.152082939720948,56.12195763038807,9.24370101878653,412.77756290147505,340.36102688777976,336.07503152421407,94.54534202026811,133.29896783094324,0.17516616415078667,370.9223511117124
27.862904084458126,73.79415493596584,1.3284244304782846,213.18552230055556,279.74337373683835,487.22183064482255,94.80805712713233,76.08383342132419,0.34049208652853424,447.7696988916355
34.95538280760964,59.27277507575153,13.4597257225482,1324.9066540909084,337.8568715205675,489.9828875474323,27.92346680055075,65.85593984403297,0.31777437502669126,362.2246577676619
33.194059946276056,78.6826048059259,8.182231327515783,1302.2517628672488,253.39933956167022,256.7627322157219,149.50844126475485,100.29843149552543,0.261346913184336,285.2459135701477
25.349260387450173,53.20385791546315,10.205551086060543,664.9985494294419,46.32193039885345,114.86458957989508,118.1982921928536,50.82738469762993,0.3431355535139661,42.09443831198457
19.373697438939942,71.25836917176193,12.557821925701562,1083.3545995565976,152.63366170758326,132.95878488962188,132.8084681731607,64.00001151462206,0.514853288461121,158.5462207066805
25.176788847122282,42.11728731550835,2.679504026017547,879.892305757484,233.37710365481522,449.2166417572215,68.00205765633918,21.794911966086858,0.854869024783276,382.7565118509369
29.212593688166265,78.7090133819222,1.0595776481029406,1294.1385591432484,135.7371081199028,459.37418199167854,80.29793340998748,67.75435243449104,0.7420326623937563,292.3600876491273
11.195077154931457,65.47023797284669,13.243776615736357,541.0783570461163,110.21669297754694,319.62463618183517,83.0917332827187,70.93377773907817,0.8352497040162337,214.71925974166513
19.06743202179978,43.264185255529036,5.0665317981545215,833.1413599985792,210.54175815392003,392.4411437561592,37.17323550054473,192.74830159535074,0.8836037445630863,349.64507654804504
30.674661712161665,48.974226277357474,2.3701941649438965,779.5213196863706,328.0556193118035,380.36837567638776,106.528481885774,122.04847683851722,0.41615045609760726,419.77099067732627
18.36348970219219,78.6595660578191,7.2926879377627545,595.4681567596022,31.544018260330674,344.43793507498924,136.41674130644392,159.60266082900307,0.3460262840267472,150.72333455202588
23.440551323134038,61.369080317998844,9.175438097592272,1348.0370903789212,273.8462971686745,420.54739924109197,32.91881453937866,18.621678028261265,0.05762338168416181,306.4635774016801
23.869772743279352,44.042043625549695,0.9490737496263968,332.2290945275497,258.50000175472695,355.2870465985477,22.08455828806303,30.241971785590664,0.9304916218764343,412.8175365623346
12.980858834608263,92.87262737406934,4.485987044727771,309.3120953289746,338.10463037813474,285.64106064384964,113.3506467756479,164.76202256389254,0.06582301793814394,408.11275998178166
17.780356924611787,76.48312628809771,0.9755981770149922,907.6733494518519,327.1347033697394,148.99992679055214,48.24825643421749,128.47441438935078,0.7411355153704704,420.6162317983191
17.03180479603217,92.21376411508675,6.5948631433347344,1020.4919219789188,271.53674547458365,382.18854629456473,97.3407558264261,46.286585802638555,0.3781083044655872,357.11867047108774
8.707311130365749,57.76182794842231,13.478950421460542,372.46695605439123,191.73489234525755,257.78141920560626,107.40616731890529,86.91112711373026,0.9487807744991863,271.4547636767814
8.653177625066592,60.881522144961835,14.748459966656753,647.0044191564738,87.40829256706155,175.6041746434543,55.067506901455054,112.34777499650833,0.419602020934129,91.21226846494636
30.455820179245883,88.36708905202624,9.737189525802599,1425.1893801702413,199.92778704743955,408.89528684121666,124.12024363960981,170.28586753611393,0.8166083513547164,313.23688509738014
15.372911869265934,64.12820711595,2.843746559876581,445.2643917669436,272.5661579934857,360.48825616239304,86.99845749599037,21.478278421953895,0.2826548321636766,386.59075049240596
21.988126688448016,75.97312927386837,13.634816154989933,1035.7049829643515,315.5708401705047,471.176199037362,131.6599171132524,123.37723497979886,0.29908871724384667,383.1628878102532
16.065590486896873,46.39123703720945,7.985593436400877,1136.209151176627,280.6049630394812,116.10315440868376,116.86109735825265,146.23682510146995,0.5955194098784342,314.6380094706467
33.39833961811419,59.03722046567164,2.7293650254923123,727.3801792512234,84.43808861304781,338.62707093278686,131.60058848524352,195.7994530029873,0.9979826337074738,281.86017651726814
15.001012489375892,38.024241277673084,13.86503670704909,1412.536381463416,217.8964836952596,152.35015532056096,12.822593496505172,163.36041487551503,0.5175724179791963,185.9283976929818
19.600733943951248,43.38870233200251,11.483301235484994,1131.3194293063068,129.6172416453478,455.6481732387552,44.09087650340326,62.48318957740195,0.9363086363932905,282.2050638716233
31.56371676308425,30.06132199239602,11.109726454485697,741.094411805257,23.037870238912188,85.76973055804322,22.601111662431407,144.82004683687038,0.7862498282487278,78.70016350525587
30.732206303378835,32.55222835716292,10.783120205018868,897.0692824865316,86.0729088102598,341.8344309646435,71.89162240650889,155.02279813612566,0.7958643141772349,207.8557954928964
13.024738281849487,93.52344850650042,3.404927405898414,1069.6588207951409,57.36281447803826,403.89943190289375,134.59441702614455,148.64974498449507,0.4359599891287641,170.3855896580147
29.671369364484182,45.75299018388955,3.5595970297591277,929.0662526009055,298.0973107680246,203.2622065677653,75.45563671736168,165.8273729108553,0.38654225017280064,363.06465954499134
20.3710459419231,73.11519611776012,10.480248477195197,1330.1766173565063,105.30706320877795,478.90351651655226,128.95982624125517,181.70869548059113,0.19192180809081538,187.1642555314124
21.04015954630459,84.54148042197475,3.6859798766007548,599.6441271925617,113.95032973289331,431.33611490957713,55.804953322704506,28.701675107974648,0.9639412669836536,273.0894530274523
11.603959255230482,65.79292985037668,6.860739603644208,519.8400360781269,336.7790686936318,175.52441785505556,57.53981019273534,29.90513295941258,0.95939361244382,398.8249638845146
10.176240871442365,39.95439250545715,11.83902647111215,399.37444529337,145.0986186061212,43.46890264935939,135.37864224576288,161.31599786642275,0.7470677343101828,169.7413997780631
27.65436128829166,77.32756842685082,11.867311512418693,152.89615529043317,23.163261247650205,176.462301014308,69.61440051163822,57.950770539079464,0.2962524498526695,38.69074111025687
21.404451113593094,69.01634165647289,7.072295701624965,160.21955013207747,113.66922895422505,169.40281641654155,120.5671682912533,21.12287017051481,0.24517954034228218,155.4887150937156
19.794968970609848,77.53128830757939,11.986754104991054,1318.077270352996,59.36886159859811,449.38371945041814,43.13009670346619,86.2335443863151,0.9886102423869629,188.23913364794998
27.696722173614713,80.03353048571066,12.660016044871822,1049.7504049682702,53.92682537283181,484.87574199718387,142.83211615486897,165.77661324695484,0.0665428151081775,137.78054108006262
28.668848272759963,93.40167389950844,9.994248393621774,1024.7453816110806,45.57080574479734,72.40239354631976,90.44095451427995,34.04735452465627,0.843564292141309,116.05823713565994
12.290520527072546,67.28161320173615,3.8121748584720923,960.4999465088405,215.77562515787452,256.7956211253257,116.30529960097627,137.6499746428488,0.35545800048247467,286.4946077164157
24.476079035896316,52.20667232488912,4.473170815590439,1288.9068025717468,82.48474879785334,292.2327193237061,22.53219797128397,10.687013736597862,0.41886971972722054,106.162300863587
11.654560221497508,72.1501961985154,5.065196753426663,772.3736959318784,139.21012203353345,82.73936421166351,78.97299161627402,30.85011497036549,0.8319776487488372,200.39249377663234
28.287127322784233,34.4486461007707,2.193659562142304,1318.5751599816203,304.4658463229055,213.64894620326038,136.14538968276327,76.6615656960125,0.09060301600535803,334.14823451556765
25.737789219212768,88.33082569090311,4.460814495364204,603.2230366551348,160.03158613277097,185.8579120007573,132.78540806606264,25.884433394638663,0.35416967852025716,214.6308473772189
33.828594769253364,37.75976573698279,3.538028752531716,1397.3905060747268,322.17814551704043,286.5859229904602,16.553954012791856,170.72131681305146,0.952024277169573,453.0648980741682
9.861866441623372,51.309784462578186,7.102266872224732,1078.1197721137362,184.31955762055006,344.1478138766915,52.51778567805254,174.1733955976391,0.6990659127712564,299.8445985541629
9.540477471083866,83.02344974069786,13.672344444147841,460.0479904341982,151.61608289711938,363.6031508284206,72.06480090707122,153.5584335889096,0.7549391648058904,235.8057334355239
15.619051016716405,68.82530459149626,2.014964592932392,889.7188903640752,267.62834593993153,102.90731086215827,34.11707400981035,56.071129965167316,0.7575053009554764,329.36638582249736
15.066053460869462,55.586308818033736,10.943884897237236,846.2427860835578,44.147782593440695,413.95594289452583,112.19976353859585,109.41694429559617,0.06057008316394452,109.59777404030457
14.668427574943994,60.77331785937639,10.465603563990353,293.0583504224676,49.527866384197736,352.1293337037491,35.83167938381962,44.995819849440565,0.20320759326043114,127.46227977894173
32.46887367406799,85.54558055814172,1.888435880618686,927.7400680508598,235.15132559457703,448.974461703491,58.529557211784066,63.442905513891056,0.4912632560812118,391.22752983065095
14.737747395936665,52.10028509389299,13.8772998711341,540.6998732037412,180.69043536895194,246.69458734029968,102.85928916009455,108.04100551302031,0.36815023247537515,223.42557166556335
15.342642605473037,86.52722951279114,8.742846931273885,173.2882735334434,280.8370326053394,451.1892908522081,77.49250823342719,149.6526236075516,0.4109122931328535,407.5124242609725
28.50375308528502,35.72873801348495,5.774020056467421,1428.1186207891908,322.3693763233654,438.2560962837947,113.39994540888513,27.98433227479144,0.7814473786256726,437.1673208763371
20.14297574616458,80.491898418561,11.469809460681947,998.0865166900029,148.1610696316107,241.668292885264,144.56910617120036,66.37237254933638,0.014679235067735275,141.90476575799045
28.971185037789894,85.09059614855786,4.231799146823693,1327.6865046191858,216.81530877293326,215.32592503477017,26.31653628012765,186.05805622866524,0.6604919263212388,275.38564484624715
9.764886254238402,41.81814743442702,10.555892637171645,1046.4784070185544,185.22988717245227,469.0935268863181,109.33948029572853,91.53343037855875,0.00011023180182245795,231.37661395541758
21.164422229181376,57.972524604193026,1.0758125097975846,599.7771689961581,343.93151636200287,368.9757778876813,42.248181788496034,188.38523804276974,0.0630585255762437,431.37362162425217
8.90756720494863,40.75748535313762,12.671416545334443,817.763301260336,294.2578544276764,466.9928593615148,68.02674183705969,198.36610289490577,0.408286119837624,359.13526207680127
9.691636493294572,75.92926838462415,6.998477281809118,1046.0454644860479,320.87344373152666,406.608398292074,14.600781611319576,110.06536696116903,0.8409485198048214,457.4178986237477
32.4738112402991,64.79760492400769,9.732047258190155,1444.3532552820125,103.93222890060937,320.2768220740506,29.027033520977852,64.7283618591216,0.14499576556446048,133.5297177378996
11.759625020175068,71.29601753604086,3.707948387196913,455.13724277037505,274.9337196436561,93.29227742173168,54.76882046684595,160.24759362879,0.5546214091286116,313.6637012205799
22.37535842143086,42.77165285215372,10.317568833547496,1324.9678820737647,107.60616424922414,174.0811093863853,57.87801274031789,40.26903974975284,0.6785052268267442,155.61085671978793
19.099581270219076,43.76348103340727,11.69748400045251,1393.7089274119771,88.88503603136866,485.6675072652601,135.94193030469341,57.8889033376934,0.22953288417216056,148.28534498512772
17.378269808988755,32.697326158143916,7.361591209823781,1038.5817205225392,331.6078326863318,186.93416540853406,113.85380729731212,159.12718280486362,0.512330255269583,356.92989222940247
32.29550033355636,50.93438978772243,9.457040398896018,1403.7732783618728,26.370457516895993,82.89724010127057,146.10561554618576,92.39272569908567,0.9114072831381923,98.49884402784467
8.589231712938217,66.38340298668888,7.116725895424779,657.0300224683159,338.57827220893176,365.4745437228871,93.87001144693367,48.292208027656685,0.5122285253655328,417.8399299095846
25.922321526740905,85.76576940982636,13.46432485423876,1434.22264645662,69.25642600630604,377.64195709009476,43.83992249278452,133.71389154094163,0.157323061787648,127.9189963965182
34.011649723765856,73.35028408481425,7.719103117457628,1083.896028032365,290.4145669917785,171.31055133208935,55.87170418903,149.22475366251973,0.6278142966875447,322.0498867888202
23.124540953469733,58.30076102098384,12.706226280917873,158.80807438633667,111.05444251247403,176.92911049929972,54.777029260875395,33.763535495608124,0.592200180008514,128.41840479471
33.29420647489348,91.95280743561895,12.119604844918605,1369.6219645466738,135.73176805214004,255.69077333404059,55.70920587285522,62.62624939523749,0.026954759798131223,111.64128229367793
9.410962740722642,76.75093803742908,6.45231990955117,778.2619326464696,91.53004473625504,50.022916890637546,104.2149842356542,52.042583520724314,0.09059440574756661,89.91161667609114
19.30741961500236,90.46073818606575,3.836225131933388,744.457778688966,213.21963401875627,403.0885847661352,84.31310993265826,82.1723794648659,0.15678135514101077,287.252227160052
15.024260355975382,64.29321826269077,6.38819092211668,893.0532483714879,134.87153067759846,185.86084214609778,63.959384932130206,155.05453015945224,0.13628907756186992,142.09253885535833
27.732166054479706,46.82877786155407,12.480151948740692,309.1383654797191,236.93970303323886,432.7310269209097,30.872567622020323,145.6045394321216,0.2594657705609331,311.0863212049353
34.49502144342566,33.43373461370693,3.8006717693811893,756.8324679943581,25.16361492088177,409.2099939360155,13.099482811900426,135.87954297290375,0.45410532323556796,133.40358311628646
14.92631168599469,77.19551534645028,8.104327014937365,1263.578103404844,41.243711559963074,344.24493523464025,40.63685486227696,11.194253715032328,0.3717162978989844,103.8457671653444
25.66271423980001,37.884694870359716,12.188402845430838,121.67544279252147,52.888180401312056,189.4424388656728,25.04599655561538,37.00722954227399,0.8906498914045969,128.06172625616284
13.348636084512982,49.68038333767787,5.625423389361493,482.0840244541198,158.26791615237624,277.5056183641382,119.96230431931352,52.42653432939269,0.6121094094063371,265.1680977956533
23.263916873433466,64.61060901245332,9.812039736539113,103.4364210213819,288.8827369777921,244.62145849506115,25.749714093943954,61.67161074738142,0.8761443499618431,357.3608439011261
20.526177140585077,66.6870782056836,4.061657823707811,681.9958328097877,313.0987104248663,195.88566767439013,111.39195322295706,37.821042913291,0.5270393249175989,388.9838854517048
34.2441439000515,69.03790780416384,2.084551957838319,1119.6417146912286,100.78754422009725,430.142693079462,63.99221656865157,87.95995478003903,0.08987047068933995,190.42288267654882
24.430236362804596,40.80659647273054,12.018571263846416,1218.2805607604798,209.54200899887462,262.413254305726,20.27297456412864,24.284311152664923,0.4632874490664348,227.12236705881017
17.436672046344107,54.68293131340717,1.935045039426249,1423.2656655778092,273.5604475885582,423.05262498668736,123.78220692042201,152.50421617367834,0.8220325468423649,439.65204333052355
11.080586191974202,70.11762476260284,4.435030228653977,951.9064581591011,115.31371187347087,88.40049810523917,91.14827983312587,159.66694958625993,0.1941037671671081,120.78133689125414
12.083664375843233,93.03822620119601,12.899086618962881,456.47761331405366,154.97255312297017,104.87140275615444,43.00661180090023,119.11067102417064,0.09121427875264976,145.98167328875695
14.083557108683348,77.29602395047976,5.523804662640674,1393.8071287913785,192.9114868862856,489.5673403519693,135.2553644065735,27.04392663797389,0.3294347383382601,267.3229373442911
14.776099856188047,89.96924421110725,14.609157567955336,1185.4420554325266,64.50869931465574,310.37349279880124,16.336163941877203,179.11580221388402,0.3888978306401396,87.37624336068995
30.966633561710722,79.54378379042151,14.706147854220966,904.1998762044024,28.574156929507502,274.4940498095625,38.254745147686805,193.47080745454176,0.3062576764059044,98.54693751364064
23.15301528362817,68.46160297800603,4.390002296576572,1073.8963020065103,70.42591707503348,280.65178904629136,115.28656989282054,48.44907646113998,0.135240785624556,138.6465100855837
22.131554607107894,42.481518993862394,1.0941842226234115,1394.0428970104008,226.861695013666,139.0236360551155,109.31291024338448,143.88156569373675,0.2508398597217145,286.71392883380526
11.098759540468873,73.33456737301336,10.723417620977997,1097.3516398620905,44.29402630611495,370.6038167709076,50.498037121426925,169.9683398220723,0.6822824046021103,150.1982103599756
31.223771720434744,70.51967178739396,7.039304288400984,615.7243106186276,82.59980040054234,78.999086915687,18.683482549389637,112.57026928311343,0.38592851629316394,109.88246233484769
27.51598618662906,69.16049607972232,1.9609162374138562,1098.2394832047353,131.49178227945023,303.7289080273907,130.13093011149215,71.43138891008229,0.6325494446185558,256.79020679790244
9.827045771300043,61.83608141923565,10.75908087518162,156.38942782954302,45.69712122110089,302.55364642951463,53.917669329786364,100.926155865267,0.5363037799187325,141.53228051419393
27.111547625203755,64.36267925930292,0.9520361821228578,640.9817865628137,83.26075948333937,460.52667510141504,37.39987808995713,107.33106264904588,0.549052939857669,239.2840205734369
22.675531868251444,51.73876426267677,13.117852012137512,668.852244583811,320.71903036455865,282.04409264823573,82.24865513053679,86.12103839572531,0.24854955794779598,313.8208443303526
10.206584335163013,63.755325021749705,2.510461672142904,333.57352818916854,26.36871363490497,103.04884014812258,137.43180789954263,186.6700737904042,0.5215430327681816,133.6037654830853
20.374117321273722,42.841133869101085,2.3460222418275123,132.31967277247824,235.6325349775395,303.46649925415477,16.096520898072548,151.33779107907537,0.023594713863201777,289.32926949443174
21.08679975251127,82.3363358284245,3.0472483205444756,286.73373129283993,146.85494720201103,82.01071640805289,117.21257232432428,55.847312028443156,0.4317437423249262,188.034104300268
12.475912584408444,42.07550205541601,14.423862198134964,1016.4700941158771,241.97408401268248,133.745164237964,90.14625191141924,121.25586559077502,0.5726228231899151,245.27974568113513
33.53384996900762,35.522808842815316,10.550955723680767,1223.2043429091625,214.2682677199235,54.30994872621142,69.56287631725436,140.85093867692183,0.1819956213541093,167.15254084661797
30.949335029977874,58.35599171321523,12.119887264222733,1483.4848898177638,93.75458893703261,276.1150479313692,114.1712621747084,36.62972012340475,0.2565585062489514,113.68283668710929
26.063603107885925,72.78998356789401,6.265707293124919,584.908904351892,299.5791308992182,78.8850030350433,145.21541942182853,78.10089105222828,0.2195310198156194,293.2012689373964
20.481980147016394,58.451593620680185,5.376534548821856,939.1309111655424,182.3403262610877,255.92141412441137,42.08886956277674,182.05417350474403,0.07055795526542419,211.65175538900695
19.11766962278173,47.98901857683506,3.900018098355964,1412.0029535411707,291.4368862414457,469.1547162491063,30.110631110096747,117.76288903518828,0.34785732114009005,386.734579888917
25.576283613075763,66.28112695287865,7.46939641052993,333.85849387341364,153.98413694211234,371.09024998889277,137.8034443311776,51.2295717514602,0.9789657664519394,301.11870164192743
22.72666047398645,52.555151801792995,8.501516636245443,1104.70382087984,344.94623279202887,75.6093701436348,103.65343084402252,33.32911164263865,0.3538804064636101,302.46936160519004
9.681373858810911,90.63639985823116,9.660735232964953,1156.9702264088285,274.26148830542775,143.13651361606787,71.31804301867524,108.46310976022677,0.46053662183697563,273.3802619944549
21.837571516798956,89.9719340742322,4.22821830798107,224.56575021707374,338.76356768714925,349.88471315097974,90.25633983699963,114.06028737553737,0.6530872509563752,466.2739858621314
29.772897665286667,62.65416829818621,14.255484173093365,1305.749139256291,189.72773804025343,451.5628560711245,114.38594672467417,73.53874575737635,0.6484977511691071,296.49963825800467
20.39947669511787,51.3124596111868,2.9614982240034697,1238.3470659551815,176.31807365593116,55.142549911418726,118.22446581880041,129.7790453996325,0.9498949800186242,233.83783863052793
9.402827593965247,77.91360690718153,14.501971034112978,146.76420920840823,269.29975707733513,413.72752059147325,138.78518531465505,23.05009038168386,0.8575641403991252,403.1009809671225
29.229511383368894,32.38634132639933,0.7154137763588049,227.51818083207206,310.49611679443194,298.434384955622,69.75799044538718,37.57654172056672,0.7939506871051523,451.5845886035857
13.436822117671309,60.85998539283733,7.476322531344262,168.77765144859325,338.16811263563415,291.20200963634056,51.077527402715305,113.79202599213924,0.9516272257783106,484.67982131737574
14.982762541977047,51.861020627571676,5.33383365269016,568.640944519107,127.1021289907249,480.59406406654466,99.55299735057787,21.74498183044625,0.2307653854831716,281.93506488617635
12.447071542671988,89.83483253166605,7.012289501988636,813.0045869518966,283.5725093680708,383.91652179451563,68.20190589913425,177.3726653483091,0.6170541946217926,421.8213338072993
16.915806751530432,30.780196772724366,8.77463639522144,845.2868191364803,89.51304721972711,431.0546793058115,93.24378355285691,37.007810386738186,0.8871967667221563,241.1908860940443
28.432290653593146,65.9329669216927,6.816042791184281,474.73346367721973,200.03953442599692,202.8379619905467,68.79801178383303,138.04477607606194,0.6241381582781018,262.6256867962773
22.02341820660631,78.14313276933069,6.515279329373127,1376.235641184384,79.34988897503573,295.0074587810685,31.419410134944428,84.3286539257408,0.9774204746068695,178.76472144617858
13.531794402069238,61.526169189062685,11.124489523492946,615.5679058206784,134.64112937761183,323.0866116167745,75.71974523225418,85.9596720330272,0.10035271390637901,172.9921594146143
31.701412110105103,35.55119696057691,10.445205988753738,163.7702183514935,327.34826117813157,187.92861256673393,106.72849507174459,155.32901043611733,0.4393305027932003,342.22324038489353
31.74871008369129,93.20999035181364,12.582433589519795,520.3179561579409,68.20993092511841,302.31413747580376,121.89973307347098,104.89780549285365,0.9773629079086362,207.31978781349943
31.505617476242186,63.670678039446365,4.1244052279726855,843.5531915618177,228.69229539461483,148.86147456066834,79.06567875151656,147.8745380923346,0.3795680285699258,242.6811373990987
14.447497707301562,69.92210588073574,9.338163391433921,671.5105516235249,215.6749100660431,105.9528086913902,33.13330462945613,105.98633346302616,0.7395563750993044,274.6982223843206
20.18346229288668,45.37963587598797,8.98532438819638,483.37952673896285,59.84365639396554,212.026319267573,68.05627935092042,122.65201486700005,0.03040290107864918,77.66302380371262
34.59472071580363,61.427375531942246,5.861198257653987,283.85254967004437,127.57308444370801,380.073229223361,120.08115003783776,154.53577929523618,0.6948371146303131,287.7977693997509
28.84433686036974,57.89471697729092,7.547834357588873,1246.8303001347217,205.7838964900377,461.4460881139883,67.8002978863902,125.38866115504231,0.9346267325275784,341.93257339248464
8.733520373090116,34.868229730128945,5.049841077933067,1494.6033389738686,81.76894096620178,250.54846368918697,107.51431110459113,126.96687078386984,0.3827062851900027,110.96128578621759
9.760523964033286,36.90042298058537,2.5567437654462855,561.3589869334348,284.2058066162291,335.69889660669855,81.00991543493257,159.95172237124294,0.021299837926929466,368.3646879979207
20.526147173932983,84.43571377522034,3.6001175546096262,634.2694618472455,340.81164814646746,87.39708024854622,43.77123751531554,190.32649500568093,0.02790980439548385,359.9690381980276
32.548945558262126,45.588296893428364,2.0299478728174156,965.2525345477399,90.87060198761579,456.0533289340712,121.4610711232304,81.57606924771399,0.892023305711089,271.84033474840055
22.544948544723283,42.67228764741098,10.4045088402568,1105.8180646297578,81.68094838089006,301.5579382421698,21.789883569896183,119.65225987293074,0.7225161070962618,172.41347662884394
21.440937716925838,62.81924433125905,10.080547200082696,648.8413487250277,170.12857369315674,398.9555939075722,83.48463958572108,26.391899969373664,0.10668638422657983,209.52204106173872
10.847789898829026,79.96856353856333,14.283792387908155,1366.9013237745414,266.7625414562106,405.4429524238412,39.244744794076695,78.17273730808472,0.05459027705119657,266.45306873929104
25.73306282755594,34.02652370763421,11.080336997884999,884.0055849204857,112.92820137763296,157.98104212932873,19.38918799579259,88.28935291898334,0.8048253636154794,171.36471387408378
30.196785336206087,67.49251477648663,1.254664661963906,730.5461069683033,26.560369870102534,283.42024846365075,80.41075119165484,168.69509019656968,0.809860632805359,199.3512414944043
18.27134020270418,37.74867878463727,13.321555021969836,1005.3418544238672,198.602807250855,481.8206857180496,79.9387018308893,107.5445564038786,0.120521839792049,264.3842508544281
28.94151997498384,32.3699683036652,13.008789862713023,1433.9253875488425,335.6781873632115,81.23189061758077,108.96612623460092,148.90261092670698,0.30152040388863677,290.37938037371475
34.04086965532191,33.42835689054413,6.928144651204131,1212.3732121903877,149.12136228429205,354.20295309359915,114.26509702726669,13.611406004877558,0.7800260645738896,248.65439455753813
13.501694396447606,84.2206670335487,8.995014232654862,156.01838274917407,158.64440288042314,482.64147589617914,111.89080841700554,98.25360722937997,0.5254120709540063,293.4648534790552
22.129900042258015,37.668211435824006,14.653135820851523,565.2338750359435,339.73756664763255,178.2654697048502,67.3382226083457,181.25035638108102,0.9565848607252994,388.1599948547873
15.75272486828354,32.934838686798976,8.218413275798412,758.7625589317117,249.22051183682035,436.2660438460001,98.43657021171876,52.61964276809917,0.48106264534600496,352.4438931925772
29.407069313913663,58.4634926642893,13.627166511453302,540.3246010927473,257.3267345379013,469.48247088780494,90.77233397015445,15.989215208351457,0.6769579375655126,330.0326437667646
23.595020878791253,84.85957567623161,1.7040619882477033,1080.262585162639,205.6916617724523,383.65965632161954,69.01864585636875,92.34765940556052,0.5097833657415842,341.15761815275033
25.1337252738582,47.05654447180463,3.270252096275901,1256.7768098076135,341.6210395848697,146.4110236612008,93.60977718603905,143.84204592304312,0.9429654956850457,418.0822867221927
29.54368230962914,57.41132013918457,6.890946679899108,1123.8831332593802,247.32593986043352,193.6403306602332,142.61470273887676,96.3480662998792,0.39865909206760886,267.74440002256125
18.69120276188628,32.59496461664383,8.978973720890918,1485.0666015595853,315.36080802970594,56.47227543215614,37.00512411539283,97.39587956714051,0.22979645517860003,238.19385133877716
32.70743184699017,59.19010341876693,12.335303852010604,481.5667070502407,250.795025691963,422.4684877528634,136.80809340997368,137.2629578352807,0.32663386028099317,341.13679593135197
22.39177941564578,67.54485024141368,14.82980066957621,1324.9852930341901,262.58822219733065,430.82114579509675,17.48377195764777,58.33387357377931,0.8527752041652292,335.8242101649819
12.264780216554396,67.10895849388942,6.138346698874688,1173.2717312442805,115.83560430694135,331.0467425844486,53.17448980623249,152.85906041197572,0.4979385635121334,233.06183060682116
26.789276190557665,51.607734991333736,1.1875267240312315,607.0502605814045,120.14797034456026,202.1628115813716,50.340334805613956,39.09157087208935,0.354252303502239,169.64275972025877
29.41805646183287,50.509656743103804,12.11698679778221,1127.7743611197561,278.38493436008963,75.33307271436345,97.6911151033268,85.19261500433767,0.5442600218094829,250.839544387637
16.55256528082322,36.93053523087886,9.263520426700717,245.70633898554576,117.91307542606687,386.4065005608583,28.371493248820645,134.64154060947442,0.13322970727684236,189.5472147773129
31.14383993896633,53.841890842007444,3.378871453588924,1205.0668752767733,205.71412336450544,374.20204906056455,133.5286656575655,167.39011137373757,0.005359304625596084,261.44260596807715
32.465867878675695,36.4671534767427,7.675012621010592,845.2628436219437,102.28626259921164,459.79715999989446,125.99719718510578,160.3909035213605,0.28058468369349077,213.55265452525506
15.476421159200841,79.82873640628335,11.263498560239004,509.2062417929544,289.6045156669929,376.0447296624666,101.28921475593889,147.1202638684626,0.6050057197835423,392.5259214523194
34.555079763311,92.80782935363209,11.670970912495335,1018.0882224978523,56.4654459051377,421.19967343224084,74.17793645090768,78.2283128719143,0.7116807696613873,178.72987396727945
11.799211257316477,93.05483968333596,7.744466973982049,998.2679982001727,293.71739112134924,383.1391242358398,140.61384589989098,33.237820095807535,0.8266109663519666,429.7189454075831
13.45442304686723,86.22962145940059,4.925610686868457,393.2807118074396,218.9008341675086,330.11610662366553,126.30451766087783,51.198501361668214,0.9266635593944696,349.47224231508005
12.974070659426705,69.05148970707523,14.619267439558156,142.5563807361366,81.6801464929355,236.40454132786425,79.90412073137428,174.31842476953216,0.41211234696476806,146.01377729586815
32.1377221702125,75.55627032085219,10.118757858869147,707.0716216623434,198.871677217019,454.97396197544776,108.26226962360357,172.8929603252053,0.7405167995574546,333.36321126615496
25.66589891277397,48.538377174226916,6.419444030521332,897.3166170821897,113.22461615962234,339.4455430774361,89.37019330515584,190.796561982413,0.07467293019806254,186.50157557211838
12.106815647001367,71.00007731122034,4.56671675096746,1327.247389718838,126.74422046106388,223.24344810431816,92.31191337435703,24.437843860152903,0.05752999877208009,142.99951718027998
19.888732295945424,59.61722071359203,11.100993253551652,1399.5035139066322,136.00425372697052,78.39587578370032,56.336649721245976,111.99372620271666,0.1247979919861566,73.56404107494295
24.613046676884654,61.33112708550061,4.011659961109632,840.327305419473,40.895351500865914,173.72423371601576,74.69184464748554,133.2497785318044,0.4485690978307624,102.96470076256016
10.253530294713348,79.25547642438526,2.9897948401184786,1155.3248772759628,345.36735585246777,290.1142980218758,20.937000310564187,145.02490164270276,0.21128143849874992,398.28902079685696
31.825241946998144,48.324693113821354,8.18259138995002,715.0245812591957,30.40642728330395,166.7922702074495,60.028816833042946,132.33401465198173,0.2869249419378158,68.84540742242825
29.69729545692145,50.67257476014379,4.704817193340057,1144.51501920205,238.62396815081186,141.76826004223497,107.41599215070127,156.30216408143357,0.6478801735123026,295.62559958509064
21.640582886569234,90.10171642336138,9.619124601392418,386.7221349148337,142.50512375995208,282.6010164804097,143.45024427086608,78.2995994949749,0.358522178802846,224.53482059139844
34.1124186119976,33.654579165313194,2.2101107856763855,619.490628724944,233.18339601241064,118.1173591120379,144.82897578682284,44.09222670574161,0.5573715577180222,302.61697476812344
19.279546440427694,61.56622939686713,9.996646016226164,987.9191983390607,137.56192351890263,408.18862912954756,87.80120167748483,48.87084070858332,0.41240375673659224,204.87368708479636
34.570978613985446,89.33205202651101,4.607799655966682,125.42115184991036,242.3377132654234,262.8093496176227,94.92711525334148,12.275950999331224,0.16896925551981956,285.85468697451097
26.03383996769793,69.6735955081802,0.5035225493004346,1111.4458344745356,260.6477181245591,303.97687602281906,36.000965970135454,76.56115570018224,0.07401999025589412,288.7247011883624
25.13612437785642,65.51645982378858,2.340572836275557,1269.7497017754336,247.88237133188278,107.79630309478033,107.34313513309431,27.431369667195682,0.23623149530988785,249.04930400871692
12.480782172986196,46.233371649908094,14.037422978608864,658.798325531532,57.607453848190254,189.305114389509,19.892230974414073,71.08285163013628,0.05770046949104435,13.231221783082237
31.812049474225386,52.31290678918914,13.076642267172689,727.11938404803,236.77476743604592,228.64125430013033,49.85599601192224,129.35991466158708,0.6186119598898069,278.64995709139447
19.542221573856608,85.38314702730504,3.887330964525434,1291.7950971031435,112.39589131985211,411.77790203759133,103.57086861996191,179.9508305614958,0.7957176014661004,293.8917654798362
12.380301956126942,66.34917856494978,11.786392615909623,1185.9164894564467,29.50445228788006,394.2733806196302,53.443418416088505,169.52503568819813,0.33974076823740085,100.01054869978496
8.340403039345494,63.45824259419069,9.324288101022626,503.409284646725,156.8941217233548,142.56963840233342,16.978562376023604,58.00810027193961,0.38711105535235824,165.7092491017431
23.113403458236327,36.47268138010188,14.578118316023106,553.5665491861546,163.06922392525433,323.44237753922357,126.46185730913493,35.47579701762892,0.8161910627593066,273.1505432327456
22.239789797312262,31.041830169583,5.917282063243857,1050.4295253468354,174.16746400630734,151.9899245751189,53.446200998838826,46.68373202137895,0.2226129123735603,195.55917562653087
27.42254780396728,92.6395372646582,10.381178881498984,888.4773294274257,252.59197457893637,494.5936916175129,18.834731480214977,194.4874638616853,0.11916026519487422,317.82056751323245
32.03696743148066,54.5041008736447,1.4212679751468196,327.12139953509575,121.9184570170115,477.9769839402005,20.470343030401125,114.40015114024325,0.5011181173310865,291.8805569926901
10.143977785361797,69.20884903646778,6.245586528837886,533.9018729208331,124.04256932429445,299.10177143948545,45.24623183042551,44.67542237010922,0.6461901695332372,230.32522090249606
27.750405239189785,35.18147975717353,14.475356087228617,1359.9765876301158,39.98224455961599,361.49518307130575,34.922232611013676,169.74176939049488,0.5996544250464793,110.43279728522654
13.06012249063472,74.40242857199803,8.315222679526748,1063.444211411169,246.65100127745765,408.6579758159767,118.40201648922111,85.08633641938543,0.7138730452741808,385.0418780044768
31.170780435243426,90.61683606588747,4.674252798355246,1480.3640447597272,207.38261016186271,371.6592732206558,55.03576653338482,180.8522088751982,0.056751182173023884,264.9844821143674
30.114714874264713,67.41824144483228,2.243928965364799,1173.8175419730771,135.31028718895004,361.9211978979136,122.65740990557656,59.52865409855244,0.4282016127583729,243.511846590885
22.601431384609697,38.19749595440169,10.701160932632192,1418.7642050010263,252.71236304272705,480.9348436567829,34.33843969524139,84.71213417280487,0.2385705239456931,307.663382149829
27.17655556282941,67.81189928577598,9.85041262973104,402.6640034186656,197.32805724486946,314.3698089013503,79.00308513617173,105.94007493011607,0.7591212595460242,322.57974683582336
16.487453055961204,79.81256885180241,5.922111347254732,1180.078824743696,174.85083213727808,332.6992290367656,106.32519869743803,179.596913476916,0.8727304840603496,326.3981132438052
20.721533271185997,56.41707487731121,14.288649602054598,128.30452820691642,188.73709940817173,430.6636252015633,101.27871954121969,175.0639120049606,0.2813357408064149,283.2917777730438
30.184196238182736,87.18945361619541,0.8219407883238297,1039.0640303961475,229.99488133812866,348.14979921486713,94.15811739023762,119.1274633577368,0.09521807906940827,285.25587826567477
20.400160323676776,72.1643919682287,4.9039958486614745,756.995189368338,237.80085950961782,377.14900612806036,139.47502427036378,52.13734685836923,0.25342796199139683,311.691683755603
17.66055316378693,88.45117968879816,13.85550755134393,585.4641006880961,115.35608031643666,147.7175956504555,41.99352067894421,86.63782463019626,0.10400848905891968,107.06328014975897
21.343736075758095,70.52784523107692,5.1535638556318855,1307.3660932103248,66.44530991908056,210.7827850929326,79.12068862469475,195.37028241944603,0.32242216611345376,131.30265820651937
30.362729815804897,38.53371818031357,4.157666090899971,1295.974769720543,71.68927979287119,107.75861902747079,133.75895701013724,125.4769125367064,0.5381985783218257,135.9817106724292
17.050617279013565,50.12996122183729,8.246195944003086,131.222386858101,230.99899234799054,272.6521034740105,20.905127183321987,158.40857347359736,0.9736809543982065,389.94134694347247
12.691563014665082,43.1166716364097,12.4451253738478,953.3071714292034,308.0481843031516,249.6346043129133,17.824357555430534,95.47429211866975,0.39937025435135853,293.6808326170006
27.22437854893108,89.07372235159605,1.9956280327362352,614.965114049339,155.1337718540321,498.6948945685501,42.6623202581608,111.08138233869322,0.22003992385462112,309.2291674624954
30.30141174311821,79.42600437368637,14.173800289863173,681.9254021006288,75.94165290872257,321.15598029514956,98.62297073532258,91.50128132418338,0.16680174037083506,104.53583120719472
10.7172119201354,73.9658939791504,12.028556777126878,1264.8570349062863,269.67882443697204,401.76461866943475,46.38314770297296,143.5549896317739,0.173039766138676,313.66427294273507
14.476601044410508,49.562810776055414,3.1281287054975033,533.7756801387495,294.721526558418,193.64674854852095,36.63358373323186,171.7794926385067,0.1925976832614592,337.5133081691882
11.833243723546836,41.96291018326388,10.824115437373358,1420.2683348926682,310.592206229919,422.5108524176864,74.23232415016089,106.39907321266708,0.762267022537447,426.2413717392473
17.394418112718498,79.16932071927927,6.081901478244578,351.48735692099706,220.25437154153195,322.93908458433435,95.90372962771761,101.36481714088289,0.06102771143241992,282.7341462635737
20.15947643044614,60.82026648214018,6.333272832106621,1027.8113927154488,304.04042459806794,360.6164725352817,44.798078982343654,74.65442874869542,0.9974027069430341,416.22336384190845
28.218311098009274,44.676320889790894,11.857706340363563,1040.9470938192705,25.086936287974535,175.438157856749,52.09676614132389,43.64837191587593,0.5226863911662611,52.94597660045344
25.5809847918052,70.08042858074288,14.460379715720617,453.0732259990855,55.38781458394276,292.3736601799655,95.89830267361194,188.4570673462707,0.5442718943008257,144.70513860923407
24.76507132191764,32.62170038899938,2.3365101562843122,554.6508525540828,50.55010212719259,331.65700777025995,142.4033790785234,70.05514654910596,0.3575638786996048,182.55697672917964
17.514123558460668,51.201066518336475,6.599138434742882,1268.7178896119167,255.15954580406188,310.98355087562726,104.46384184133235,162.13137807911423,0.6902553594121205,354.52482887452743
30.71908393328852,60.45620464842375,7.473653317222401,1166.5273569369333,42.96198856938108,460.9891072553006,119.60658010183839,145.9159340446201,0.4714563408807977,208.7370617218078
20.724753519750443,39.61729171711138,5.956521345847465,560.7342324406634,183.80024291388133,453.2054256665746,61.35341326576563,160.27434405284453,0.3290612849645498,299.4710944941705
34.43583332640917,94.00254104340458,5.766242293885263,847.5391657089075,175.9932765499754,486.65266662336046,48.11561031382525,187.98594534069946,0.26513840370804287,297.92910422321984
25.121837733984894,43.59132869832493,1.2578956796431497,186.35241475433364,122.53216277421951,347.0168827632151,73.59748404836716,128.44044444197047,0.9256512069332595,301.8244606651667
11.409148022241574,38.47295345281226,10.440309998158037,392.2442353580809,307.23370608089294,487.0804998578149,122.99859601963432,180.61056524258848,0.2909895150524202,409.85794737255304
26.256794176036717,43.229766802648264,6.825109048240658,780.1487824045587,76.24295662039867,422.93988001467807,73.88194985067781,41.8624913533358,0.436393259429842,184.08086871638213
16.777808416655873,79.98897365538207,3.324510138336938,220.36322939089624,136.31271885174914,164.58278455638128,128.54155723058054,129.07538943178963,0.35034140211646825,224.05980387937677
26.530834310524632,57.65786785266978,12.332485783379992,1280.6652968487124,275.47659500756663,236.62040799359664,148.4280772973178,156.7323664537764,0.08617882742803595,263.6286904337601
9.880311000384955,66.75203608391497,12.137130848198606,1105.208694150707,30.039363749783803,149.6605234069445,20.08373320224709,61.61181484139307,0.18593439448226712,1.3177153173654528
12.721798803750904,31.365595204113447,7.55267860728896,1421.0871389078927,242.07363208130167,41.93069398205999,16.357421851718517,150.74322224547336,0.18950197532638202,182.63022057901765
31.10490599045623,32.23803505726545,4.827534586642527,1070.8536683496382,289.4112496993183,126.50242644757796,30.942558407870656,157.910597532085,0.6936495143896548,331.18634465320105
14.133848039634902,58.97866073875605,9.75234452404856,1416.5619211670598,327.6483868165952,41.86786969196281,63.81175460280847,167.92571164312452,0.40658540996580916,312.29037252034243
30.600110381559382,83.08259080810552,4.678205968772344,876.317577967351,309.17789136219005,371.1256922212254,28.345909280360537,69.44775339322723,0.7819675630706586,445.62386224606917
15.540454388269081,87.54052711599175,3.9221149896938243,940.3060554867571,125.39675855511611,235.7457769517518,131.89302686662583,139.50525213197875,0.708950924334157,240.960564285138
25.357811571585106,35.635926893716615,11.092462483381736,1467.7594764767653,213.50016663657433,183.7843744558148,13.240475143788933,67.8081238478548,0.19204976639603766,160.52303414386597
26.742065484765437,64.99360163656648,1.0847159759537852,998.9808056099645,45.50685273965373,390.39160990378645,54.210980287015154,150.4176736247065,0.5629169201201006,195.96794306871777
21.84167833491643,89.35992960815258,1.8741428300016123,143.10119640504524,105.09710117084283,422.9439163250367,35.85724812918875,97.96499637768532,0.7429088460488028,324.00994993758434
16.243388270811742,55.21822903586261,0.5984285233420518,1113.3238872827326,51.093384986677435,488.63778777894476,140.41550622205452,123.5334311601718,0.633042923475723,250.89474372648587
13.741398162019596,83.92177904284395,2.7176762038936793,1367.656168992382,124.01180575080807,335.32624895061093,103.72734068460392,89.0095964718081,0.6000165080879809,245.39935290158468
8.896112573185508,38.690217535963356,1.5003551263016621,1213.8123497120573,308.81178044138056,252.3033209284238,137.68423590319242,40.77675611666662,0.739610887400768,411.18011864055757
16.206552833499543,90.80064182840692,14.93913433280882,917.3665816755916,134.56505709251655,180.4215787394205,146.12601944345508,43.825610625019095,0.05678073925630689,127.59038986191797
25.63539534434464,78.84251563953467,4.687744564334299,1039.8249183309229,205.42637399047072,142.2663762385441,79.59375411483168,24.738092379805558,0.7314219473614328,245.16252860678122
33.33423009810903,91.1867355311486,2.6643861837040856,1486.2685049523404,163.01567987793047,137.94593722199656,42.80467512672367,127.43380914711574,0.27265526315342836,181.74908762784392
31.522521021102406,73.98012018091292,3.9944457409408103,226.92692391307367,171.44245301858265,228.22711237110744,37.1220300675225,171.24129561108126,0.5718722545093541,274.3267657213395
28.68374896645317,53.62125557996276,14.073820787331952,1034.1427600865354,339.95877710606425,496.22172343244773,41.20864063601768,13.958996989795379,0.24230499469650746,375.9200608890949
29.288078267839065,90.98177621410696,8.042323233853738,496.75677239883134,117.73097452707312,40.3927008212055,109.20306306708041,22.585505396787163,0.8388175722068376,175.18055206705344
25.954592393851872,47.9118404600966,5.789862396463925,996.1265552206381,227.01707494264653,130.71471272626036,15.662401937220103,96.91872853755297,0.480559354300756,260.8523673247944
15.02774515428208,51.591213934012615,13.164176139683681,950.6730062375143,158.62068096121752,126.66077190564395,17.19055022458008,150.16693987195598,0.6429412120249836,168.7563240038062
32.494265829057404,75.55254717011312,6.2273589229609705,314.83956495142695,40.17823974573645,369.87496334485445,95.140011933641,39.96445249527075,0.7940820434767281,214.87621129506059
26.10977242145752,79.74555946915011,5.357624264386589,389.4453040363348,181.47917443599786,202.14297469510845,99.88800054323691,61.613750714346835,0.8953152550713643,295.0797366898974
23.131897036471877,90.411226450195,3.5055965769711657,970.2814092604989,288.40329858488576,250.3399701122375,103.1368094051444,54.08117824354336,0.732062097069341,391.1234707226678
10.99671566876399,43.31215658865362,5.978053946686467,279.5219262252838,52.58847966495716,108.36710001615629,62.06327064240277,85.81973154751928,0.14876857619040573,94.52954456986056
20.070499682773487,81.86987228924956,5.091923162245427,471.25322518245196,42.96530964078196,226.29863788339594,122.83228441998145,52.74974863333852,0.8545323695857865,190.30249885224157
20.42967332245201,78.00549347080263,10.320907409823045,1269.3437668332033,70.698401729778,87.47191347668459,84.70744228172646,76.99374892350308,0.6185779158655061,94.80253817175608
31.34321745711209,34.14664615648386,4.698949217725543,557.9281084022941,272.25203675847104,285.19991242874823,24.765188201318722,148.4230937457694,0.6094497583802736,379.1913810883499
22.75950194507029,55.16950417866345,8.869396323127141,783.284218777528,258.91847676776354,85.05164807611374,121.59390298942833,126.09175720629594,0.9213405598049216,344.05157837781735
18.27081482220106,48.379754708906404,1.4554363929636043,1417.5964692041764,206.45586373901648,403.63385533965186,143.42949007786416,25.42452402442165,0.2488315556658831,294.91443005307883
34.3736088697878,49.791877583011974,3.273692772099458,418.0087243717248,174.51471335056868,300.63679006862515,18.405083820330216,131.17167658668637,0.23958761849403332,245.31282126698648
10.989456019810524,93.89154717105555,6.407376438364557,645.4764243012146,313.1475188518653,373.0252219358178,64.78918741808118,100.64466259625055,0.5131935546949619,419.41236417063254
19.408807564422503,71.78053187619531,14.085764181676083,949.0408857609639,273.01028186504925,232.51753786023457,78.25224627686467,187.56745919435636,0.7508630665348651,326.1931023338555
9.134666229627943,76.64895025657748,5.970153792877583,1157.474501305561,287.94094292959574,215.48599489142455,30.50590641096437,64.96782024977011,0.44724070822850914,282.2405033797719
27.977411260707118,93.4801464254756,10.129074757397595,1362.3147413977872,288.3765594457159,85.17608896247725,131.4792526896028,147.9716197428404,0.6338913898924022,309.0029092518363
32.788066909377065,54.518115859746516,4.198764725110273,1381.6621826029211,232.09666106603416,280.97357923969844,49.78095028460616,148.86355637846827,0.45252472422271883,299.17427870241517
15.561007897863215,82.11961094943238,2.34198685161186,1187.2961041216722,171.14482602426213,276.6709958342623,119.62119559134241,52.0851483917456,0.6103871804869687,286.34709308016136
31.175225273576263,58.2445126147922,1.348780701160727,419.6631712306346,305.34365835326463,255.32694044681847,103.93922748396425,181.61248874447787,0.8222623026137111,436.6545273382536
15.88989222247124,86.51968866797368,4.928495728869895,134.73306205959213,325.58244780907273,380.63844775392664,93.72641514538329,103.32480808162458,0.18047669609092332,392.81068516089067
32.590794364385715,41.74274018523471,2.7860848885551657,637.2835024978733,27.855994275253195,422.9520240148831,36.89999881751761,138.98783970896744,0.695378534005984,200.6271244913748
28.356971397113167,91.59960150917817,3.023151496233801,298.1683913829527,37.01310817786293,385.36325047631374,40.8984928771268,37.712556187865864,0.7874257393381833,213.52370844666675
29.73248297471884,44.220161046707176,11.531009971610775,1094.5427064136175,336.3852879797843,106.17824169114816,16.628776664519705,58.98274422847416,0.44711140748178246,302.06193694082145
8.48617700121227,51.20433295376055,0.7296520287006761,1025.5828215560036,111.46300256858427,326.1473742697697,43.69974016951729,121.36035240807233,0.32323357706785427,210.32646587227788
33.9958796409987,79.15249521694074,8.5882468231638,161.56029827003678,308.2119150843082,76.94862861718536,58.362105324471976,70.61518099093641,0.01354432392440208,262.4647277092277
27.620116785898727,55.594084201751436,6.00219001860524,1271.2312907833316,148.30238925726286,359.5262522226192,126.64034254073955,104.94165452848495,0.7971050223340935,269.57696481306004
16.2282795754256,69.53373948981903,7.844974998673934,448.24057280765516,59.30301901108735,215.64598441811827,61.294973340072744,81.06098788092496,0.32793865903598807,110.8986059375603
30.39365595118887,58.89727756951285,8.661038439611742,705.1179056874591,46.54625606908031,100.94951988249184,115.6470495871849,131.70522136236912,0.3573094694080502,94.64693891493016
15.601072357203108,78.25404591083583,5.043831569630534,1035.1072296380394,71.64760669655064,436.5433942090188,71.52191938136826,102.55761892835369,0.33600616309881226,190.9107582762121
31.564353668285456,44.841531403959706,4.779078472672136,701.1863015931547,102.46475430623036,322.4438359579112,119.88156367914438,10.875887834901953,0.4987393308123381,193.9480019627294
11.0396705411223,33.799769170397006,11.134326815356133,717.8029239199208,181.21105679717266,203.17348525586266,146.67802406118557,133.43935920962298,0.7024995732190771,272.5395027684135
26.999521391441487,49.495410835749304,13.133516327756778,191.8791934700365,251.49430718670857,54.13450263922979,43.57781812806122,90.20309583953453,0.7718631310005108,266.91980045588485
22.59885886941258,60.83006321644797,3.2924336706486543,662.0209689640053,345.511530240149,287.16271914166083,130.72782567494266,74.92268469314234,0.3925707204031583,427.487827231927
10.606430695276902,40.92130339252411,1.9154720277596597,1170.7870505079768,165.69722528542644,464.683904103667,97.05537208280846,27.887882933812477,0.6631020350451691,304.43080578667195
14.531133362988653,53.061823827665265,13.518039192684377,1381.246872061237,191.00103097322625,314.3347230430882,124.42119662241167,51.87024120763338,0.7206842502713152,266.17464868150427
8.3349089794875,55.998896189081954,5.573484222887281,678.8959918887205,192.19918145647435,486.95927812496683,101.22202631749273,52.51673540036215,0.29691733167738155,303.87895914607884
20.656735067541657,33.73046983973778,8.494102164610805,693.0201576307104,198.0133373110189,102.76751440441092,69.35293101838101,187.7202048868985,0.09662146953709327,192.20402131194734
16.13416204052001,67.91497113197329,5.71337559554005,1083.6779488531129,190.85441684447255,301.4203481136249,41.930491521850655,92.1774652018439,0.8946657206444625,301.62227703025104
24.155652076039487,87.4823228181337,2.324133877017744,1419.8808015473871,22.895669170432882,407.13752208295756,19.8049315463631,17.992510970882307,0.6771159717815929,156.6343836337849
16.025420808132665,39.86328934194841,9.045308851742057,473.88531633510433,20.569191296247432,281.7487363178294,84.97257102450038,36.37516962623097,0.6481104088762915,132.24348691234135
16.097816010688586,68.85752087109842,8.11454235065963,716.2018891531116,52.229884981620565,81.89052375423739,148.64565323376118,25.016208389253293,0.05890251521197798,52.94429289802337
28.06621636575329,73.208048319205,3.4434066082723596,1214.3625409732217,53.51367913162901,308.12756071172015,113.32585270198888,121.88518413937015,0.8178730575039265,194.35131073195808
9.299856571415543,57.256754227253744,7.052101147458028,953.5709971236539,252.6159799550827,321.399436687537,55.82837579586233,45.45808339769708,0.5660541560860531,346.951960909243
32.37816487018365,75.57134317867755,12.055738808226865,254.8208815495366,87.62229073027993,375.2062542986622,125.80867201214294,104.72595165353744,0.8478844173175661,242.24699252223874
31.0111246085619,56.69755032691578,9.061178495064425,978.825829787172,315.25565456935226,390.157296976118,117.65776002469691,80.31179194529535,0.9745611837367615,429.7993249165265
26.030726447112976,62.80142371853327,1.9053012424714253,361.44479843625766,326.4400887604164,394.5554365768793,49.42901106948395,162.73651165739787,0.9571003208802421,485.84348705850294
24.016982392899376,30.477947896037755,8.446311709822458,814.3023077097658,342.0448015056466,345.18442107392434,12.003048571192856,70.89303108041884,0.8560893463902075,423.2654781588177
32.09216744977061,74.96180741875477,10.68970533969901,840.7445747246138,329.89683061271666,139.27314575258276,26.542769394752945,97.07044165539358,0.0109473738313689,288.8086534113454
13.00391484727529,72.98727413140709,11.994199383820895,1326.684707114979,109.72314623311313,225.9484476861605,132.82286664368806,147.0442542335869,0.8857272082369565,199.284147701073
10.132167379152373,32.4960570262124,9.622204890196867,747.4919836174134,188.22635875215911,397.01978740262336,127.11882494268204,92.33672931682148,0.0750623138276455,257.45298284611044
14.466774587557529,53.93625698068365,2.7135433858413642,491.2193911302519,77.90014016499053,478.5764123643741,51.329260122970744,160.71095184250592,0.8511939701767672,267.48114530313785
29.453613524905137,93.63706965145838,10.79751236555733,423.3528875024442,286.04918620690296,76.31560382484612,49.927359679818856,135.72002768496634,0.28017406861162364,270.66139750997013
8.93609720161505,57.347876566960096,10.321456768181987,1323.9526273580707,313.1824626975517,286.3468717867096,121.00109819434596,88.00053164987604,0.6100683385333676,339.369636570001
23.73578454725422,62.62645133356971,0.8541898026391817,339.41519618551973,300.9253169681799,183.76024480918096,141.2832457853591,105.75656588040891,0.03806823114987967,325.4300536768247
34.87681293716537,89.14546028038171,6.470341180058526,696.2159852364013,163.0110930699555,143.6811913857417,119.079215951664,193.76865661001676,0.7711816961182281,251.4380237032599
31.103794533613563,76.62202193127416,5.327778580954413,362.0423608977258,270.3623819466377,272.6729144190689,94.7810147843066,135.70618433659456,0.1117061222329715,331.9913369313558
22.079033604176914,67.83455852307453,10.20647493167783,1182.6256561601256,52.201125960168916,318.8010966560069,43.97398904645264,181.9490929347417,0.4106881716757719,134.67482349921045
9.718304550739344,81.85730428716971,3.63396927850835,764.1216959644665,33.28077430435273,44.495226452961376,83.60470797333649,43.96411565950223,0.8174460023253014,94.73597863822151
30.447084888414164,86.18380731963826,9.067642883126748,591.6011667795369,268.5680167218911,398.8950232125478,42.69166020305705,101.81486968657886,0.6953489965083351,368.21344986508234
24.172419720784685,59.69772466292235,13.7414864463055,605.5394968770536,160.36724052846563,417.1457803793459,123.1215988135483,182.6457172705596,0.006042696858066909,184.31394265994874
11.103190920608304,60.8820437205693,12.068134397024812,1293.0998894121713,348.5312573640578,484.1349793012492,64.17455113248322,71.29629167386935,0.40303233454254883,405.3409297862991
10.534146690230617,55.09331081736933,13.86113717513969,875.2835360122133,52.09389123232569,123.09611728335967,126.71761037916367,193.85619764781995,0.04192751696450803,25.319194948452683
32.559924124788,92.83589910119994,14.688336520524004,1105.0149915837692,302.35713490662715,313.4941786860361,63.425290517581544,28.444723189994914,0.6734998608184691,360.73291288780246
26.06840709932812,75.31580652887277,0.65471684158936,1355.8539227509584,178.39441162456728,236.24767179914147,125.38091672798478,181.507522352257,0.9689484917533214,329.7712586964644
30.3907435815524,35.4094993035247,9.529748507473425,1362.438346456899,292.95956451627944,194.0208117154613,56.66449412313387,94.59030319251315,0.6552612623007592,311.76777792738613
31.732430307621218,86.09237551534619,6.486171267504143,559.9126760730085,289.6520031161478,300.1913876612521,71.61857864647378,24.011391376820526,0.22437243111755578,323.0043926971963
23.4378535053047,61.23639615435742,12.967890109859265,1433.4317684049395,322.2773604494855,399.8962228828331,96.16837870797205,177.10910259135662,0.3552330320665401,340.6531891101956
21.971051497386114,34.469003917461684,4.151313179132409,134.8262348204476,118.29050372441392,50.60428038479665,19.840265964188614,57.86864035773156,0.9766505556584677,187.29282265725936
19.621540078666733,65.73162158561522,14.724927592168605,627.569785422632,333.43378664246103,485.9240517804459,142.74898865416503,14.227523844092788,0.22405241203235005,368.46158696433014
16.55755787036022,57.11567813342063,9.398765558384335,1354.1184005123782,70.0500969180147,412.545529424627,90.30481005733245,35.803350058146535,0.5615290730544427,147.201789084625
19.734090943185215,87.05371131607062,12.006292332318049,484.4916317437761,47.04969660585188,385.5307036769661,81.09480205671233,135.2318009609547,0.40045380868174474,130.67130252331424
28.894750704714223,43.25964923461018,1.7411935159301406,482.3140304498457,162.4331207328752,389.7781958030316,127.5151559567877,195.78418293625703,0.7683152979282216,351.5550102429657
24.25193263740855,83.72019961699189,3.160139329003543,523.6711991146442,293.34657965180804,218.96792642458018,131.20678218555585,31.17780652086819,0.8673892719798871,412.05136089776147
32.098128828780844,66.24976492705443,11.496853258995946,957.2387387856911,176.22897310903704,385.7454533886143,83.11645663406225,97.77012914370478,0.34083727435029676,228.95988193626036
19.97126038823807,33.549669708875484,0.8188045695701923,713.6658858600953,293.66460358506964,217.9142959573605,139.81672561110923,44.320944680031175,0.6603963636993826,414.001902905614
24.39141862540636,93.1699445861565,12.344730795459851,1117.4287708946795,260.79664591212077,453.40514160440483,19.06328725070729,151.5569414793025,0.5490476975177273,320.14094050679125
25.045303933483694,63.319990866708,0.702260771032716,1352.874899590532,89.11136742584807,121.52229632097604,25.851610915170454,32.43119095474469,0.27844449005543337,112.14799977548995
23.97582338227079,48.906995525052864,10.028223166388463,1043.8791249200049,333.13093621682305,174.47981513896968,93.55035220202161,55.56993221136902,0.2719408028130017,310.9222584009874
26.971111873308942,60.51144472930177,5.793861843361185,386.2534082766057,40.05778564770313,293.61526964157497,59.569220651101716,47.31713385332356,0.538631647532304,136.632773404448
14.410703646119769,85.76075592863678,9.366675364428387,1405.7546633047032,316.43230348945235,186.83707650814534,74.99152326648783,114.9787582697258,0.1540028735322998,285.0377496656978
21.833821993736347,49.81870308502913,10.592455401342148,470.2900226864699,120.46633816682342,235.14913283582575,55.931090505603315,175.90497748012012,0.8108098964824715,220.56426241168717
10.814069675825387,42.52396577163552,5.4658906782014105,309.85201345942136,185.04886744425175,266.51443712335356,66.66154360229099,107.10713821971953,0.06900483920040201,229.1759626550219
18.38180584640994,38.38963105050729,2.0654554976071156,225.95419040534526,159.37611799124238,433.92254045421396,125.17048860048193,21.066256026579538,0.09457448620831632,259.82797074123016
21.16701085277414,49.36086089536373,1.5098650823498518,888.7372369326318,76.70540378258234,280.6684366599987,93.08666797960265,117.04389681339794,0.3422263089272676,154.0017468717562
25.610055007727755,80.70312565760283,9.039572327156943,259.2674474729125,138.18846591255874,206.7315303626978,149.62823689968977,161.52898987042178,0.11809175819713336,161.91175642373372
33.664338419827494,60.65571373769201,8.049502629144618,294.28623775768307,83.66836397662243,153.95863545615327,120.16308769493482,35.109677487821315,0.4757000212554925,134.33845861548116
24.217578796805608,44.7863042400801,11.261914632256422,520.0426728336953,87.28253690197288,227.9909502444107,48.313275574255734,23.815130725472425,0.39967589044187035,112.69885770558281
28.077035736767115,40.802024974633696,7.891164895057089,494.3142135582494,81.7287558887055,277.2386080306102,47.008316481737474,45.68347773593812,0.721809795885717,175.47936516463338
21.669183606370474,51.62741597317464,6.6254639554477475,945.9353144649992,181.37573551437612,383.2128343134887,57.025757816380995,151.7564013361092,0.9530041552097204,327.417228260782
25.120808847160944,91.09508423757107,6.272264084425347,1243.4433912617542,283.3173512787341,95.68243703927578,128.05632729068398,122.41927971108029,0.753558584739126,322.5927139177368
9.915169835611882,52.296736318351584,0.8834800876661782,1165.8895186840493,207.76011114120953,141.9402265900094,13.820271091079183,112.71298425273228,0.17944866288060435,223.96731080129635
14.86857268272987,94.2280649370513,5.3655794246015285,467.47823660306744,314.75817422177784,214.64084729958967,42.22537904197608,57.401179980035984,0.935521285464403,403.8064529700465
17.770033516538746,61.539979624748156,14.652292284105167,443.43469718037187,230.05968123031897,205.78326635497672,136.68857884819738,73.1249530969033,0.3921334325530672,267.87615554591764
20.75732058517587,41.64565468885981,13.166555855292788,1452.1081421497547,247.48223815875946,220.2041202983974,99.58550105165527,193.51815245923504,0.4741893609269129,249.0449759243478
9.232516128564361,87.92410596657811,5.275981971996156,111.53073822874417,240.31038580991103,405.0197817345493,41.7585933701479,55.71879307858328,0.42157623737063554,350.12366794458654
11.780650633939578,59.92309925376375,9.023033373462397,1331.608746284302,168.3215337506346,189.11102536259963,40.68029555256125,181.3126304184668,0.28054702328771897,171.15496695853437
15.473986310365255,76.12863732779408,12.785802810264663,379.619926771367,247.48181132602733,270.87316298522575,130.76653424632028,120.30098584696995,0.8950442877974839,336.0711116627882
34.23138265432837,93.94125290859486,6.898477882875996,1426.198052325675,43.003556334757185,326.9972351146324,135.1260511587865,33.426328610537084,0.3322388658966161,109.38543092876861
16.94636919178237,33.26139777079831,0.7603890243771889,579.2301987585276,303.75098573216883,146.80213308445835,45.85835273469614,98.78935184946292,0.5785964696795464,369.61715088164306
21.01510856902623,36.28514638619186,1.5804016963702812,716.4924834505532,276.6780073364927,370.59987808786786,68.87145013071452,190.22425629856642,0.2400335843743302,370.2384011370325
13.29463824393661,76.82968819507914,7.900694459556246,1089.9688595221332,100.925886216454,291.67120707960925,126.8434034079644,89.52746364609814,0.7973753747701804,204.67187200194206
24.491061919045745,48.31862521420568,14.556870947300236,922.7366720625645,273.45070990384716,245.5193349944339,117.94104140538396,174.04344730997883,0.7741986595291865,318.7900954708785
15.578446818931306,41.97959080175644,10.551538362173583,545.1150615895519,24.172058462006103,412.5006522996244,123.94825491925182,58.721451983824466,0.29631213844704396,118.92595235251626
13.588799617837523,32.55852218828242,1.5282847758592581,875.363282214953,91.69136891869054,152.0078192251837,82.57574671031563,118.47520884207087,0.6815540731434536,216.51779726616314
21.947460968041433,31.42003627910312,3.2457326989820103,1122.9896381080407,41.495288761395656,446.2609464825887,137.61686676272424,170.33189105837502,0.7038735330949497,200.2818537956428
8.148656577331362,80.3415642027864,11.684185576644325,159.26892426348894,277.4748824839052,298.08241826868374,55.633216153620936,184.93080382224215,0.5625114161047662,368.56376997717143
8.206928881529084,38.73817277902075,12.700876519365549,115.67902735798576,269.43846988886776,320.2204445146428,31.934098808652525,102.30643975874713,0.6005983822716702,340.65915495508256
13.91485784575016,60.4018400381248,9.456571499734567,741.2937147020479,288.49988785460414,442.5271235177137,109.22252655908107,131.54073940763152,0.5744546382907958,407.9485607826778
8.99147678752217,69.38329298666639,9.844135959632341,284.5712649249199,21.478958797424514,416.08803641069454,85.5096182409655,10.56622484864288,0.08186440399484562,104.77697858076496
10.916695361528667,57.84286703697501,0.9108930305590773,1030.0820080506,185.40679980387463,316.71855165807415,129.64200763332735,58.112428427544025,0.670265344713785,311.05405235636135
17.149237532146294,31.76193240185515,12.513688763931873,399.67343871840785,252.59594518072106,386.4663437701601,21.362294877460094,62.95529971191969,0.46977500983869125,312.1182962709322
29.669813348654948,80.92759766821408,11.92999051847703,705.9915495139394,71.2823724838751,239.32696550713254,128.11693648132936,27.763672214341852,0.43845728054141353,109.6005367243984
23.44531337097112,30.683359595207477,4.256009589498534,376.73931162397656,234.43094007916613,291.7937666098833,51.06125144923511,63.14205253782556,0.8599992187818007,345.0595139739374
21.84202860082324,79.52284313453646,10.775812439499852,867.8770200487743,47.75633277219629,68.55226288591513,101.67979340354562,71.01318628104644,0.02322671346111771,13.821762602019954
15.924198226619284,88.06479209622798,3.6153917931624724,262.47484313839647,79.83753251442334,81.33464228002154,15.61803047095581,194.06554751795673,0.25131491795875516,115.98024888685572
33.157350424686044,58.1345948687162,1.0847873352469384,132.34959390247235,177.01294894821834,421.53568592571276,95.34138148250409,137.03445230655916,0.12140349984274634,297.3431563985701
18.719406113404176,64.81026075135688,3.4164798675604704,171.58429334937605,235.67650038476367,67.44896161394846,110.41803648622704,90.9409650891054,0.03534104460972576,261.28255896424395
10.35150470348583,61.003920520147496,3.090118712937343,1435.961818121434,68.13681189478571,117.92359779099935,61.62503003078684,197.73034753214677,0.27567699767594755,106.29260833944016
24.660795935180634,55.29856021052352,5.397345952655285,299.20070605531015,81.1236991742095,406.0830231172031,40.15749873669964,39.11414084457613,0.9884762727946776,268.98458268658953
11.073636623868238,87.68259479907341,6.567517709044142,1091.8695543915692,87.46730113166879,40.52713728899789,85.2682947244963,100.44972684679206,0.2702291732075738,109.0729335037468
17.321024855645685,88.10567819354938,7.873813926716765,195.09668591195674,98.7712655506629,169.90599126909757,126.64671262099051,132.94181933931938,0.6637058197957714,195.68560263481274
21.70012234538084,51.82806370169975,7.412931194870758,251.42449312925504,94.7627700136761,308.65778260024604,55.29663016153111,20.560320551974634,0.11829889004072147,149.1712450653196
31.604008166499746,69.97953401095538,4.424781786496696,812.4267519730686,150.39920580422012,313.90696847587645,45.34570165297914,146.22978303579256,0.60184763004723,259.96235816583345
21.325757669183204,90.24899153948117,0.9229746943240797,750.8193022160812,235.75058477611856,397.49033778555787,49.05094320927628,28.97479705517808,0.9844814831383133,393.4563827236171
26.960986682854934,92.53380243118785,9.273973522438686,1432.2124332158173,164.55048843437498,272.7260770663984,142.87850140833302,36.65363863393862,0.2918375234604653,175.4959130055319
34.8060546529749,63.08233762743309,6.238300032786638,1422.7696342290324,276.0713898874631,274.32485998424636,60.29876820703835,40.341007367795974,0.8480756163755828,362.16907250046813
11.550206237245504,59.433612343481244,4.83074628211947,1191.4520995594512,257.3586069630429,373.6428647487222,10.504593584360205,186.48906706454838,0.9975713803665355,405.96157657011696
15.417751189027026,48.115130535354176,13.070645121042428,942.9425621782897,61.753881636194976,269.3672531024904,119.43536911434676,139.81475357625186,0.588554088720744,155.96627875910303
18.653554041136452,92.32667175737666,11.327777963073316,736.9444443502155,36.1177356958455,319.90589981926377,107.89847134695462,134.53122520958976,0.30940110042803537,124.07463585160615
19.389360820548447,39.282929790736375,12.937600451400412,598.6499480597895,309.72071611987,452.9760713973235,27.999557044415646,115.5437643283485,0.6735312598991562,391.75405262759256
19.097569032169737,67.68892244310211,7.6772505233306845,1425.9225657657776,46.34425196574823,224.6674635016911,147.88659487888773,65.63313975206954,0.8448482062686188,148.58968520239742
32.50549706902699,48.365767388711525,2.3985031558382737,944.0723359945598,68.95192963750532,217.1575326228422,95.12871994271556,127.96904387387677,0.17135024296197832,124.55341886376097
27.278881400605123,48.13553887260678,10.59521082375845,910.7015387603923,27.30398093417896,41.632536257794804,80.10912873168421,87.92844677884156,0.4525157638414533,46.60959936557178
24.413440780449,56.32295817945225,3.488069809089041,424.6615704764808,227.35100054855576,322.1760802997667,63.51069746720475,37.62906851759683,0.31918771012384095,300.0473610139188
16.35306338229512,94.92154082801754,6.897830201829893,165.3769450391583,212.18228584225503,53.69507740728071,135.8141857789093,141.02348516226928,0.28335899696237987,226.46005001855735
30.242340373974958,33.572809944588435,1.4425114397588832,1423.2640116633622,345.67820992363437,271.9083052750255,44.15488739859886,34.62061190668531,0.8608212607401726,417.9672896369791
33.7866338100947,67.60521818322954,12.466971835133245,539.2293623825155,312.68769078466676,409.94754295482426,50.00764603078626,46.22703039402291,0.4216540068218385,358.46509643339107
30.172353628856115,35.367190272293016,2.3261392951887583,719.6246326542422,155.5782485687002,292.963692439045,27.137512936119364,165.3628692510451,0.3390763418039128,234.16902929924436
8.042257840169768,40.04385394938373,13.59491385221499,260.49592101998957,142.62332750113654,164.03263599967096,116.27667338179641,135.42224826377927,0.6035105414260137,183.28921953794486
25.18283699495199,58.57159121523841,13.031343732792578,1271.6940618730089,117.96117131239508,401.63747386671076,93.37689925681946,129.88831930059206,0.21940157963738127,175.66409464935336
9.38065529893672,63.179908537518685,7.236450084369068,138.68456599830287,70.29428361250085,164.06982187796785,95.26926369562976,89.45852902511757,0.22989349056807895,146.29222750370735
14.95539494901049,46.821506543694056,11.293338962407864,1267.587066938735,65.567606678663,377.1946192351134,40.58586034272491,85.29329846548052,0.5202887308715046,114.76703113887024
9.607166909389836,50.56971350683705,9.481953570363222,296.3990179031535,63.653623643169794,320.71888938750635,101.16357447779174,141.14989574522622,0.40927272864618414,179.920512579523
24.302477229633467,35.65285631663565,12.1445968138973,1341.189757683613,57.65786987163692,118.19829650408056,117.16418261456096,150.6010523357187,0.29498238392232445,42.47016742242374
26.537927664300383,49.70928594987629,6.761173961395725,1121.6816922706203,99.36897399382718,456.36158242832545,60.1043943015965,106.94050844921901,0.0539511322741022,176.18741141189628
11.09116622777944,92.82629855973536,11.894223021543075,330.53836751022715,121.20064800332842,132.29609416031002,122.18860015463972,194.16115642621997,0.5207742386385216,155.29955227866088
18.363649842214446,91.40597980871131,7.205623847444645,892.1451900032554,337.3210604428422,495.2100541047081,58.830682394482935,191.58291619458566,0.8166092056010751,502.4518414476373
20.318385741799634,51.767088858904025,14.144003923720511,537.7188400973073,210.8961728306223,43.36282478127276,116.13938461130027,88.36160310242414,0.8513772052860579,201.48695375305056
17.96443158754475,67.1055058581195,7.55239546196464,349.52633847621684,345.9066055893827,161.2023534857354,14.722215044080658,165.91822831379918,0.23543997972608022,368.0475716252249
11.267675013100213,89.12370042221139,7.207979443039078,1302.8550791755517,142.91409278247215,131.93573674613145,87.16304420631137,113.22088990369892,0.5996412039474883,189.37202217000242
19.311590335061837,30.401948471658283,11.883541992670935,664.9318731101212,171.01678875451555,46.43696867841281,145.73371848958413,107.23361863586315,0.8558813094629404,209.83063826782154
28.281807290827288,82.69443207194348,12.41287653053215,657.9612001115355,127.11095752454213,376.8892340677652,147.3742440955347,20.44317166194385,0.40872592827626475,186.87595717079148
9.917206942397897,91.64402093127973,8.540092157656977,337.84134472926803,80.35292479586238,358.9758689658143,49.44536096784368,119.05519498897893,0.9321368173075285,247.23189875958744
10.164860380211394,35.93617273168121,3.107068295678593,636.2919465200902,67.24435356660112,404.481443603268,71.79587275124976,181.10980680700126,0.9029785291295529,262.91673899689573
17.578824879571574,40.49409959213987,7.282494348884903,1320.2635848603902,331.87613527658453,158.0813313737,18.816907118128626,158.2254313470675,0.2081338974188094,311.5421936420729
33.42659421371098,92.4485096801381,14.537051292190336,608.3801946854903,345.6475249935894,244.39417685816616,132.26778306464396,159.4002574928598,0.2589648329002038,368.22298568731804
26.05146146151868,64.94010933662251,11.418299799068185,1432.2449874997033,34.82013384788141,343.19221994591186,89.60010143962998,40.38651732950446,0.18044199864596888,58.446468639235555
26.32408883015925,30.92278124066204,12.261857756247418,1424.8324588917424,69.61413866148295,242.29351178854606,63.91409505167238,78.1053949553771,0.1960543514547023,69.45456865815659
17.771839752622355,46.746079919629395,0.9759697328789818,302.85812303028445,159.76295045933747,360.76985434624123,25.78787818848143,54.3089341635448,0.907862087173498,326.64858538242333
24.028841362630537,59.246338827475874,7.283962208195319,348.2357549317028,81.49004719365442,331.6277678826034,142.5474199695645,70.02390366657083,0.931137909192623,239.39069991298103
8.273541968749072,75.0390792166099,9.876006438034553,1307.7436984646447,140.0805298968715,92.73798939020118,84.23066669493912,120.11247526380782,0.05189724118513095,112.15099918682115
25.17459325305764,77.65542457889197,12.535473912607083,649.8652864946068,62.60179545367901,399.2798356954053,49.60991007160654,79.3089245403471,0.5936033556722048,155.8855370122853
32.65874758455839,94.70239834015464,1.2144679769501863,106.12357519621307,170.64887971819078,371.5111251825584,59.03011821841133,116.53258531821055,0.5642315628575716,312.7095927639141
24.539483645310117,48.688227959944335,12.86036384180716,483.4205475875194,109.65922333585556,341.6838183040064,47.89760532910067,93.31523717216963,0.39054764672445985,174.5960500000057
31.589862023591316,64.98430662145088,8.451813582757719,936.6805904737839,136.12866840035807,111.34305888466108,94.2533732399773,64.45695610544826,0.631697592823107,189.8442373480227
27.547272497584533,64.66603061087432,3.361052573352869,1218.9723523439552,51.1231749827067,163.27836644586728,140.1949006092714,28.12665249898014,0.9473678255108501,160.61845533167187
11.255077242899636,56.36694186407044,5.10020063852065,286.74406393056336,161.28225673434676,220.8614345302962,129.937132465719,179.4493068955087,0.17025488272214617,236.42983813613498
32.36623929671772,40.995523099757314,4.5879785003976306,254.7579101834295,344.47501161731805,168.76762596196397,74.45332255963685,12.160939540883247,0.12041090971645563,348.464038164842
9.793983797605922,93.53467660694977,8.1974559971829,1390.9297150012642,128.5149054707928,144.79273371102047,125.7099107221411,10.313972746974521,0.033390570828975674,111.72055226531455
22.41712175878962,85.4656171333281,1.2494423587114114,1151.6077149516157,309.2216606980036,410.4645282744168,69.23476737868617,167.09157055507373,0.36383330784014345,418.52153788777605
11.837702342423357,62.39164683912542,2.7987742982488912,925.6914410893098,298.2557167358161,333.5868333256931,45.32299970620932,199.3940786619001,0.33762847707786603,380.8167634563925
8.31607848973441,69.21095247446195,12.284049128948844,1176.8615059942993,334.1792780380795,300.11718051311516,147.6781161372999,148.1495372655947,0.4308196881586439,386.09788222170295
19.394925023446255,44.77196848137805,2.4227578658287605,700.3961058292938,280.7361390481412,143.93824699249677,52.54425951591506,12.9020292319481,0.5033100308809489,311.79986830972376
15.966099106662218,65.34615957546355,3.8842459071428412,1161.8380462327773,237.66695292940892,462.315218643575,55.32139233816717,53.07114306701754,0.7578239940304546,387.6218896046749
21.122013332535282,75.17305865289592,7.073873781260281,620.52418778435,302.672866595061,127.94419798476548,148.55700149011312,194.64631304977263,0.39211339045751836,361.53551177144345
23.58439694183287,63.48585684512827,7.998252877643291,441.7324014896433,44.96274461692538,405.67742909935146,28.749849043191684,163.63480791302862,0.33061310936123356,167.14924053226193
9.18095495234158,94.36853608802119,11.5723519544053,1120.6187898101562,172.73411687560656,484.6694266844348,116.47475832135731,117.6919703228951,0.8268788202596269,292.55363941896985
11.321088968341133,69.7372076561022,6.986320186659722,687.5412090201756,346.4545587429694,374.4626554431486,141.0137861875817,55.00353479366821,0.8497966706536564,468.06641021548256
23.083344704161483,54.11329131849099,11.953037005015313,1473.9279460566727,273.96804992726163,496.7150365849297,81.6512991985586,12.730339126082306,0.23276596429335317,305.20525163398906
17.265518535661773,80.18988179502948,9.466021452159133,589.2792552313414,337.48487475228364,339.4835138098555,10.353046638394805,13.96367980110771,0.31467182271130834,362.7843131561445
27.687684163835097,41.08006325280673,2.1399462216454257,1390.4183887434924,277.2793375240481,140.0317580577917,62.508252175834876,126.27636407074306,0.8251163709100883,348.1542607328806
25.61187451198237,54.99352789090732,2.7668058566961595,1406.1475679939113,308.7110492559076,133.75696710959522,25.619658933875794,14.148056506960392,0.07940824429776483,287.67285297972495
30.831317800727483,52.55233177454308,6.836989019021677,438.5941258906446,253.15477866005304,189.29957075751912,68.2662725307174,198.78972696582082,0.3258467803907379,298.0557488128319
26.69730632006908,58.06746118200552,6.254896199791074,1217.5096542232186,270.9656614576891,43.27980930166279,120.60374662991985,44.84292836381024,0.4483501070408612,256.65048069652937
19.608139089534,80.8156886853672,11.28139190974077,706.3043072023912,192.64874324703524,353.5812962381039,71.41961684373206,145.0343987551627,0.18707161520057103,240.29385653011212
26.170098804649676,61.47124709062149,8.920688527061602,1384.5346181224872,324.99844126866384,163.5871809288007,70.46951698842915,39.46134706835855,0.17991419661069818,304.89223736193946
15.4352917048963,81.61093926728758,6.127929674532615,730.1739816893344,292.26284050570933,414.98428685466627,87.95052676863853,112.61775000856576,0.4248620580135287,390.7968129478978
16.27046446701174,67.47177870409129,2.9760241100305915,1142.0252042723125,298.4820386696586,205.2194192572781,91.43668186467522,25.31614480858134,0.7545217247348557,350.7957572591178
29.30259931786142,52.234513252741095,3.7891379837196797,753.754372829317,242.09300331780727,260.7799869931239,129.88148323185598,155.6879006613162,0.8402329795476274,346.1186644110288
20.053326942842716,82.64861833942571,8.844764767801355,418.9210579979987,120.51138253879218,484.21690161776985,53.169761492053205,121.13500799771764,0.9792350925361734,311.9719869622924
29.55626919399552,45.488828585950955,6.63986267104699,379.0901805225608,31.75783247874598,151.39917660174746,125.03397701152224,26.371671746268856,0.07398405009171904,41.13047627226504
30.20540408904352,44.5848936869867,7.966448878479745,695.6036719588838,328.7661927051497,371.7768848176802,89.23072481688662,171.23137594800104,0.21668220114599268,401.12804070851286
31.15418311685466,62.79269006356432,2.974822811882388,1157.6925198199008,213.419715105814,387.3541830804919,52.07413696040057,113.93353680757338,0.7566298423841977,326.7224318488701
32.7491513677126,46.955200987535775,10.112140658996204,947.1000792530735,118.38718047888628,141.65915246087218,51.3176461608508,185.10253890253043,0.5405987060556618,148.90615857964457
19.636600953859,30.590657271829063,12.861811742411522,1064.0810058607606,69.21458558968747,270.45854484161,60.55925239480143,184.1584409988414,0.3276797739624182,84.7540089867611
16.60940409467075,72.1393392744221,4.240122848410058,495.25689102471944,293.74264461524905,201.09288564396545,97.17705396679656,184.89648000245066,0.20558966124724354,353.9344857380924
23.719366158041076,63.22109839570587,7.626956274561485,774.0094843406478,296.051664167701,395.076871964041,42.31364239039288,24.779188038088915,0.28047755164244803,359.0725253166373
18.021655432815944,58.95865794205548,14.645146270803076,162.1533709570578,288.7876294830754,326.3423267533572,138.84669863411744,32.98197473335945,0.42928895030095193,339.08815289974814
24.22900250360629,92.8529534501905,5.332005237985551,1244.5453823413688,232.87728834903947,258.95220523585164,90.48776178490606,197.6641038460776,0.17715121950603274,264.38363508040607
27.050818291383266,67.12794695758939,9.128172001394537,1485.8490271358246,140.78507790531904,398.5071019219504,138.80220877944095,102.64415606575413,0.9642259558767506,260.69919053168803
26.586935499287694,86.12305255631,1.8078376529035434,669.6306876745392,120.3431939774848,148.17156220387182,16.49661020108166,55.260670037538056,0.10758844459987438,153.35442993429652
18.112927949543277,39.064265353335415,9.287217535951926,115.34911438416069,22.823074138996162,386.66606506880515,57.965591864606274,156.23625281474503,0.9855774344892191,175.64398111974253
12.505225445866326,66.9984201034128,1.7996607129169597,337.70969537132635,295.09049436711933,438.0721835626992,13.19307249626723,60.21419203037158,0.8418932860006726,456.94339989930074
19.624292138479603,86.41867573750869,14.40891381219542,1013.5376288505864,48.85279017290201,444.16593453148334,48.11525411371577,148.17098072354204,0.4231516175137391,157.62701279392928
11.850041890211536,67.90187422319337,10.877108455048516,956.9110454854028,228.1491493534533,400.48985278901773,130.68090611760235,169.08429779145462,0.7398163343882102,342.26214059063057
32.03261994996282,76.6709215782551,11.928316927967742,1203.0106074197615,186.34473245722916,227.68651681920363,15.125360217908119,159.0100416861033,0.671515243696386,210.58802084947956
17.33869143992215,54.18283190779348,10.709513231188735,455.43761534549543,193.8074884456959,491.6316904502004,71.06059398820429,62.069083557607726,0.21328691794893095,266.88536739574954
12.170413175029742,36.00921860740933,9.051071023108754,1169.0846817659876,325.8152389515652,214.61307615832234,26.45938986625189,86.30752907505504,0.3390700861189464,311.9991633931918
8.687089517455274,59.763519183259646,7.023735325739827,1063.1776301331377,30.432953719509896,333.7676835871158,68.35769229645149,88.5176906143225,0.5131225628054579,156.31241238902123
25.437204429735075,55.641160404525735,12.946414006535406,551.9402967993806,275.2194341274949,114.09412191195558,127.43922179701283,103.34185443984964,0.6378441798877269,320.29172085891446
25.19636257127807,86.35891185463157,14.374117179374414,863.6834072797468,37.177291461211354,491.00649337274064,97.22994467635267,41.800841792625846,0.5428949813566215,152.6305847049206
17.196312497694876,45.8596946529107,7.736024507109179,306.1833318976574,32.590689958674474,363.8335240577451,113.14588834639925,95.96930957872506,0.4729874610064738,147.16592609367933
9.936220998886578,92.83772478978202,14.0072582127513,733.5903048098157,161.83984038665605,386.55367081332946,58.87457616294134,107.04876819794114,0.44315227345490016,248.44537766791026
19.059980162171264,92.27897778729225,8.958327194833505,1333.6762753778974,40.81480753317902,70.25728356912651,142.21567730141982,111.02470935039996,0.4982644992950179,47.03739958117904
16.402872366711627,46.09605679964352,8.306570709998281,689.6679317555471,280.41750392666097,391.17219454150904,109.29669312913002,165.78108169704706,0.4343515198459703,390.2409324673919
26.282257272845253,52.62337710602583,7.089999627852672,1275.3933890655908,194.75582090395127,396.3727774414766,69.05183469983433,108.2935547111041,0.5413300775457159,299.75696742111944
24.35603973522264,88.21112315680253,3.5346725421867378,926.3547113635722,29.582798277725566,349.01545412662574,69.7050720317877,53.84894527759828,0.8879852990466668,183.22223928303492
17.84403066133358,92.83044435824698,0.5539350818618582,368.6273983432995,33.36522653903344,174.27842234355808,138.61578491206166,135.99446026639555,0.6328293130546117,188.32585230203665
13.883098964884732,58.823541684342864,4.001840289412888,913.548742577055,222.1806148140282,265.2574193940055,90.69665708095485,161.4896873764588,0.7226208749885401,326.5316650808625
34.67697108620098,50.86480796665836,7.890985988251695,808.3766608198888,286.0168998272736,90.79981080200957,108.89308938642584,70.68061662326974,0.5974831337307765,286.30208480792953
20.258043772295103,64.19611086135023,6.009419307766412,658.0978692749376,164.47384532067528,256.9300505712102,68.38493143184391,132.60812651334498,0.6430176824140023,277.7993130001178
26.5834043660664,74.70499841377276,7.00303580603819,267.4826153224985,203.01162160675605,152.15897219618623,41.316987067059976,37.918219229742405,0.5783498284481802,255.2920652662205
11.79493012461574,47.775843499373686,14.71939918367872,683.3921293861217,283.9437198364675,200.58461378727773,111.2983008792186,74.96599786983217,0.026866522195823195,252.85120906202798
21.11092189080374,77.87075635023973,5.57894937470525,201.86732673547795,221.46703743380033,114.79618786570136,95.0953280997943,182.75254661443049,0.9995983822000198,369.9447793293281
8.743491436475567,33.35772821245167,7.0566526207215645,238.27667195825174,94.17087842741043,145.82500916357264,80.18800325946911,183.14855100088846,0.033609240212896685,111.80033475650032
21.64728818358215,33.20414202968707,2.4359754946158834,682.2831461058024,222.30716853692795,75.22157523725348,97.36293159922494,119.31166996118209,0.3951480082336537,256.21124684561363
34.02846999217796,55.108700834460436,1.1953871203363209,527.5340747558491,227.33222149152047,463.15462856098384,39.15998204899271,143.44677756437028,0.10511567829893342,366.3401040015402
18.373581250616606,52.975757483946836,11.743437961591173,1395.762056207113,262.2553036907718,283.98891646868555,121.15141891447388,172.26292888912886,0.09692845044093246,272.06171679902803
9.052892339522613,50.516158998864896,8.77490603854369,625.9881275323787,224.8884818937444,222.50130678086026,142.74279270284282,192.12510520939907,0.7935269516744836,314.8972092867986
8.835806354822274,61.916284573479146,11.530219687636478,1161.0013709009402,339.8499030511525,286.1134378736406,134.75444018347838,103.0784236550562,0.42592577935807696,351.40409528458054
18.475642518565476,50.84768285025213,2.6730105838549987,842.3465369127398,85.1051418766326,329.0148851015142,55.0010043429824,116.69938995894653,0.8011387082987649,223.0377225216951
12.320673284506238,42.49676470042598,8.791517182149018,1085.7199360992695,333.85992425713516,464.06424494990057,66.84080825949061,88.97189766308774,0.2727864706808315,382.5676157516898
8.63050660086102,50.115520690759055,4.1778158779499455,464.1623762215589,197.65203181550538,122.19875805170413,123.17632197165857,23.676568040721463,0.25646279180623477,226.21551395033873
28.417767576654775,93.36877773266528,3.806896345050289,1418.6669619736608,241.74552636332098,175.9541493722001,93.31639831544453,90.33265976527551,0.25123138181446214,263.1515317312235
20.380121239811047,56.722372104665155,0.6671272037682863,842.1238956801935,52.82232715922265,488.86309471829276,86.7080221147309,160.21919448278467,0.6161456264079193,248.1716813881391
15.809608843261671,58.90633049579182,2.3899404917515423,1263.8536997993494,145.5900606547753,210.74877385832121,139.72987545468231,162.92824461839044,0.8149993898456,249.98885537489872
32.30224594144498,67.4754243468241,4.9843876167455825,611.0639708665589,273.895118332847,50.37835934837071,85.04349453678711,179.55165177272696,0.45226101007524055,305.5683423931868
11.13575192541419,93.91714994692472,2.194742028568616,240.29588867073434,253.2806349826668,107.91600661309306,82.09141514222338,19.778673983434125,0.37924889064108236,269.10189389324944
33.809808381793616,45.7040829683246,14.794947385958594,1043.1963068091882,33.24599809458536,52.115802804333924,15.882602777290352,110.15937202032043,0.9735795542016493,62.18055155875293
16.477101369188524,74.2833371846082,4.975173403597284,110.86350767239428,200.37610695409072,495.3646455135351,19.71837420261927,30.41065270804449,0.1167540360116388,322.9608345685689
31.98689915233439,76.53900508021206,2.3896972271837584,765.4101671917116,49.131803679575114,168.2805905359626,11.038843103291025,48.14101480149123,0.4866326820448925,98.47594665081925
24.27945766494546,69.47608709154929,3.3866935360053874,369.92266373304295,348.6326216287936,464.82966819066394,137.85419160970872,181.04113545231522,0.4084877531814344,501.408830241968
30.321098713020163,35.75759207638187,9.02169681095141,978.3257062095071,316.10787421598724,498.10768684946925,67.17413240247808,104.39033910164221,0.09812659658689038,362.95280056494556
34.568355406682535,73.99669792879247,1.4286310960394335,1471.187822392993,26.956617941417196,315.92696172583254,75.59859265867776,154.1235349703566,0.2682003620882192,132.59935414170928
15.786946821106135,34.16615621735141,13.005294887046775,750.1640688489043,303.35436103786816,55.2703049301584,128.35417266294468,22.232980126449355,0.02844121257911203,225.8242254098799
33.95065810600501,68.74927222074331,14.441745348938635,1244.4975591359332,323.41176818427454,77.53214997798639,95.29448345260892,89.19703574572188,0.876954288982957,327.89736047000554
18.516011162365352,78.07277651941328,4.077837599677022,810.8978617315695,136.6709134459402,261.5309653496238,95.33022349468135,138.10565332622417,0.6078495289904011,247.38753779510537
18.408821427896903,43.71304289029678,7.02638139456746,794.1760435456337,257.43554616576273,226.83912593928355,51.51482010967374,35.34723144286053,0.8150184978702507,347.8819347985324
17.190451814871654,84.70543049028032,0.8209495399277076,1402.592890450289,165.89423624856704,318.8415606596131,126.74717234943269,71.9053970300798,0.5215544524029898,276.36561214418924
22.618005398384803,31.972997359645277,9.790298258544711,1345.952216245354,236.22671991019354,241.8699924672274,33.21619664552913,22.264082954537816,0.5995098294218943,244.56829719972993
12.161916165819152,84.8478361377899,6.501927841762538,1200.1206512631643,132.30474341840318,469.6753506648828,17.440942904212704,133.75458876520696,0.7008544778091649,274.0804795876782
22.950210104666304,59.921388291779735,4.415847758472558,514.7580546434978,126.44454808897855,285.9802690902151,36.82447005259452,194.46933922104253,0.9080116274642149,274.8821833550803
22.626029935070108,44.143216095556895,3.499138103940823,863.0117820135167,160.06318332300108,359.1139882727234,47.48321062843905,167.13864331713762,0.09175188782584576,238.5011054338987
28.57134894033149,38.69557942460792,9.983334626052027,413.456126627959,68.03736035532538,452.3832254155484,49.52354809958894,195.17839219343747,0.3309483947357269,178.84081808531724
30.50854897231481,91.96496589285422,6.535146949968559,721.4833772651557,294.27585826367624,107.5610628832754,103.87190380662746,170.66491106869532,0.7090261907000005,347.9504320520306
19.89191645843545,34.723263192775185,3.1050596909337242,777.8982920637069,135.0703054693401,145.67794089452315,40.49544222601009,172.48720317742595,0.9583505630013928,253.07576659895415
16.162997732490332,42.94107229583517,10.492081681558949,1264.2960562370633,152.0493527889289,89.36658381804693,104.73216262929783,119.66366712055509,0.9808074284900055,202.57828782327826
15.00204222756155,52.60845258314799,8.693548104032057,1354.4397114549904,315.03802219170774,104.23366364575965,22.758504252731964,108.46793916850989,0.6381030091372624,331.6986517976027
13.254843591031541,70.31526518247283,12.950744796477695,680.468087355069,183.88585864084655,275.78862478974725,30.608344553707262,87.18831062128724,0.19359847775486727,189.09854278558745
9.556484719373671,65.4120705429464,2.2034005337091473,124.78622310253209,199.60379008578477,187.74245912503346,81.2350027887393,165.4380300587172,0.11920891141395673,236.77753529493248
17.24609542853726,38.16682700680041,11.892165728194614,1306.4833757050965,335.6443811764425,234.65950618230724,139.06541236072997,44.59284633282467,0.9460436442804254,377.5562843803587
15.296687687531147,48.832318942983946,10.265993408850255,343.99014990190494,312.61970643784645,491.94532262526843,130.33946243355595,20.682734006596707,0.4339276894625075,385.15190665736526
34.093269418393,45.51886512059156,2.1676585840074183,970.6347494465509,75.92401393318504,112.08399998613613,145.62548194199243,190.09982631008825,0.19481603326268482,132.0173119794853
23.058138308751186,43.88028554187219,10.57490058313995,134.95926060778368,176.16095987297467,288.77355256711473,101.06706913894392,10.717855188660641,0.9338925157776011,260.3921819695252
17.376480053823705,56.72438187119916,6.902435688757541,659.30906536479,340.52775505142,85.48073132467944,104.61408129825288,195.59757115641185,0.10452427156431188,317.4902742769031
23.672625226829794,75.76204441845769,14.202279390559724,1480.3444229614897,142.88087841543887,186.50830410138417,97.50321985040888,148.4821402760155,0.7295710968570751,170.7071794583942
11.758310936333778,44.134440594120335,2.55336458395954,240.97104154532434,142.61912581034602,282.6619248903154,97.19464920014762,72.41479474258725,0.6252630275433342,291.9141523320044
19.98918122845948,53.83412718069379,9.8210841668282,693.1704127994992,84.35997649042093,475.4506031440554,30.59684830946185,142.58577018639895,0.08773466438089184,150.08888054764222
24.908326678368724,55.40963274467555,6.038710659212716,530.009930265933,57.72662765931132,219.9649817904022,86.12345386295002,165.3962798651742,0.33874879563944216,136.64554572585462
21.200241458396185,93.46967441330166,14.373812723567728,1367.12337274357,264.300580949474,69.85708025874811,64.0495106832416,56.61879063742282,0.14993068954001065,195.06296655336072
18.848027617666755,92.05331319713947,5.284635981709009,1317.0761510702973,274.11005467150045,218.55426606174578,71.95521020882109,156.47017982312056,0.6044985925331613,362.5869638046806
34.833906500291846,82.00894287888494,14.451695687631103,432.7782644287204,339.77427795599,107.04094090202975,83.30408022829323,162.83022875156564,0.4771130316774288,351.7497672258422
31.768498578021028,45.707829853247034,13.571544840960861,213.66290187060363,275.2280095987698,145.79522211406484,27.975464052315225,57.37737972381563,0.004275124660490959,244.98284748881363
24.831960870304883,34.42242541595853,4.420556912004517,977.9937516855645,100.30632303108757,324.3216866558956,60.32828273929678,17.966007331816872,0.9757105662839081,244.3402709786231
23.373188751921635,50.59876895184061,12.1513557639832,570.9161966371937,33.238470835210094,71.01497845369357,18.8829385227245,48.78323406603856,0.3495846498895404,3.401318369046919
24.75783295526377,47.34164571319901,14.936260926150837,1040.9181468484883,345.1943368419879,253.7729278750172,147.15353825913587,48.122817688984945,0.25820439283705,328.4601302750365
13.435426911205699,62.8851770095156,4.163613531483594,144.96765849494028,132.3487295293899,320.3523295649516,26.59392403481766,22.395686293341804,0.22244295579410267,224.46057331632664
18.668719068136603,80.55231415440656,6.833268955188135,286.7589292484852,122.95060900269885,234.05486048904856,46.19346339629363,147.9414030844872,0.15881589617356784,166.82763976900577
9.065407388054282,85.79099102712577,8.042620680218015,1060.9211258817008,318.96521921729624,48.798121286915965,134.7810097384756,82.19523564709756,0.9991370762165098,357.1208348855263
20.839743012144318,84.91616555168305,4.776501469156033,397.3189174234969,213.08296651984543,493.3389041753181,77.57940647347985,178.03337181623309,0.29510946788160486,343.97075465699544
22.661663766856904,53.37891147949941,0.7213401748674315,1300.6227460673622,90.90748737021441,208.87325297664623,28.989208212888244,57.91251007638533,0.40551349722428165,163.14299718761671
14.149242874786658,74.67023232494438,3.6918740408641364,182.0272427941896,313.40176009635906,398.1455059893028,63.79227532550885,96.1141113689862,0.8713559161780889,475.7710269954149
34.028778873468866,50.3342228390743,4.588084822955498,401.67477589980444,347.8090821680653,189.7973864062285,26.221519186794016,131.41331149608493,0.6418875035428782,414.7471971692589
32.55527449530553,33.95886031028687,6.932195669113714,1497.984347879096,48.60392517977414,258.5077082169727,38.03023959183025,176.71834043763783,0.3686944117452725,81.81894743020263
27.49786735730946,75.60174226419124,2.980985936994327,706.3065436215097,304.5430373398208,218.69327560105842,17.284178572978306,109.67800930768121,0.898328435923853,411.01023690004354
22.40143897666479,30.63879091703621,13.162188172029254,1084.151928962501,148.87018023585,197.56804557441953,71.35184923687399,80.96967928435274,0.7497242022136001,175.3747252273331
31.489167310487495,56.59686818480176,10.721211424604373,355.72826839981917,192.94390734721244,50.051633515578224,122.92905704153637,174.7328649096817,0.22790050754169966,195.31702971782784
11.5276132832335,51.40965250463492,1.7354069246150987,953.8162289797529,321.88927200244365,205.6096314130716,92.03568501798537,68.946820690646,0.6437389945999205,378.2976621244001
29.343764445421893,75.06954000372541,9.926340541529006,1116.548495717186,341.2151346057887,449.16539558378383,94.88834276784564,25.090502930189526,0.9223984982924015,455.67809690070027
11.370161977104903,79.80595572942462,9.978018907881497,540.2672902131147,106.51409043490379,357.5809357530945,38.08176421165365,94.5580004269456,0.49646087845041253,192.18439821606592
29.443687888833946,49.766151338133454,14.365207017832601,1260.4559567662288,90.24075441677155,106.89451518390233,58.14513805533131,159.16772823461847,0.7336124028316672,90.07697611750552
15.445724342786637,82.75575593891548,0.5438026346643381,944.7846098611966,46.57046433519891,311.93130212646,128.33389453771647,15.848358033169387,0.9711037439891592,193.65881234446454
31.681445687491102,49.104589432820696,4.095020522184204,644.7722134610423,205.39329137850555,450.4261955764809,22.299865805712038,121.31762654802249,0.6904141408952129,336.8216693669016
33.489136533285745,59.011213399126476,13.952976450942074,880.699350680422,24.48945049872053,362.0156588438335,130.11029151359472,122.94816922017486,0.10243868976608062,63.81137704393844
12.017491173938122,77.2562042559187,14.015941773275104,907.465186410294,155.92643821127908,108.3948204840805,77.71660367706998,186.4229350512025,0.24455955093128934,143.7232529248436
20.492241336765623,75.03981489961126,10.948503080874243,331.7494097714124,44.21672549516282,439.2029484978685,127.20064038551642,64.42831525755415,0.5950964373426489,182.09807415464914
34.4866592103925,94.178950700293,11.603568155189329,663.8253178137526,153.72450836668023,178.71024611287808,54.52089871521605,62.978956510032276,0.2755558153719061,166.29167000406025
21.052000771274958,44.635466574035576,1.8265028899798832,580.8028232272903,33.177622457651054,248.8750263836772,57.43801322162291,93.69189375453885,0.9575417053891399,176.39124465676156
31.31578310789272,73.05066438007285,7.951199604284388,661.2638116107765,295.62169600089373,282.0256694570073,115.22468156523999,77.81383127958789,0.4053520340221738,367.53542092442905
23.895751097545634,69.62932403792553,3.857953373690491,1165.554823879361,89.21386799972674,431.2330380139698,119.89946427491083,149.90571391097208,0.45723040573236506,217.8541889213532
18.13390751382925,89.48139954185194,3.12766163239745,775.5537704533417,128.34187441811093,468.53944776792406,42.15025491862055,131.9328946549944,0.7016020934701173,308.07725301199
15.716155999198495,40.16353920691688,12.249397837288322,1416.44261453497,307.1158388801093,467.6403237836558,146.20198547506678,154.1949972021906,0.5242497313418741,383.3106889561746
13.487023459324355,78.86688063315064,2.4580529818679375,511.14697870181067,266.2678002396277,43.65892338812869,21.828614594276054,165.80794032775094,0.38214596688876834,305.66407656028844
28.568551167197825,66.93746005746993,7.295448736447586,681.9850095989005,92.2826593418793,464.0687033693103,19.590414834298322,185.36641521948806,0.07663787515457876,186.3882645780717
18.436593684221755,47.853281536213856,14.10938447399748,1201.739534670658,43.726808156973696,65.01800436072327,93.37059014005439,91.87797903908306,0.5964455895078639,44.855350221054856
21.80443747942028,60.838269419566316,3.1945648056974667,864.4344306490503,256.17234636226203,162.25588213602026,111.183707488027,197.0925039995944,0.8675800307940347,365.66838210495746
21.292787960031912,51.69547880953685,14.680904644204402,865.8394049942268,148.9318417270761,276.89441317480316,144.52405809149633,50.97555454669402,0.6857624417600562,214.5194690255707
23.586533789294542,67.65537118124996,14.917175793535357,174.67622820725694,272.806399709013,260.7658169420213,66.69240931184062,145.72938076999242,0.3814950100469522,295.43722724012014
31.37058293186291,87.78503970295328,8.556448742894842,658.0395278058381,166.94727488381943,318.1665051882003,13.540797258548636,111.46177028836595,0.1277260646231294,184.73608179234515
34.479962276752595,67.00482398679313,2.9670697325687896,479.0272253904255,134.1807962808512,260.54526521902267,94.40548752249697,165.21111299012784,0.8163381869042439,267.9992642306658
19.00477363149306,71.06195719122796,5.083520875142987,1499.0691719635615,168.89778471009086,469.81281263459357,50.55744288382806,100.58639891522094,0.9417483622312047,340.08314001914954
30.343010896870183,63.718610062456115,6.655146073809759,531.6970988852344,267.0244652713233,150.65247017871002,70.61259696735631,158.94834071886194,0.38827299079626476,305.7287120485064
28.642250455677377,33.32575791895594,4.985201253194233,1338.295148711409,317.73269455832343,166.0513592577035,78.38572751499093,186.73205578305883,0.7286421891840615,377.4898023480094
23.48528168930048,45.13580619694613,4.569215908209479,1046.7272290566684,36.42317487422993,463.5394504188058,19.031765503324735,149.1359105666166,0.4107634398907557,150.73355242200756
33.813272877522195,61.98011241308538,14.597330783637185,577.2829728689267,192.9568086048952,75.30017632281786,78.0374498389744,157.45791438148163,0.5022669388521994,194.11047748641303
13.412811919266876,50.165293443405815,2.723789997528312,860.9481297237731,30.835691597679606,320.39797807621255,69.68475335260408,22.763331940512664,0.8364763806164097,154.6174406210087
10.950133678359778,41.81463385447762,11.133254676394502,1276.7502319288712,174.57514985803837,353.59853795018097,109.75619714012305,48.941955824133316,0.08342434221115358,171.34331228106913
31.0569731077964,62.768634724698494,0.5059491968680356,1336.7156172432767,312.14333360197713,272.54919277768016,100.39322756972825,195.1177106956828,0.5303353487867051,402.1536381409033
19.857045049111203,50.98263657411027,9.144648706334465,324.5514250086033,139.32478791870219,359.3466642586431,35.93020054107855,141.70553071960492,0.21462027467122247,220.4039203924819
30.86815906359063,46.77699680627195,13.781173557333759,575.4023976914375,327.7086389566123,119.46713716550482,38.85944854945558,116.67531328909088,0.3398059454957624,309.2987192633792
32.1134355402762,60.159052133624755,4.675044364351676,569.3124522990004,228.1007956447011,432.21082707490837,45.14086502841226,79.72551094532551,0.6444288246422742,371.51415435620845
9.686355027714928,38.66347677534125,3.1901266412369282,158.86271450632256,328.2712634516921,104.41181715614736,35.05306164160483,18.433910229314403,0.027228412336848362,291.80207047706347
31.85354860062364,90.30347264990147,9.949357025737191,937.5328637926551,269.8649863861315,224.37372438524486,102.00984795358539,80.13582251318564,0.5938250989731627,316.14856926264787
20.1046144949744,86.40063636475054,10.8327204058267,1296.7480741890631,54.133604994091556,74.61849660177467,149.22022508803786,104.79344592501943,0.2834422394537497,43.30245568722391
21.78167720311427,75.9953380731348,10.47644252480373,634.2041429557249,96.27995129568343,290.79709625600407,101.29516767223112,50.17730678350848,0.6694843608080722,160.96400665273066
24.917997799516677,36.90389879324965,5.130094760309923,1136.0503229778478,150.07625001255704,348.083071415794,94.93541646678077,42.89599034202818,0.1415813519130542,198.21882608347295
33.012330381712346,80.43202154053004,4.156934831310298,978.7805790410359,76.13527106398509,472.9619521438336,67.38991066915014,106.5991447579282,0.7358116038161786,241.23255859751262
8.51613454960363,82.51722632708623,14.36082259944964,625.9082296902011,183.32082957629797,380.0946501121604,53.7612362403665,121.32180476923334,0.6456397197629782,277.6198846053047
20.87477364458106,79.90470015143194,13.887842869913976,297.4837192892159,175.5514913814919,288.9073415689095,137.55032596690708,55.584404582359724,0.9712418328803512,284.28073944571537
26.56849514562514,37.40778266275068,7.131090843445895,1093.0533938863541,335.5655353490358,469.0038278983535,145.6602623799014,121.60400014668048,0.911235363258148,472.11440478587133
27.513087857852167,71.8540172094047,12.769811059238414,1296.3912365177366,163.13020135567265,260.0809454988032,79.54866458228189,181.06459313611603,0.2833028631997023,197.2060062899632
26.698375651501916,84.23111172371091,7.058690425697293,1060.1962893620885,279.25684541503927,298.15460042547994,50.62806937091805,99.90291902405723,0.02731657272543697,260.86653648073
11.62974849401929,67.5279710792784,6.653640762051401,125.0298776487453,330.83047980098837,314.205322728244,117.81710907376748,172.90413222156445,0.6553685611117578,451.6990679504659
16.083680886035395,72.01647938982578,2.7730627401897725,402.72605214738775,309.4063142214152,228.59067390782076,28.543950721362982,186.1815744613305,0.6028873890046725,385.0903340812563
17.685319186259363,59.7936261627099,6.682887819133606,197.27197883694467,88.8603160888253,425.70203766027913,117.18235327011541,27.554865498046283,0.027428768766446066,160.94768231891396
29.719804607346635,64.36597579246342,8.292545609697202,898.5405394067175,183.6898651036696,125.1809318687272,124.65277240358742,28.204200134791428,0.12267752920259267,174.68792942464336
15.52651655519293,32.23449579286214,0.8263127477159538,1159.0687503765773,134.7541281576555,295.2274075709397,27.48655224780343,100.44839474864428,0.5847017045359856,218.1902380377406
13.689034024414486,71.5325964282635,6.939638575043393,254.8108618961232,151.95336939528113,372.22729784610925,146.76060563151893,121.7394644203635,0.9118272640434919,300.9661669994158
33.8510965140286,35.29406883792535,11.829665166730404,1273.6729488307394,139.0662526610979,455.82903906322554,147.97172065438698,90.91785824835556,0.9065002765134069,301.8665363931762
8.23930869806366,58.27594863211452,10.360667817426913,877.7125697536765,292.6985393577514,446.6024623597681,141.14072710582917,72.02564637932558,0.15148505461207484,325.3630664843773
34.941163103413416,49.02258134838151,9.709776338527057,1065.956616998415,169.20588819040765,274.0205331378653,79.44487331687701,131.7888820639696,0.38457394640524956,238.5442674836304
26.27417506914968,65.45281676376135,13.688553712339436,1459.9625880521046,192.8191296407471,335.8542675351372,44.450379918755985,10.39548734648485,0.04320286435217402,162.81867493213738
30.36867108512616,38.67206180900846,0.7614641424658352,217.15338354677624,344.20762782553464,221.34935861947847,91.48129932346781,193.93392336411105,0.46927184636292907,437.8960580021413
15.954723701347216,74.95682112826569,8.577189999787395,1361.713632168905,39.793159823200426,255.36177092489214,68.790737386001,54.095026755724206,0.7530834596732057,125.9639203554415
8.386512497010619,81.67574990035058,11.916558301940753,276.54377438237304,181.0260211309471,456.88226458360276,38.8328102604076,184.24876603077135,0.7899727113656114,352.0830211080159
27.92247700116131,40.61803923330517,8.349363049168375,650.1423292913552,275.4403632922183,468.12383686853804,69.31469734649866,30.71280146155614,0.49898946659657295,354.0152244224598
30.521904119018245,36.78035067787234,5.196485512415498,1292.0141748635601,69.88344620211475,451.89046671082906,102.94457699486267,55.23656458846879,0.09586967470821839,137.15508106595757
27.992855562745017,39.458506381178346,2.475633193833679,1368.7559314330156,221.80542622287538,103.65059643427358,19.927863510038748,54.62600320662507,0.3813639751815664,239.04159512459222
11.856957757122643,87.01329152340261,13.369664541334775,808.9203429632034,99.02337724637404,431.0386498120927,56.678520202442314,199.26905179812277,0.9321019599743644,251.90508318150432
28.342553900938164,64.33230201416315,7.326054689620243,931.7464935855952,306.2433573641073,476.2473162698809,12.491284601795527,10.87410368791804,0.22961255651971468,382.1182948665816
28.760915116906308,60.37196474048767,13.23267035629267,1091.40626843798,127.94288958202617,206.17485950385816,114.9293707646346,131.5312597676642,0.3197544499127265,147.7673207256209
25.780593923091484,36.936268241653025,8.994855775280941,1265.8621358337998,128.59072957730015,278.5772931339678,99.69677746633812,175.24045040156204,0.7468271754630709,246.02810017830382
28.685130185480826,72.22114043920251,10.27578569091751,270.1156373527326,217.40397991090487,398.3838176739781,18.77409885827522,137.73199426469998,0.7335807888859381,345.1844267256509
30.83987887129877,86.41997347318085,12.161786738487525,1234.0970315209186,80.57575967956987,298.5559432801984,145.06325834427548,78.91942546121939,0.9122022880249324,183.17995659564252
24.567311084411376,83.83208150602445,10.057755396701948,773.7866107162635,114.01325083801014,497.00241998487473,13.167017997794094,192.0787789135576,0.3881186907203754,239.7011759604214
10.392327277181334,70.69355608375209,6.271795189844597,730.8727951514365,157.4885105394058,249.62814797214105,92.5944905066524,179.7689433719178,0.5145987238742912,247.01290025528087
21.165950861014693,34.893116582358786,7.947684066965439,693.4596527957975,136.70049483623643,368.41364715539373,118.69144465186781,92.45143484740838,0.4673924612204776,245.02302790647357
10.096532036133336,37.305806766440845,12.144160107800259,812.8962193444596,193.2094819418422,404.59192449041035,120.30548382626121,118.93241359612107,0.9277521710224531,321.72594464812664
19.003661837875633,33.205084162138604,5.9179292974082705,1423.070774752445,217.88124754275887,267.2861912488821,14.79991898304853,193.82864568299573,0.7693305888246348,314.9237112658044
18.991875206391946,46.736149072010505,6.127761123143207,867.4852819090122,207.0002597375543,434.2125506272329,136.8981185696615,196.68646876602932,0.8314417798338483,385.70488766804016
9.782265791786523,38.81799536542455,1.8875066828410167,1434.4485535683948,235.87554295733764,291.2311119553103,138.5832340697971,95.46642238641093,0.1330982688294109,286.36240980527555
17.41815441717594,46.903122616408204,13.761474310715341,352.4061828618968,121.55734048058068,229.35936652875046,88.59465224161218,170.99650534718683,0.7918466928681599,215.61671459430605
10.996948667365501,55.02877362173251,1.820026566708905,1113.7903703656864,61.720654961159255,89.59888997189563,77.49164784420046,67.37624312124791,0.43297876605749697,89.68731510117091
29.822350670248998,91.29388096462381,9.89903307300406,1237.1353540522462,271.06648867225545,220.97024512119512,16.281444828763973,80.6444458568263,0.023338682830647106,234.09063307060234
33.58757670104071,69.67444388580998,6.491319942640566,1050.7803638688067,300.75752626812505,377.6107691773107,88.67357995138161,41.316157768142986,0.06008835274328461,345.2799906187937
9.952544831964342,84.27329606939256,6.381481158703914,949.6911923171565,104.81205663340263,463.7917493728493,67.3130714478323,49.74507262757876,0.6779079397348445,265.8599709003315
33.78811059687594,76.1728475463016,10.353501630303917,890.7378935206552,154.3403455321465,155.77252577574274,118.19289703721186,134.8059274292782,0.3720124411459699,150.92069414775798
22.10956818209212,37.312703484231065,1.4728591231332415,1305.3026756101744,184.52784159797324,203.4083379720312,66.5436993640523,107.04850742134536,0.8681155732234804,277.00592773303083
16.088273304754594,77.83482641430668,9.108733852795801,1250.3052360303002,195.99785810846902,110.82205728803605,105.70131666545936,53.915053518864546,0.7342731338758665,225.1649963550711
10.075276032456415,47.88142730134309,11.694460896599145,271.2042096528393,237.6317564589251,357.73253134532564,24.197140473254315,86.55282710871398,0.021680011666961763,248.25701932110306
21.516855237901282,71.54201005465592,12.509084989355616,1288.0227198432294,33.72906700725604,481.68667780456565,28.61331790723537,80.90485737409954,0.686888311836002,131.6711216415087
29.451919701250215,52.162528286794256,2.9726906462097418,679.6960672166194,258.0874373022256,334.8380211301607,29.55942669088217,197.5984388617135,0.19235247273235623,347.51299672850314
27.09133488620085,94.84869711220284,13.512576226133518,455.1755619941351,40.45043230320539,323.8552038028641,16.373569971964095,172.17750907016207,0.4225825687039121,143.82122636562312
9.35610230952729,47.13084616729056,10.014118331787913,1317.6759952194961,174.5352273320464,294.6053680301996,85.78604029777253,83.7136033429266,0.6247352021229627,201.33361341464118
9.968349554933395,48.14348060032753,13.2868946118999,704.8347194872383,293.1314747378341,80.6896407153468,121.15548164610904,183.6441499902463,0.8727178412956929,328.0095574468115
18.8775786310812,90.49369661155589,7.536570398097875,1231.7105662475433,168.90105338187075,375.57176015751645,95.45756851711324,75.10072440935252,0.4560978883919392,258.2136330760444
15.972843339294467,31.601886301360974,8.35948350390943,468.7650567381823,69.19961709352177,316.9427900327014,90.49368397739987,136.9012874196233,0.8084904541911344,212.532083128657
14.274376722513292,75.2847842117578,13.826055016915731,105.50104999110492,345.0611688519667,344.27931367389203,105.2873499763831,193.66349936960137,0.7829656628006328,458.2840277618722
15.587121470535267,77.14621539783208,13.54868837864274,793.6428700641221,313.46420248450687,453.45310279261395,57.55034523008207,84.15298415782493,0.4145385128512583,401.75313392959663
29.694034069015885,84.36460753167596,6.998332663850529,240.31955930003795,274.5334989642546,400.6219620480682,60.673570030752046,139.17814336993743,0.5009801634329029,395.16477436308674
33.08915744806006,93.33855519150089,4.478983158717385,1156.1263377348735,155.79882895673944,399.22101599108197,53.997813750929154,66.2255241019003,0.7004850100498131,302.0082802631688
18.937772752244292,93.4141247451824,6.200971301181831,486.5051904971745,80.66908987346827,466.5045336844999,109.69525059950058,60.59933996361518,0.031148434646939727,171.1191752621962
32.46499705757742,34.242989241820155,6.122582763681371,721.1039052448702,330.6656898681054,495.3700776729798,32.6296469939084,119.08976662199487,0.890811413799246,485.40937298150726
16.680383933692813,83.41955597893866,4.659569687250512,221.84699112817594,195.67587175065586,307.3900567020874,11.823539243809414,196.06027362631147,0.7698161594376934,324.89775875296937
20.86379863128237,72.01014568772979,4.394404262828015,501.3229478261537,301.2773019278701,90.08554337433625,93.46750254114893,96.09543125683228,0.2494158814023304,329.6763893740096
14.102782941031993,72.07723873425093,12.985412578955932,1194.0863405620007,132.89135190061052,251.19975757670073,141.93339106278876,188.15102436015033,0.9811799531889756,231.19143394280394
25.292853138747788,38.34274522995516,1.5129978499275945,312.22307666324724,130.6451446362253,402.2965273723564,95.31710837948266,183.7290688465047,0.17939035258961877,267.3719146123341
34.432490109719836,72.26216581896747,10.325362140444115,1006.0233855777403,345.2283586224329,52.753649390450626,119.60903141172531,58.214896345549,0.9140866737044018,360.32702320526363
24.294313593171225,93.86136773908112,3.0058907461185584,1384.3961939263017,192.20490600330044,66.16822164382857,104.19069932524422,86.3456873460222,0.32447345832311114,211.65903281803196
17.660980271065817,89.26820702006405,5.495335454213917,1051.7714636608084,66.42948987404628,70.89257989609781,79.64113149322228,132.2274709138948,0.7631467101641358,141.9445101434382
25.491071041744267,58.54349295231528,1.3923739949551344,1235.4303650091176,92.49264373825345,376.27644883102295,110.57493624973844,108.42871803816442,0.4563765932479451,200.10892379590686
11.318858318565464,32.596618263596135,4.4146177344041995,252.5602810254821,179.04161219959786,270.53664913905914,125.37457733973105,28.23212067400312,0.7364673874500022,280.3787119924854
31.993795167165764,53.549076850013314,11.642105531200011,451.0245564028762,34.015400461175744,209.69305401947304,41.46243018403772,198.80262572416007,0.15578304793936626,68.45663181518621
21.583266671055583,83.71537025403609,13.33272220593525,1352.3543931368274,172.63621517483915,88.58384082039856,57.058267267640375,153.0042602301432,0.2695064583864828,148.3423375378129
20.132443035070338,75.5974415952358,3.712143702584322,1101.147859065325,158.2504778864421,376.83051509470897,41.321602550459744,93.16186726269524,0.09985782447202562,252.41317691423967
23.818349288245017,59.857337613607164,7.221443669254366,995.3753569282356,277.1809675554307,187.66911285341385,73.30421378266175,127.45202443659535,0.8651439814378031,356.89775663868505
24.869164295313865,33.58159978532402,7.3196986950894924,1029.27343057038,137.1308482814498,162.0490722297469,133.90903712833347,26.638835280583724,0.2962929877694993,163.6195739051802
9.937946768115852,57.74815730851467,13.166841933516146,679.8807760265008,344.2410913080678,340.06683271463345,58.32899411694653,104.1073142010259,0.6944762294166634,383.9691364658732
26.430664973031863,60.48662108166243,11.560586266699179,162.3792842647145,79.65407336929803,297.1450105945472,62.42536447827747,186.85815900532268,0.8202211977415281,238.86131979610576
14.532155368519298,90.35610963811884,7.939619666336723,1198.2181588990206,215.0256060394845,206.70889523411876,130.45141285407044,180.35418203044588,0.9014182363793459,322.4344279859757
27.276721077677923,71.67059673284037,10.225834406840715,1050.1985307014954,49.60076801272403,335.0842365705705,82.15240630425453,74.10236064179767,0.10629711531171782,85.74345049925705
30.208439448373312,50.25743958255218,12.78664828168582,761.9262497578146,262.1751147180141,164.76189937669437,84.96285995064082,110.95989412605438,0.8930149335126125,309.8669878799701
29.706879703918048,64.1456871892969,0.6383148333704016,1359.6634615155604,348.26871706045057,405.62192033799033,130.51216846650982,142.5028695766529,0.19725277773071948,418.0316285933146
22.917526120013008,34.293595008440406,6.341905450225705,570.6235309791384,290.3157504580386,145.48671714152078,78.67374318356624,74.60176071250201,0.7369020115909616,334.4001984169039
22.04458709239028,93.2169353172329,13.655025925517641,512.0504419237302,203.38216843769942,113.06533987572719,105.41805484811533,22.32705143784831,0.7288490193646112,257.0884835940972
11.857650956164116,53.40389362549719,11.234538947237295,1321.91485511122,179.96464794189836,399.92212836948244,21.9902532223685,106.0339147763829,0.008503141740954234,178.2485190328802
28.93434606088466,61.06137806935383,8.371199927844081,1215.7827166625796,295.5598872180595,365.63033412104926,35.008439837763945,124.31078980643392,0.22062390831025425,317.3270445155929
15.328053272061288,53.093458325399965,8.179845642009434,820.9717349076826,328.871447954539,124.01392882282728,66.61266810027439,11.109904023086948,0.4919085146648673,316.40872044516783
21.41077641608456,74.363262457553,5.542666415264348,283.02863524098996,346.4381535133707,93.47304623737148,79.27746949478248,28.15932097232082,0.42003470666328213,346.2953024236935
15.675400509042952,73.04509029142355,8.04754773780196,401.10006005107346,150.85794509627976,425.6635807038784,145.20271817307213,49.38522228288893,0.9185734798846096,314.8890705866771
11.613365800991716,76.49595018439382,10.003056392220072,1018.7191865723292,347.0027666821891,397.23530181047647,145.8912286266906,76.12993452827749,0.35974086950252315,420.82520811811963
24.998057816076887,47.429309924774856,6.5662640572174995,639.0577329765763,71.45566321736439,190.53839190184556,129.16759224702662,112.79973233781027,0.9369837148359623,181.43374474931073
9.466964940218404,50.51845127566429,10.855220622686522,1271.0624683323597,103.67142605753003,342.7708077781487,54.18383693998044,65.8301545643364,0.4594293183925311,134.8027504457497
28.2134213214074,38.141330021253516,12.987867295275596,1429.9370130650857,49.37532116218574,97.11368581199297,144.96396071654155,62.47492473723571,0.9643528966401658,91.28080727529881
16.574843472050148,72.60814816999732,2.742930298680487,1227.8916953848855,109.67371043987895,273.24192316193194,106.50772105466976,175.17637532448555,0.7373548100248611,237.18273439835338
8.003636711121104,32.586813276817416,7.047431830852654,628.56359219378,273.41939203394367,48.61593434779314,65.01161789443606,37.55962175227099,0.829334591632156,319.13482395566774
21.800486759405203,68.84935180902484,6.416291323633676,1204.1610009239937,301.4650381988884,220.13686522391552,108.2344883778673,104.13742530274845,0.104876888349001,298.58799378900903
9.265001530245284,86.5302325153562,10.468239658721057,592.0183428589569,277.0345728838487,74.42769787684634,12.313182170113722,191.03669621786585,0.5861414332423678,295.4144406421327
15.456578061164286,87.90408963882618,4.1230782462399755,333.94012287188747,228.25170679533977,258.56770287216597,30.4616555183899,128.7525173320487,0.1427003598293508,287.00660402874706
27.08836516130434,59.18745442404751,9.783638266808007,146.75048681220034,189.60894913247304,233.97355755233139,126.15599961789148,146.26904117994332,0.2976210020509741,250.35197383468994
9.692619783790379,59.8547397338498,13.223594005106577,640.003397865428,253.87241544050335,244.41711225350576,100.38030916224396,91.93502836421536,0.6235654061672681,293.5459915856309
30.662139293612064,35.00299689552113,6.562908197007529,1364.9830251761946,148.9750712581832,60.85239894207727,60.98725818086376,13.787111752746718,0.7262257046938908,153.24678309158617
8.103137911781744,73.59972665379732,13.70972764969869,434.58122285794707,297.6317559949016,206.3435169896429,80.09332963118062,132.76476998976904,0.039183782011250834,252.9951050961409
14.664244468451361,83.38186232423496,14.900874214535436,389.1184309016976,243.47273101233918,387.9825705859616,136.71990095040738,130.06561347134357,0.5309437310723647,320.2458529926797
28.00440951610593,45.90257854930635,2.038334724245305,1457.7490993374565,250.27555050315482,209.70061174266525,98.42093532707212,30.981250928033287,0.5653139862898864,312.3834173916785
16.53929404269128,57.3845573061687,3.87927122578045,135.00575799082895,196.85887773259353,368.9790982004071,65.74089975080624,97.81034558867998,0.07882799711020116,296.4610435516702
10.751094477782365,84.52455688974257,14.28050639649035,1200.095010551256,312.12556478968696,209.96021287151729,26.8457320356549,183.91249948647356,0.5006880342007636,311.9499189558129
17.726315807611552,87.01283039804872,14.395751453980107,549.9179380372185,103.16486211408731,234.69014308548577,51.12455222757854,48.96611807467528,0.7138422800498265,179.43043173440847
15.30061873238219,45.80669871717468,1.9167554931079982,152.48313961752308,145.77872560914673,299.3903719014624,146.96763259152166,97.60876338048097,0.05322728487553097,232.99142435538025
30.753221358334983,65.78709124518868,0.7174782554684819,1384.923556293417,276.6220479936374,477.31369093125795,71.23082879924885,97.60960518809888,0.760267776323962,410.74483736101826
16.460393774798867,42.51205479132876,2.8359503372181227,295.499262293417,182.60713572268145,90.07580545746137,76.05752493828052,164.04467894805128,0.5764265049041368,235.26679615822042
29.301176737952193,36.622119669071175,14.9421853590426,872.4909972159736,313.44062442998296,55.140333584139896,79.80372453558215,166.66941536259446,0.8332272082717909,335.0666810461105
32.08054790988984,89.22283259047724,3.1099944408549596,483.67589040136687,134.31177552174125,319.66030455262074,133.77456321274957,154.26118973604446,0.21806257285406994,236.84668626815065
19.713070328566296,83.3329877750871,7.786940297469336,191.26992305856743,141.87895571048278,476.5846609070761,94.54995981394339,79.43629024577201,0.8332736842131184,301.15121444684615
32.56846488406859,79.4022686172063,12.802057033242411,169.89147992873075,313.28281049758635,495.2726409751688,107.1147851032691,23.68701575351882,0.09456097526746798,338.4074862486954
18.187587457006206,33.16981072285413,0.7958233549789919,261.77937837087427,173.24220566007355,262.71555380032083,64.51789595687455,76.40176567256268,0.40382969644467137,267.0991294544652
34.030117245232915,84.84237152616674,9.265090242747663,199.91381944513205,190.32111278682063,255.31754569914528,14.07226660245641,139.16032824155454,0.19948479152464849,243.82289579864673
10.410817162190469,58.47286493384995,4.516869008609553,1164.781361727892,129.8120260607742,336.68333454279025,140.33620799399822,143.52184915292452,0.8760208322908741,264.9434151763201
26.549520195587554,52.255683014230875,13.003856288376108,779.7926831968008,111.30108091909703,295.59198831428614,142.8778753282969,193.3500398005766,0.7049198163017738,191.47785815119443
21.332979092337077,65.52096346664948,4.610186664329148,580.0489278885716,236.46307457666936,331.6805065024943,142.88142746872717,96.19183397430461,0.025361777160728183,288.1250961363108
18.46651774730247,35.93796077703113,10.45795794408768,685.7164741848101,59.54741830859728,442.03973574743134,142.11619213054033,130.16276075865517,0.00952335561395612,149.96826976058813
25.083220726212225,79.18202570790592,10.276184670487256,1400.5254298016725,310.15997159036004,383.3008379643003,124.13387174973855,112.44626543728103,0.2912492544816697,330.96032970570366
27.004141474126943,67.85827999773923,3.71165645846478,1375.0525378334062,277.1370351324856,268.56360017592596,105.84344701628577,38.6175264215151,0.1432831142805654,288.012884872128
8.117808280558345,42.12835629675589,1.0045883980910766,1101.9470721716075,82.94692702291492,252.457651140078,128.23138855742,97.62846970510586,0.6303044775601958,214.66376955634402
12.507733396174366,42.235092984987965,6.43411881988826,1338.5553283903628,249.0265821221066,334.21680431603335,94.07647346014507,113.5186793909089,0.6637969338825598,341.91392196976346
27.252243367126606,41.976162352223824,4.693300703505111,547.5072386226748,218.8688640242595,249.62489083333685,28.811745944883306,190.64242514802913,0.9419509036613675,354.1524499463094
25.992406166611573,33.70515519087571,12.230177369398774,633.553056411596,80.89656674309256,250.57850158219432,64.77054310579894,79.64242033770165,0.9520399245458409,164.25054798819698
34.08328263847429,68.2068992091595,12.105280732602507,959.1970545959192,110.15715699657672,47.500714821792215,145.98128767621125,196.21882959051578,0.6588967054113456,142.32353554769037
28.548020336771142,84.62263154325302,7.12684730679307,973.0763262161698,154.96554623216534,120.06950320736188,59.159293903391884,113.03701406457604,0.005675112852708719,132.72479258032376
33.670863108746126,31.137383909180258,9.294427267186673,774.3797732172774,250.75010263100637,264.7162743980464,131.49590792239172,56.06915622758093,0.35899791656961433,271.39020293861915
26.968593541439787,33.18530192313278,9.261762981810415,660.9209878131346,230.77872490961195,418.4205911631698,23.04960590848174,46.41623353300348,0.5131415132472662,295.52803577046615
16.047409633264966,67.23006798465147,12.493793152200539,1480.6524362521732,195.6374997333103,168.2144230944771,56.785737932565745,36.922034279444034,0.4991797565084659,194.21961541433564
10.844852900773125,83.2672195500934,6.662535004786363,1249.573076564814,273.57547922763126,280.4159792403285,59.13346546183315,96.05724540895606,0.6033406295022267,337.76204605109535
29.10924431031326,51.238027886961184,4.493976856962382,708.9722770432633,270.11945407003475,198.68255898924681,17.224356035257223,14.166021659895414,0.9605514828047604,361.34499328730374
25.39202897984973,52.72493592250194,4.343006313037938,1118.2094681353958,223.89352084054445,88.20983518821095,26.673206226145695,94.55860382982442,0.8851926919551538,283.8495305122912
9.301022334618999,68.76252233729043,8.27478804959196,477.38637055344327,279.7067275169923,480.81730221279827,37.04312955704793,197.7968915096298,0.10890803345048827,377.43765974884656
17.721362579326417,47.82383779306956,7.012648939617082,240.23705673226183,130.30691367713905,433.1499803151388,127.29418271341581,137.32029118723065,0.26598039139339325,246.57165589609411
33.83359501807573,31.72954379504947,6.881751179281575,593.4034357738369,310.81234434645984,76.10651525477695,18.876278591572895,154.3593630280769,0.8331094174196363,352.4339236146564
21.51083093417543,77.78985367660374,1.8214914168007548,664.1619201727519,222.92032831464044,371.1021407354109,51.81812618821421,32.61102423646989,0.824306908819207,356.3149462246791
19.683686672532026,70.66724434119445,10.919754240007837,123.15197438493912,291.3799595581021,199.8867560044501,11.42450036249745,99.88916368311725,0.27537072412167096,286.9737688227739
20.35788933930094,67.74913993861784,3.599181975737705,1240.7088022902544,200.2721045807937,497.6309112484246,107.38788435642347,64.38238919488563,0.7305880306861195,336.22227130236035
13.639833548139421,78.2094683844685,3.35582763802646,602.8707633448541,92.08462084626451,179.10331912132975,96.84243260607317,179.87853031791556,0.6720373787178573,202.90664257273988
17.95509361334947,73.89000444153244,6.484995644022205,912.5854320922059,198.99534246384184,149.81968486679597,100.29751668743985,44.44556968264338,0.4735239649699615,207.8350802691138
17.98495791165377,43.38232923159087,3.8027859534581205,203.54846217933834,142.4668490462741,301.2296522204864,62.41358986004662,97.15933215598098,0.20145495267902935,205.14100846410042
9.413585545061755,52.91126805131782,8.965944875966223,344.99556025081756,250.17468189224118,424.15803513787387,39.15749497745966,121.72906648567117,0.8886431808940862,410.62534745736053
28.724325969983795,38.19715920911062,5.886218420349837,1345.571215458584,177.01195127246282,128.55868103710708,110.84482986004467,107.6678073999212,0.6778511843068348,225.7642365198363
19.24561966140473,38.44070587216227,7.009219977595457,952.1625390359211,295.91722562613694,366.32527407089236,123.55650218369732,167.7462703143774,0.1689929248783747,347.7012837333268
30.198856944043428,73.95272351317504,8.288955163258418,1430.39767023868,243.7639290662325,68.24702824491598,29.404209733748246,53.976102550731675,0.7048023448408608,278.7761835480011
30.959396030237176,85.8090069538624,3.45126507598617,1498.2500481478437,245.8996629003369,462.7099818308287,78.15611991123899,81.70431098050133,0.7414337195769799,357.1456011019252
13.723839476863768,92.57761795097403,2.758398531550182,620.6041614663321,91.66126005205145,77.29446142775744,44.820195477040755,160.496016349051,0.8868802851210407,215.173894253784
25.74854401859347,70.84256264071388,13.26611759166727,518.3242897165844,344.8024229421258,460.5464331183148,33.53496056885872,110.33356822999292,0.22283925524193493,394.7203222476522
20.751608712400504,41.9665860184622,6.788993691055605,1301.6984772227354,297.7528190595913,265.7713347482433,112.80554388929987,86.40230327311188,0.9887541054134066,402.6114517364319
31.764231923880097,36.867272454180494,6.475357339671818,1498.055997852436,280.3716119050292,246.12191188612312,85.33357096619717,15.594077801517987,0.15339342252692123,269.9226696988536
13.82499833776426,82.83531314988926,1.0163761789562016,981.4977279254402,128.97102430280904,487.7212565701732,40.26594653301349,153.14323056296578,0.6006888918595831,274.8860127450363
26.300956408371192,67.61917096339995,7.720656387517201,1213.1970115161314,196.75844543958652,495.5767217411808,53.40000156961631,194.71459481368444,0.6571765052734785,337.8172116121077
24.40930730082351,70.18852636589179,8.535460963359501,1194.4442023413842,65.24405206452846,339.0819379420655,145.33151398588393,127.85453180281691,0.41895289526586055,156.14773792662768
15.973139894439484,80.7950357690561,8.603192628842665,597.4755915073658,197.69707229869297,98.47487425424231,128.81513905919792,172.74283193087098,0.47503770877038654,207.14203820303126
11.68822439858166,75.71301980260935,10.751951955181823,903.978532359922,68.1434513394848,272.83823940139314,133.19254400223798,108.20639120703596,0.8909100967221374,207.81845044009066
25.59427353288647,84.23978643564628,3.073486607369671,1266.279717769899,202.5024885165684,283.41502643960473,74.40169359129912,54.01938343043927,0.6452742296654619,297.124753423048
27.942131369572927,33.6539038548921,4.157235446343973,1063.3594267654776,234.07822045111885,276.6453569422425,97.3330169489225,12.743999804677639,0.49700095823468626,303.61767677622726
16.52193828161045,78.58884138852281,12.255591745840984,129.62933957485356,148.76466919246778,301.9662457192045,62.74748362861763,134.14567084209796,0.1283495624335247,177.74986538373423
25.410480308602473,85.3054292259362,14.233973944229213,571.3879364565469,184.51980984932678,48.61336834541971,20.879676596444675,103.69068116716647,0.007337625223134636,131.4400727090142
18.66853450551059,48.59877775979044,2.471024836826149,302.2659752324475,308.9656179326133,367.1645494764311,66.14970349194955,158.5986479466443,0.12496861815183347,414.97110298114495
27.256585848630678,71.62907280956144,7.715918540325664,426.1610969092547,55.82583775192709,367.7013788983745,93.15730544900026,141.98965931270786,0.9561845674765054,231.58469362538065
13.378812422139433,50.42053414940318,3.6055556647240095,1367.6852684878559,281.27185468988546,93.11609658182844,50.2001979075384,197.7109499592473,0.7640867829913307,335.87320431647134
32.03580507117671,92.2681193213595,1.3710609411472454,151.6506044750754,76.34900182874482,302.3101435250683,128.71308046183822,106.95939084828755,0.9671163275102478,258.9500601363283
15.760059104570653,32.17253220830774,5.219798402828964,407.72099674669323,32.11363432552737,301.44614392045634,31.15402228444381,91.16321003787178,0.03570870970817186,87.87671572598174
17.930221669416127,67.68653484914208,2.5834705651710848,533.3970931335241,81.23961890586577,353.9271932875841,61.398072521168785,64.48054099346604,0.6802204038586392,218.98465601779688
9.568482706169444,40.82273055821848,10.79402956479657,963.6377007529528,272.46425269026156,79.2829383821373,27.48654674538841,100.60364544034215,0.04429352640341799,219.13118144575324
11.010829732674463,76.29431333651532,8.239018498235945,847.7423661202117,153.6916042011638,328.1915213424043,66.67649875793154,175.8455808433552,0.7820564688688232,263.68910265475745
21.92827137323286,41.43286842221303,2.585599829359508,405.57727599474055,307.93177055924,169.14589734331693,15.552582696397863,18.06354790043084,0.38095017273519427,351.37424922661467
15.22500227165523,45.29991202339324,0.6340030318799583,329.93749411241623,193.15348859014773,273.2213756282391,48.15691530863036,195.80100898437587,0.09576536010649483,267.0479259071535
30.557966095039248,62.13410271797427,12.218277210851085,431.51724843456634,27.342616135689216,395.72883424387527,66.10293571591572,198.7283669184816,0.5680466417875153,148.1126994592079
8.396721493683753,89.46427174979708,3.0548188893815893,803.5414773823178,256.51549116863583,364.5971307269861,76.94315085873681,123.58606193170134,0.2801201966013881,359.53743671857075
18.23553931414228,43.7614341896181,9.290141312201106,479.6488999956848,56.37685987800679,94.69538813187695,86.11749018651986,72.99339870212626,0.6595739418718185,95.0982647021041
17.1083297627655,39.375601372676726,5.385367739612811,1426.643502250811,280.4952790424351,311.9450020733937,48.498758170588644,52.37930398118452,0.6581747595137903,354.89449279713284
8.521846034775228,79.33349407051199,8.989546105568015,749.4113100003866,75.4738414357094,485.79360423273977,83.22578684608213,62.53317518012697,0.7050074741207528,230.34302737182156
11.357946773013776,62.54026960170551,5.076977591243699,182.3144231624919,133.99730731581946,112.11394117410104,81.26064701868837,19.52003103594465,0.992465078777759,233.3890988013076
19.16835222280315,89.26603230481514,1.7606236300376854,1120.9729681712868,271.21957177636887,432.33726035369085,54.26492712266918,100.27108211183818,0.3866977099474054,399.70320138166994
21.30734378008106,39.52994621538975,3.732775124087427,560.3834034925854,334.8963479672191,363.1721170547374,126.22804629190695,20.89161146423711,0.4653154744851009,426.10871556826834
18.915823175881464,71.98531304649757,3.226849213946596,1014.8845048815466,142.57320371342166,396.04152393848943,86.38975772309912,146.5101008074258,0.8046117010253409,319.1540889622352
22.33531731712653,45.13714449986798,6.706280610374836,491.43211873252477,293.7020726656488,169.7008304856169,56.5177606245163,80.66659655124226,0.5783700230218853,367.7440198021026
24.0685552224534,40.18942786235655,10.045114859679282,899.0412384266479,82.96144760702677,172.42890751472754,142.6273916913087,47.879299031961004,0.037257210687799636,68.15497222034894
8.267943170451563,74.42291198522258,4.325188086722184,1181.0135067304504,286.3693241668221,456.7689496571845,128.31573782996253,113.5221759888473,0.8430785202598565,449.8737972944149
20.530569305244605,68.58950029406766,0.6750140618589603,1399.2122384843756,236.97303955456283,205.522734762577,147.56229361725212,195.01426837617262,0.05149868193804097,269.188125802147
34.014479503964886,79.06378479355152,8.024591781838975,465.5780022063079,83.60535738008159,68.98707971869283,106.9127424503589,142.07489931349946,0.1708201364917843,83.85316696401154
22.013871563497815,50.11506746900186,9.283512595705094,568.7997313985736,119.82630691596582,316.274483646547,62.95120677084656,103.43190151979044,0.1020799669741872,160.03401007754908
26.293641221391734,59.11815766484234,14.46162216302624,749.9729884003156,63.484393237021884,97.41612775924762,49.32049333506173,157.61371685835618,0.07792713288112019,11.478224989846968
16.420324163755847,56.355658961477204,9.04732664485208,1398.0447728303843,146.3791136512234,406.43427104763776,102.86449811442733,150.12052966080785,0.025684875304710197,175.93404257938545
28.897767210124588,93.96581515782341,7.332002110983057,1361.94159953492,87.20405157068154,335.2033635504864,147.3143215493425,179.4297376009808,0.05502771397236739,154.88125421607972
28.868880010655108,48.99618218806022,8.814323575516706,225.82959214089323,232.51932469805627,442.37419240175575,97.74011121453883,48.88710004285002,0.44243918917881,330.01012182911813
22.07499328666175,49.163120492539846,13.954559132999393,284.7017560553352,348.1866843927844,401.02513490001223,133.42609173857733,173.18673948915907,0.2528522699826139,417.9484778080539
34.35237322853877,53.045633573859476,12.511483111223871,793.7128482628935,23.963023817807166,91.57227823557022,56.07448034668761,67.19495653792279,0.12653688341881875,0.0
11.389855798591642,66.69861528387091,5.183191633775216,249.2669819275929,198.50353838480856,215.29251115983425,66.97352954639578,188.78979628676845,0.658705542726526,337.74082460275724
8.457586952018687,46.40097837714344,3.94018827302849,583.8132226881764,209.3099771911732,396.29771496071015,136.87853354250944,63.402378299879686,0.2261119106342585,310.8726773693166
28.794271717441593,89.4938461246528,4.308187379308068,307.7395295044687,321.6889005946679,231.97707770250986,115.96133827409463,186.10122320090846,0.018949155344809454,388.28473799406845
29.793199508851828,47.26956171630712,7.814105075870589,990.4564971846402,186.9817604730894,487.28812299879,147.3974448515068,193.12023574817522,0.4184197837673277,319.98985730905486
11.245595186255558,88.22802255141266,11.288717042814378,1429.2936044348264,199.42146848282277,378.44060695098665,118.46698936251387,37.643357916832706,0.3104329919783051,241.20868774566023
15.170736489882364,36.725879137028,7.7966785041529505,1495.427278412134,175.64542443836825,47.12996167754767,72.79219901055245,195.15497781992877,0.31860443134649274,177.40994875173737
8.473913810898981,72.6765756559774,1.4830477395076325,625.3375854956807,108.73842050528886,444.79341811798474,84.34952277513084,26.287364001563635,0.4452700281815615,260.72607475412696
15.919332491075247,88.95405869848584,10.991920156379724,938.6176919604571,38.48961397214151,86.3702010395365,136.07216894483912,51.527879456379175,0.6689139272342777,77.83692582960201
28.87483059580413,40.96871349588492,12.186566865728832,1298.7747149337138,154.85703512924593,104.64091312283949,87.2305430537267,94.39206836583286,0.616479120037994,159.3953876977511
21.984934248239632,92.94125240645158,4.697719044235935,264.4469019149376,37.35518550942392,377.86650428108345,45.75563238302232,198.78349948522492,0.9372616097888755,246.7981674285221
17.398581015543776,59.43741842700826,10.12982321960858,1065.3901754727508,201.66251492375287,437.8855373380209,70.98677378779291,102.82697972142208,0.5177166663025214,281.49622734305507
18.036960962470918,91.47148204866659,6.685582565288704,672.3811264150955,121.40690226995673,286.72082883379574,82.2842384388765,114.5777942039123,0.4725699097250722,203.03288689471484
8.036547894317641,73.99330283595305,13.392230658047922,388.6046243922297,196.08879250339118,172.96287715505844,23.540776697158137,141.94074040949323,0.21341443521689696,218.5680571836266
16.09461424426137,49.60314654178085,12.755770593330729,663.8550662464188,64.3179982504116,201.60515081646076,114.12677439540462,193.97577607186076,0.7553812888481568,176.04683084974178
25.454386024224124,42.239664119611916,8.118763975489813,206.3444017508836,327.76788869398865,197.72909161418576,25.309550669696222,158.83676602360643,0.14077577621428472,330.47598113188906
34.30324998304164,49.74277800463146,10.52683041429712,1073.570008025028,315.1920103714785,190.27192775237563,66.6884798716328,52.58926084050273,0.4911328898204841,307.4965652695744
30.870642328565285,36.04613160207387,13.308570664820508,453.8397362478343,82.69884803675389,151.7384490379589,122.64714181565664,67.56827682622739,0.42132219838744445,119.28246765814812
8.637064045429286,39.351417812316434,7.687896646134995,535.9679030628292,133.33661348702327,320.0788635294472,75.45985062586156,28.549365525619635,0.6583008784044032,237.06813799897574
32.261136326220665,36.80292862252127,5.042135737087919,269.5138175380479,222.45261471115327,454.1864465399309,127.88217276059112,132.44594919130057,0.9176214699566588,420.54198918705174
29.1463571590629,57.491330343201255,11.428158999688929,1310.5227594458484,51.57644841094907,181.25791001833693,57.8633850878561,44.3406582424521,0.9465955914982225,124.44651866186999
29.07015533641647,81.71259445674312,3.6909606943780306,790.8219909958341,137.00738096832976,125.87937683224956,144.06908115978095,58.90692881107949,0.1677992671631584,161.26580477410016
20.365885493096428,39.18993102406211,6.1337016460876095,901.0056289009603,102.86705465027201,425.74572653085545,39.32558045273298,178.74159448427164,0.2618172182671782,209.0716612935858
18.746142909771578,38.47082815620183,13.053044938048508,897.2057563327965,322.1205204765099,381.2203322092635,15.356980298502183,72.08357831308288,0.8116353199647066,396.0974273581333
16.178724678496202,71.82288171862649,11.004123933905069,674.6903603578785,301.3285099754377,468.18503451755885,132.1397160186586,117.66287648729174,0.5182797624491928,393.568024701013
9.773761191767877,42.816893827924304,6.355259576088739,369.5418816133953,211.34480461806504,116.13907837825843,115.30838023305715,85.53754166994364,0.45303456835573186,257.19636375377223
14.162354814329877,36.34465247708445,3.6137952849211823,1143.18584789776,191.71429116761948,106.3556044936321,42.47773718943219,24.06594460712358,0.7106254523807058,249.70478027461684
14.658298144406665,40.84515758336255,5.6615416670674295,277.87877150074405,327.1395121999811,289.05752138029845,147.86382499913435,78.94412768037397,0.6019249526069718,417.98114181221865
21.070080882175443,90.04254073199044,4.619510163797778,245.4233063903347,327.7011683830091,322.6394812241438,80.31921809759389,87.53295857682686,0.9707140544213346,479.15886271937467
28.180998978110736,83.3956314304524,3.053294675185882,1094.2030526351048,339.8789413660479,260.8797832554112,143.1491616201829,180.18320936318847,0.583974652288267,438.3682693383674
20.792865366744557,53.01419655308112,11.278327246702021,392.37182863277735,61.375031755701926,315.5246527089827,80.70402799417991,71.6456241928045,0.46597382634725326,135.0526909543811
9.561800135073337,72.62834987628054,4.155013359327487,529.4818518939653,72.98407755184617,122.97469368253282,76.06244214798075,82.0558127547929,0.5428173620781757,155.01394424653037
33.8603246266815,64.92291878842248,7.085428317432576,765.3184538024364,243.3231105643626,260.6223269154783,72.8793952002251,158.75038604774355,0.8085398166969733,337.25161848188
33.45355661554103,74.01307712636665,6.094961979123582,729.0918434213647,198.6733772812488,342.7225780322472,56.88253865861303,154.2017637302036,0.6126750567852208,333.3167873162348
29.200117665007028,74.37362491007936,14.740121990216647,1092.0107750909988,26.09374861476787,239.0449666544037,84.71820960471723,161.67420256321324,0.6470480913867177,94.76156985769987
34.76585334223395,70.86771097889954,6.170837540149198,972.8045108207053,40.45176187654139,352.545774475635,73.3576526727995,191.21644061444076,0.971438880036592,194.24545328227566
22.701022985607096,47.296588954925056,1.6597460005529445,1002.154627194612,313.0665261454057,247.54798905476622,15.14456272729758,161.155924695009,0.6183954844254573,425.37552901201303
33.99474545683657,32.53541734958318,1.8024734122952184,1099.6760629176401,306.72736252799746,193.45580718744753,46.46093267929035,87.44555861139928,0.3802852483345398,345.60921553750865
10.041336096652271,59.61184082935707,9.06592895961944,509.6578183928515,137.89940425869491,179.65832166006248,39.837192014778175,166.08661821063745,0.6913260270127966,204.53154289818917
17.873380203057025,87.91330250489574,9.190771500204852,551.266636520663,314.0467035870764,229.01494713475049,131.4409843249493,106.64818009708829,0.6594593969773114,402.24649181080383
14.085294236182676,67.01732180370743,6.572005361998497,713.1968470537757,215.9127745513076,50.62122643381238,93.8417968117578,62.765666178527404,0.013847635506381906,190.37733570389372
13.28749327162529,84.10541771062401,6.76173353852443,530.4470422469365,285.9488635162376,347.5215636852123,116.91563406296184,67.55424294489235,0.4673292967858331,349.1063357455831
11.801679620102254,94.45558229247983,1.2820224511926326,1478.913016559209,161.05225348287073,428.7485948509205,143.95564528489928,52.530053827045684,0.7429036028823993,304.20553957057524
24.805168322281908,40.63505326898796,7.989924400644303,1239.6726969900014,57.421448023819885,203.12846344383453,100.1654981536974,37.54866198575315,0.49904145772112896,101.15632910349191
29.095690105177237,74.96554654422886,7.8187223930151,330.5165635584414,163.12993067318536,61.175242625190535,147.5653987966642,45.05317825219356,0.7796211359353894,191.4296014183646
23.614056784349735,73.8290822905016,2.668465119075696,107.83181823461732,170.9089333389763,493.91677479735654,53.64696723129815,22.00382949122568,0.4508836964276144,326.82400797596205
11.967993158881661,93.6971040782881,2.00567109860845,159.896575546175,201.811583967399,161.3011975074908,36.07740552380514,178.80566433715342,0.9833215976372357,352.31547835710353
29.900341788203715,94.06404770693202,2.291801113692612,441.68883146009534,54.84229525846124,98.24571597775558,66.4633843190076,186.8914838333334,0.2928915892038887,109.5362730624802
25.170777093420668,74.63410976206842,1.9649095741232485,260.0078001715992,347.1626148063718,210.08615366759287,75.91191809101312,121.48637457384015,0.09212260814607354,397.62430843486305
18.48047406542888,45.83496147884263,9.340768835283017,846.673360849601,100.5651508662791,379.7362386914361,135.3506159993619,169.69301575565015,0.4300118011540973,202.31604633800245
26.2015179794737,81.90612947848894,3.34899845984232,1301.1933118183022,85.52229316724066,175.20163456966023,88.39166146513469,44.878509504097956,0.541709024873919,129.1480337321892
15.017434439556487,36.95689372371748,4.14573720671822,1131.4503092785183,193.84496322245906,304.3634738029644,50.90533991852238,181.3180267931272,0.3490937316824615,282.41369347957504
17.320189629343684,80.74545477115586,3.016796090195876,401.8526883150666,197.27869920031324,231.15759744108541,113.96879960145291,106.20869632979658,0.24228116011795897,284.43659309872305
32.77211776456373,89.16274806940527,14.388611914503294,659.0189584361002,165.14084348497062,94.1714364472445,80.81647119946993,22.761348595055466,0.672058691385489,168.18606437806483
15.84362165312835,54.884170659948296,12.891953215701614,811.0518933437887,274.724408287334,191.9320257463707,32.69847233852382,36.84942145389044,0.3771250998562521,258.20732720204757
20.689683240264287,70.99129417390023,3.842175141597053,1234.2881893046697,190.4959522404389,373.44043262847066,90.75477026277531,68.70552754949526,0.6313685291006369,312.62775604516804
32.033810709692396,57.95927758629371,5.249711261870827,1274.7702443486307,221.19950019784477,321.521792772465,137.59523515301976,18.275940267402774,0.7790714485987759,315.0603386379204
27.10847645722324,58.45472857422835,3.5434462134224587,1373.6056366708863,258.83630718456925,95.09805474643807,127.96716644661481,68.76574182331429,0.7610026277600237,276.8182169579759
9.679487106446974,50.174107792027804,7.632201412181944,812.9433507040252,28.258283516075984,115.12830846858193,92.15339616894636,21.38678229258944,0.3753093106356913,56.44967725373866
11.9771821955322,79.53842532927109,0.7843527208766772,1071.9846450102082,208.3125802398648,334.7373452814249,62.79164434389834,54.845244986636786,0.5678982289501747,306.1120036472608
8.211722950841754,90.85147667082283,10.234836129003538,256.520519727512,311.7841755053619,414.1710905875997,22.177025148989564,60.4772536127239,0.4496582244427424,389.31392305032387
25.03488833618741,91.14880585023997,8.085793172355803,891.4045439355749,25.73828516539319,200.75826814075785,75.75084926642732,198.93010550969083,0.8708052527096602,166.2184269250676
20.087182486081296,41.3607835168707,13.530264460365997,448.16853325958914,153.71009425431717,313.8429458479871,115.29112125414109,54.753868015096245,0.8787584797999992,247.51592371634172
11.62542097436144,86.8583372276768,2.883693922762005,704.4036390372555,325.6550585679239,118.49605082596842,60.43832076262148,55.445425298330264,0.3437415828880368,348.95256541477096
33.8642212685328,77.93304369276294,12.159584067886408,987.6707116294072,136.5409527532375,183.23311497644897,42.96255557723302,140.48990398809315,0.09173744787873073,132.1455461633905
22.300812546531738,46.4344310448688,11.983434709767378,459.7803129952935,171.38051198607948,49.324294609604195,140.39316069793347,173.27792091812586,0.16758248332401948,164.19737785593185
14.531118941048007,34.37349983989844,2.34412724364486,173.05908091546553,343.90865970462323,393.4069359877804,125.01779806411894,83.54052839439645,0.36700174213088377,444.05821082939553
21.516296421177103,47.41982234748457,6.27910875008985,114.32739897226051,85.77687345368936,224.46451709556473,99.35858671882025,176.36742378873157,0.5642499547629907,197.51441299819243
26.34974898384791,89.29353539079916,2.967213296595495,131.02334976233016,41.53421241125196,415.41776388081877,29.149668148872713,74.62698394207385,0.6567870109644293,216.19249889463262
10.05845888528624,71.15661386822521,4.1934472566344585,111.68963251927752,303.6094549842304,365.8515781704541,30.287237656864225,47.43301712685367,0.3313710462860002,398.428155262651
15.417003006293083,76.86855295836168,4.317069535042894,254.49707918102567,306.5935626000816,421.2223622350994,24.450742803809057,72.63137662226747,0.6674991196239858,447.97784164182616
29.788068253867827,46.71490282209123,8.565427713373705,435.28420039818184,175.78568544440435,171.40298800812607,96.28153336498404,125.77771104631854,0.937739983673756,313.2598615389788
20.410951500871853,76.76023011236332,6.46545851052675,409.71011985521886,189.68836757750447,125.15001599680882,26.17879150626704,79.75720026929402,0.6520141271689505,231.04744853662763
22.75758283487196,31.827897908065044,14.242125658091428,1481.5152318518553,295.8161019738859,487.07661401976844,127.96780784076863,137.8498227579649,0.15856522944435125,341.1538961668125
19.68603205965567,54.3958874752459,2.3323670582315743,528.4085472925206,263.7246343782124,369.9707820388,149.0151002547051,55.017817090271656,0.5796689129776276,409.3618688357144
9.185298451361138,70.73896765525153,14.618535955327882,278.38909670315877,107.49917073161352,423.6594432462684,61.28874585921314,143.18864985793826,0.5418955167669828,221.01909029073607
12.47524405514421,39.496276760185815,3.844260283106827,863.7875618348611,25.57480717360109,46.04135190656952,73.51377857539364,76.01328901720866,0.8707001108984207,91.3858290531979
20.029624246031055,83.49523233905076,11.70667207753687,1301.1404375565116,178.3010536360701,203.05234533610783,109.63340477799503,96.61499060436755,0.35030305521297433,211.6466609867344
13.648007566014051,45.27703442277471,5.41506392950591,1049.2845275027453,303.44106761156166,381.6956776655726,141.2014208856072,115.97157668415022,0.42294561005667997,357.68927658335116
9.349433773811326,72.398272333199,2.5746802335510517,514.5149247896304,315.6254433077535,75.87210317539233,135.17312829789392,140.3827506053388,0.5986590554864937,369.77344722033416
30.77854092939924,56.337814267396425,12.939393186070479,886.2626237080369,335.55464503513076,300.9763676017104,18.0628560249788,55.3556014512594,0.5244253117420254,374.53648988329275
34.49219828743112,68.74283370604707,4.978483038928717,1100.7983638805727,310.2558684122178,237.3734730293015,33.6700523579471,168.82965210805398,0.7190165924051742,386.01014701435014
29.414857597911965,36.98428592087903,10.053403361289211,1119.3462893148394,211.41437324837247,48.10359328490936,115.64360779809093,147.15012245349556,0.040388990912495815,185.62181775808895
31.05219288602601,31.099331994904475,8.713433433756085,1033.1538374167644,166.7198477479133,148.54876547494763,106.44503512454263,54.4786046145599,0.5635160192069598,169.77899680496938
14.533382518560225,89.12168777971958,7.340466486167678,1319.134594685865,275.70044935625265,171.00431497068854,28.650603165617255,195.24516689455297,0.12167189300387526,255.61086230075517
33.93692833885639,47.52595056986688,7.689382353403817,1318.147641681746,264.1411393406468,91.45557531930834,80.28904148021948,136.3114282957871,0.31520899251972134,241.75041589687535
13.316994020242566,83.27900518072984,11.11744975433817,910.5111831698046,197.58733192687995,330.5069784816238,119.31404835194138,95.96110842867407,0.6616268615323904,288.79385628070463
33.68860487976947,94.95776953069301,1.7727072547898883,701.7989167556972,48.81803294429481,151.50302307586895,40.62929551677711,39.930191855168104,0.1574142005921777,88.6017232052865
34.86012093708068,43.743031769929225,10.188619598389625,998.1984137911397,325.6068444396832,167.70496982491863,131.98026900285328,111.31199043854497,0.30884183550462885,314.06782703984527
27.216515755143316,47.23609817691811,13.489275470279392,1245.4968019186483,170.3488373755485,453.1897551720678,17.416048474851515,41.307418497152455,0.703006482835312,268.429838120659
34.49088075837919,73.08588619625327,1.33792885678803,107.91294677765862,139.9001480323672,254.87662263884414,119.50731190953034,91.60341895259032,0.6508052425268339,304.13858204837186
23.3775740483118,92.75416124904038,2.539473418888168,1488.7958126207916,227.75724040569466,220.37894760586528,96.21464597058184,87.65537932050859,0.09103966920973805,242.2861779113779
15.007628145754438,89.52793263239835,10.891163082179455,356.0512812608789,242.36652718510237,372.9806776247699,54.127908531608874,146.78853242601744,0.5772684934923239,319.17828287527163
19.798888912971762,62.68690880426302,6.840583899546955,758.3485799239667,89.52701261999947,458.4223465661396,110.93055676786759,46.55280443260746,0.14725446191863945,148.06872252045122
24.02614525522722,81.6821683642371,6.351455001798481,1320.8416287800135,296.18981878728556,51.516714669224164,119.53121132116236,166.1555574254607,0.2522713787144927,286.0127612971958
9.973202174729405,38.823480451493566,2.48601620089142,415.05655866187914,115.67924090858469,246.18986941548238,140.7458559825557,71.96514213307151,0.4592112786357787,227.2303475900835
24.803268144665644,93.53348197326079,7.848165590407927,767.5133134605364,81.60569555172452,320.95942379585574,61.48845410159691,94.35783912406725,0.10934682329818912,137.63094727791628
34.49180159258195,92.68296021233913,2.33490701234747,285.61505225365084,154.11195144198416,186.5390251379552,106.04234303719369,156.74478535523008,0.9936469679185668,311.4119972774277
13.132906544160646,40.642382262146114,7.410996616502835,653.1068555434696,261.08482669616353,395.30755217669116,94.36627877085672,128.8245559455678,0.16536956105400114,316.4805288151334
29.40006813978635,49.46250311220193,11.572421834944022,347.9896367102035,338.60119888513515,486.879452324326,83.52884972399238,68.5248168423681,0.7813126284286044,472.1660865188297
32.51326743204972,36.510074837939854,4.244833189363871,609.0788482796198,287.062817242573,473.97658847513026,134.6583063817053,83.37855566371739,0.829838845023225,476.95994164111556
33.47994300614596,47.66164392838168,7.471399438606046,622.8499035098108,330.31496463116326,162.35196811477326,10.443423979376046,68.09949465802593,0.9944639698960014,366.4307109138813
33.923661318947076,83.03712631198843,14.884231556254118,1490.4391054376658,66.39991534525385,144.11560808124358,49.49562485450367,123.00633178265986,0.4286532178522684,54.213380039697526
22.079410245479743,54.59051446574186,10.45643113863354,1492.7382410252812,43.48834362501334,480.4456442697617,85.35881353627622,73.19866130929955,0.8740945201393401,162.74510189864014
34.3873135157706,35.74580286453929,12.69967318392538,260.70079012485735,204.0425714292015,250.9691042184743,34.96105662911733,147.88256200879675,0.957539439016851,279.4985151023168
28.44737559262985,52.244659110628795,6.5152902951279135,1116.356291059686,115.79816940453134,135.8169526189582,137.10131472258615,120.15956013090796,0.17289414489466715,112.01599119757721
12.36512877839797,93.78991672568321,11.633983385324902,172.4436715367416,293.25814107986,365.21860326999234,100.66331646582215,37.68425623202671,0.4794360890595326,375.3199100481034
20.87630287463519,70.92943369184819,1.0873830076491666,142.26882147206408,241.75599756276762,170.83334899574413,76.90361924847859,68.95103754917767,0.06001081885608772,291.33170283349705
27.394941735044107,57.050461516400254,2.2822121468625522,247.46745194295002,340.34029411531213,162.93360853268408,124.05824626933163,52.075013962929596,0.6207240120242016,440.9559461132255
14.67818852711525,40.82500337732255,3.444523597340901,1451.6799198111075,104.0814773913304,444.45455981578095,73.12406680511452,84.15951038478221,0.5814061568565664,228.3463766627706
25.29660995581996,94.10149182344016,6.328302906920683,1417.2089670525763,180.3087577372267,114.74041055337558,88.21142167020133,108.03697637977899,0.20412628466319716,149.98641747144626
25.99821293425872,83.35518560210338,12.763300735723567,371.4989483929526,185.4093575503666,69.62075537446874,10.38513937754894,106.28494288398088,0.7979027588941261,215.0144044729813
12.392893082831279,48.296024659309765,5.5208577364249924,326.3412697751961,98.92834230293414,163.82576247897612,61.19807422731029,153.3594985470249,0.037268722763539874,111.89674401380238
23.25730343622442,34.554465221877315,9.992007305974212,436.74912112232585,214.73082183104256,319.19488990557375,29.430666129135766,45.94265408432477,0.806227324127557,287.5323805860604
28.83392659642241,33.68066122954127,10.785057274650509,821.765791705199,166.28437540614905,96.62041256550445,106.55641529272074,189.8298375665149,0.02664529116386738,150.78791222366644
21.47018294247043,37.8245797178597,8.99964413428095,897.5864848495738,167.4181134766583,256.9335492473251,77.06377425660273,75.14057030761204,0.6568288121363502,236.23061895096419
8.3267841529549,67.74995793493741,5.680008538466975,410.2308026152263,139.7030938309196,328.5750707956471,52.24605801503231,67.04728091406632,0.07876951391490128,209.30421232782163
8.244038665140888,90.36962237835701,8.867273454846393,1159.2719033259234,25.58668630042657,430.41901659286003,75.49652751204394,140.18392985424177,0.25122551931232295,113.41109225283986
17.63979228719033,62.28832282038899,5.46285109545132,533.374437163711,192.29142818188038,145.74001195303703,39.34818431318847,163.04815944978188,0.7219133493118358,287.9663689141921
33.00723984765811,84.79145635965281,1.7161692090041751,1390.9838557411745,130.63178578110927,415.9793087560831,139.51212854805968,81.90963531459415,0.2804047996253868,232.048885768893
14.174273049297437,58.98263029088751,14.895657683697209,1019.4117890394228,20.435556764828792,148.05688012036973,17.55616855712782,151.90092522985566,0.5111738487177347,51.60135657550107
25.127819599535552,76.05793047490863,2.344145577671408,710.8916720250563,121.62142352843756,351.31260897023463,131.15838494145686,177.9098316658504,0.9152482695201144,312.14536922838784
13.996048508719657,77.57172792362255,1.5490515656228316,1205.8768023839834,111.94734991961981,238.10984288192935,81.59023042266914,155.6926963893219,0.04963435403657834,161.36568278410365
16.685089720807813,41.30764088371701,13.23869586350376,1245.0804764653308,149.83789056379982,92.75337149418829,96.65250945943441,16.49733225845827,0.8110797937356735,157.12192272296667
30.897136419240066,53.47904383342777,4.87660258294698,506.6742478525211,63.51115658232099,368.5611928980504,52.36478692721853,167.20009315957574,0.06527199856848953,154.31473738218853
27.679258941288566,71.42464017497156,9.92930612406586,575.6003613705182,187.53566212957787,140.17080453254817,145.33766635120497,157.1513821063298,0.12679484433667665,222.35150772898947
10.575780487456687,34.5952795319838,5.2705830801023765,1410.3372152200448,248.50531633098288,121.24677597131208,49.45913419272858,137.16514524910534,0.11931910388921085,231.62689869763852
19.574954566633707,53.50011220459218,6.176086926519831,330.63745370858067,227.9612377880089,204.82854715111628,92.44291959964261,154.40425962670164,0.9941022832107261,355.3886785229439
8.78758361842214,64.76196530827751,4.300638094243549,159.01058374810788,285.23913269783293,340.5135125893624,149.07833871499804,196.0908252080684,0.1801863193315334,384.04711111807234
20.984033958281245,94.75459204790151,5.474138083998648,735.6774516533688,169.16273503573677,147.6383802436888,133.3532154936824,91.91144868548643,0.8967618462562682,283.37421819716934
25.885718315928838,60.84468157045865,6.455155808504875,1221.6938603410806,191.3002710121103,124.48430783966744,85.08617554005485,22.772414641373583,0.9909321629465542,265.12782438429764
11.199570837150091,83.04368921243103,10.946033001838972,1180.335348835044,287.43264048346447,44.578667828147594,148.6524332154097,97.56909422926617,0.38378477041229797,255.92183134224473
15.799893350547473,58.08437352933015,7.917274816404481,1387.3428804779655,161.14138637034873,256.95582466679286,108.19178064256604,18.822394524299106,0.6310485435286854,196.18496830947805
18.741588888558237,81.76539697028107,14.181695648776167,846.4809301166563,251.527785466867,237.17696188498405,39.21805825985331,65.90757753680762,0.7790912537636125,279.8186965467804
32.827337665713344,68.70196210530705,1.107265710662245,240.09054019314664,163.4187816769373,147.5791620731931,66.7834694610129,121.5071604413842,0.3926450818362083,242.94443468702912
34.817885416420026,87.6287036976559,7.794490678164409,924.1645640704226,157.85294418881566,64.67999544445775,56.82906676161714,68.8283496559697,0.1618141404978073,157.10704963888634
9.212605072881628,56.71126590275715,8.971259438059914,1189.7538600944963,270.8678560946229,237.45770231408497,58.16191915796648,140.22509672281234,0.4337627437925612,297.5768543207318
28.547213934375584,69.27978728839614,13.842856298076972,230.65936837775695,77.69618210384968,402.5743510929504,116.46390151038128,166.177402260287,0.7718876450029446,209.67796805913636
18.03654979286327,70.95121424022378,1.2127985925106999,341.72036153662566,131.7333707407193,369.0297804105014,91.79680981819111,89.88344406311201,0.7807627627484031,279.4722412640506
18.59637102819596,57.12989121703076,8.815743981560633,117.20692561793926,93.97685132647759,435.96564933567834,15.332979622533996,181.02621074567068,0.23053879217091333,228.98936485919245
28.365154280369612,39.3802828396863,12.877633963655377,931.1136112255346,138.50628117930705,44.40803634805159,132.84278771113665,25.16939695657604,0.17496563989074654,92.43480091269588
32.79751366792603,36.08136144930181,4.0079520577289305,1341.4281487242663,96.02369138078792,484.5528857301153,51.551459667223035,169.62150119808547,0.9205607021003497,287.2837340488186
33.675072051568804,31.08365078897615,13.206239053597093,1038.9286424029392,211.20385825859603,197.04963620862623,149.59048276784011,167.4288976334668,0.04399903055831056,205.70798131974146
23.582309823034663,86.77972717593894,0.7761294344772314,1474.8561226273748,283.39636486388895,495.5829862023038,143.58670224687,71.17884030208532,0.7347384757650869,439.8814935683835
17.642271301113574,45.37086929551515,11.120592122439081,188.24711349966617,279.5823102019076,156.20495187681632,141.67430033547512,66.75588555367685,0.046421385446754004,266.32238444555026
29.26382531818704,43.74793870331492,14.03014170694547,1364.2015192120948,140.2853183011015,256.90673828599256,123.55786456895632,67.9680464191674,0.8379000508609878,214.63893537204598
14.777037348082107,77.84230102769426,10.029366093780903,1239.695602341353,346.29093394510636,202.8067312246397,40.88586643569596,164.16480534543808,0.905414813336102,408.6506720905473
23.229998778504978,50.80104735068046,6.865924037716495,539.9381286993068,215.97194035291426,203.6499288973792,84.56858416402949,168.01416264593706,0.297419124229099,274.5933961821714
17.681618461171574,62.892905006769375,1.1507747388544114,1462.9371725721526,151.80209958683727,427.44976542417925,41.40236775549644,72.64726717725685,0.07393564351669757,238.7654298255927
25.729038990112656,40.56321924433466,13.841650293178118,503.11284743998107,295.7279621496704,383.3527122791758,46.35456378245289,122.59216601444774,0.4806845363474286,364.5128949035526
14.490770648124686,92.38347189502801,7.319295229027834,1345.0266133595057,260.85842417207147,496.3896602058221,95.53324772107884,36.397313593686356,0.2984630367454768,338.7169309763608
13.173009534840297,85.35279100112044,0.9204527928712462,1333.0480079038653,267.2608611519545,322.2167540500558,15.716696349428874,99.0679602733942,0.41713614281037903,346.93539831275007
32.7924553402368,86.14632549272521,10.502405534267048,1160.7206632441614,84.72598541217762,253.09803802147124,145.72419935489907,199.77064166255226,0.6649854534886802,187.8173657349563
10.748699439637496,56.440293657180334,7.486640176855744,888.8586633379927,174.5470214316232,81.43397695556992,138.614244160915,40.1794380641869,0.20982603594871696,174.32888341112408
21.660863508843157,79.55347889096623,2.3030071029149557,268.0038494636433,304.4032831721189,498.4182529763741,63.307460102080775,190.0369015924112,0.35695156951408635,479.00031611993177
13.96302514000124,39.35195010033571,3.606941234998764,844.7604282950975,186.3325425174899,293.70410034885015,82.15914272096782,166.60839717335148,0.7825624902926737,323.38046447117154
9.051109009793022,30.560235168465717,1.435114866609771,599.5147579169084,245.5394053289466,362.2196360574652,75.25671869748626,194.72078367979128,0.6437619499528217,401.02246063601234
8.972508093868512,31.298240617571828,8.827256325774316,1209.1038464174924,214.0181319013073,227.10149810800323,133.50796900644576,44.119964516001275,0.32627549115123866,219.57987250081874
12.730987846857339,68.12911293129643,9.519427449154135,1161.380889095583,297.9777399470661,291.94922576244846,106.40426268425554,50.56851318423921,0.6643016002599286,344.8866960200037
31.40279957166201,59.60066884111615,7.8332633261539435,1374.8575103216474,113.90507712132887,473.58575667072813,48.9355746394099,13.20476452962315,0.7653129228919666,244.55409151047988
15.626926087379719,63.670997679053784,12.347980928537917,120.76222740439101,209.9068417025004,116.55294144853727,72.55777562514156,147.69334445396504,0.5924855809527875,242.2878323870635
33.66239760553299,30.48510412711926,12.984627908966196,1232.7445035522646,60.667440443235314,174.4913887919171,70.05523659614693,132.3779917528753,0.2394968325010085,51.392225190453956
23.703801910708226,57.47463027773267,9.426553751905336,1413.8468743745364,247.76955631082438,109.94747477789488,144.3069235597486,43.832433281699096,0.00024529051199306817,211.2679239391112
19.788583123756684,76.67443047805595,0.684968955757743,1205.0206287514102,261.549386656395,404.41931575019635,34.54352747204955,160.31754345299368,0.8028491069882814,434.5204272078404
23.662398536075273,58.77509062788333,10.580830008342167,282.2722438185134,34.136315992369475,68.5408197940416,22.540687221220068,66.84714616502782,0.8226335553161644,94.37316422000957
21.950856401109228,77.59424841029445,6.560988645345098,213.79074677724282,243.0110179972351,77.55055893161563,133.28663650263664,35.64915817282068,0.697604501394362,294.5124213800342
28.486958851447778,45.14623268579426,8.70058350678261,129.18333573078112,156.8477508747095,177.30729188218962,135.53603853082194,90.28690635367614,0.07658093136761379,177.78736534256106
15.62739378126701,82.85423029131215,9.911668729273824,980.2433161592994,60.95196911619517,276.5265632236652,132.04347230770304,27.284271201102655,0.5852222875080462,146.28502320061526
17.532360573208166,68.2480306294744,5.578430907742613,981.5417126038423,158.5694907404943,226.8864082574098,81.53676818757789,60.01629469191686,0.8210206712716073,251.04364139640373
32.14054616839777,43.6996014629439,13.797928324991016,1481.6791999054972,84.09686679954196,60.615502908571344,102.36421995772446,80.55333810119578,0.38966832010816566,36.86799727066662
33.55432585506095,45.386830930499144,2.4426355678718275,657.260443745734,157.13464560069445,480.4461166206377,88.87082665853774,171.85419315768848,0.1980007342202541,309.1116500912802
32.099072142134816,70.82198019701991,10.236921205575042,564.6687988564954,146.83187922631413,478.3199793647185,19.722695647616128,160.58426084571207,0.5876272972414707,281.77395368354996
19.325095836847467,83.94607355880882,0.5632139093704163,974.1948980581494,263.6692401888989,168.50390869074954,93.41688556610114,94.12331429261747,0.8263066273008779,357.4102990036355
29.069868581185805,57.015805831895086,13.907441028375121,1255.8521415106316,275.4911341948984,376.5017830235475,11.905980615854123,147.66926097295362,0.048869958707065564,278.8191539311097
20.861064799129668,46.789527893293496,2.1313099319523268,1411.4835293322026,220.3194559469004,306.14468923628294,55.498237337992066,118.04343087401095,0.5969512171607357,326.3607925844094
21.433576007944758,86.35575444918902,1.8758213371398322,1224.373832650654,27.48665792020769,149.23927970258705,140.5209606222434,74.75995246483293,0.6431737953393419,103.35922605006036
13.526362944546666,73.50243896380427,5.328610679257541,697.3435728621266,327.237352093428,160.5989138011431,52.56633774901306,147.9161252641041,0.6023670393482796,382.799298395841
23.960518187979943,59.12555667339997,5.9167111475666685,988.8799294368898,246.45698243182773,265.9304601828072,141.57572997019471,139.8648393486118,0.6500336842370485,334.3531959236066
13.025669239340395,61.71351269315462,3.60735104868174,1298.8190574025637,31.284498473992315,232.84899308878565,45.01875400089419,127.62794401678438,0.6313753076041545,132.19190208705177
16.952246874814232,43.276670415865766,8.984264083443309,786.8535636364352,290.2148567406589,173.96549098638155,54.03871366461455,127.41154899821761,0.13040388498034905,289.6854341063855
31.085815443738248,70.74217095421486,6.922254421608472,403.36130118754977,86.08783105693873,411.4553343003685,97.97704950139749,139.7665785421256,0.23493677694891535,190.2263567829582
13.591046848693091,53.31826318528776,0.9955460410957675,337.61281564702216,211.14299255846524,261.47294211319706,116.62777619050128,83.06364740208227,0.6189940052890102,311.9190112534948
9.921273699682686,94.7169364838327,5.1349549027018595,100.22084240927941,173.98934208356175,341.23010869899883,80.19428752068377,175.12440486286346,0.017693161136770774,278.95846265090853
9.86320500054604,61.21192849202271,12.251277246810972,1105.5331929737981,158.5467981771753,127.06581007722272,133.49619620718175,40.83849064432756,0.6347445187232444,155.36864416033168
33.40118205358391,61.582564402324856,10.500672255497095,255.5360923843867,313.6055276410512,285.4135247575839,15.633659025486695,177.93823801543928,0.665386623785032,401.52682373669967
21.686851824969537,66.78036618169367,11.010627376908266,441.3747395743166,164.32922621566286,186.2689827454459,139.10727740881188,75.03355017607893,0.23917475986165848,183.2897479084399
19.054125939059496,89.58914020271854,10.622695399211091,517.0268641319108,44.86355879913974,282.15026078164396,37.48309198535712,33.75600696563828,0.5981328297531396,126.79050802178833
29.893721687213798,82.05317649088377,5.0091088100539825,884.5318041914757,332.3907799809343,399.1798833690269,133.79342431185182,124.00520650903468,0.5340900607237645,469.83079017823565
30.56730005358393,59.32345453685969,1.9451268701132503,657.1401882140769,323.7766263090771,393.7000766419804,66.12084512809326,81.43746712337699,0.2606915481531138,459.7537446231595
16.969157894121324,76.71545228823175,4.450774168479892,1044.5435888324264,245.86278756192758,202.94151189576692,126.58598782194527,164.94494814966865,0.4629740118747546,289.1252071366803
26.72768755179247,68.10530742074951,12.56088685268481,177.8941230601838,174.40453428356824,359.367473856634,104.03317697251731,91.84923902046579,0.9096245294121815,318.78223629878636
28.82031602800094,62.00385816558118,14.71682656785453,273.5148719702152,50.643626071362014,472.9933771813674,34.6318285469567,137.02687985680086,0.42660278045988287,155.67238377506513
25.67556854538077,42.50052523098279,7.660781713752639,798.8961049465734,280.94687913056714,327.80789176545693,138.52665978340278,68.56901800591686,0.6298441768795017,381.74870529922794
12.093067019602683,60.15585712456791,0.6406551463841121,571.7507029855617,44.907711759929555,108.26865675601309,44.37243466838435,49.79595125481462,0.0353508210406942,85.95235092195516
31.64884325496054,45.97820815646735,2.530649775946321,514.1387078519036,42.63832501539807,352.66596946838376,44.17961661729987,83.72931588027653,0.0778001133220988,151.2638484730894
22.555552923872234,89.46473974035754,5.170168342085853,193.83931065253182,197.33666800499148,88.2560177206832,123.98504552923328,125.29348857446236,0.08130807330331846,225.01850446257654
15.6267555119901,51.80144287726255,8.889487554597771,1354.0068446472021,72.84231926093128,441.1707880447925,24.822255780152943,134.81988045015686,0.7782407636264455,185.7389943990788
19.481161006817736,91.8971609446692,1.5888578641770525,1068.546020575071,22.550988222315166,277.66382806889254,41.085026891864445,119.85926640662349,0.3502568948034527,134.52357508203932
9.0144194407705,64.64859385615623,14.178680831293283,270.26541954750917,159.62743222860945,217.16473870332658,80.51486027894873,197.7305865385807,0.22761168836581336,190.89400250453616
11.452403633005275,71.05038461395043,5.79371326262381,191.06434083199684,65.28168643132176,66.22303353885849,126.2667840161274,141.3071354340814,0.7473245684517227,156.313894661803
28.66976226392824,65.2911288918063,13.732471159909934,1464.8215468037401,72.97008704262811,215.16051791237047,30.647756463217448,186.98872924341438,0.16996006255617446,57.61560802444392
8.000314138394886,38.409740102835556,11.817566139976815,1053.6415706153068,45.38051078266044,455.4750672412631,86.67355283172849,32.40730703008316,0.24649252507028063,123.04834709308253
19.247277369021887,54.42837923551616,11.453840451475926,684.4384995312381,87.68093872879128,49.652178291699464,109.57368285241154,21.66085666456098,0.43093144327002086,103.03797256288571
22.10777488931089,36.444497298045555,9.297433906842365,1082.4234570580988,256.1097793255485,258.3381525796302,130.48333146023316,69.0889933822712,0.33143806901461326,260.2153415609841
9.475129340026252,70.49201287191981,9.588365347251747,1158.8645010722228,286.94601138187113,468.3327219108863,140.97917842831075,35.95189829152055,0.5853922110366443,390.55983821117565
34.27311040025299,59.04682268802853,9.751046910635598,1191.947083344291,169.3361025296692,221.6268598919097,119.84958802565055,109.91502036337086,0.33784061907484764,188.82304958259306
14.105383943741142,80.5690231521109,9.616460111870941,769.0282279142807,187.16275924086784,236.9608162325892,101.39597575108027,108.60643816942296,0.3929516358588919,212.33553436449083
16.213365430179586,44.33058126495904,8.529059355276239,701.8358613747872,30.776161416086858,306.1376253915952,70.70681194378722,119.25896162435053,0.8628866082494859,160.645939768921
16.206447830885736,40.69679379790677,14.80300326800189,115.43931797646047,42.874366252534564,252.9511734455044,25.69542158637875,151.59329735790382,0.8845314396280024,131.71566020132028
14.221249877168447,56.41159501264491,11.118213227672593,1397.1799611985732,104.99734946434059,117.55677796927411,109.36320695357297,194.55264304034077,0.8277111908134075,134.0661211035478
8.039793196330407,90.22804990919477,11.765722631691556,944.6310297445203,199.4864788353387,48.53554797213579,148.98322262656816,176.86915137343783,0.8648309327046326,234.22406253619235
27.6923094403759,76.17741797580676,13.150710818713275,384.41551206595534,264.05187908254766,320.51336267020275,113.14648326249399,32.48977551936051,0.569728669339117,309.65999790202693
34.1048284945807,57.23003561153971,3.626776559524813,1387.4447871900113,219.65101024155092,463.5710300235936,12.339553123281679,74.31760086642487,0.646233214751384,329.7105597731803
14.055924048696216,63.62269103403019,1.7151603068783814,1380.9046624784148,149.40219214564013,88.92750119249618,79.47639692585743,58.60637475912796,0.5571731665549405,168.80196188320403
25.902274178692405,35.47384572651139,7.501969330679681,1484.8578301125342,59.0469440910356,137.03825085626656,96.05052854760655,43.59529797816063,0.78558808405292,99.44336202558452
28.031200827885307,93.99743326444735,7.954170086479461,1323.6791883945705,277.6551675127725,210.3055634794878,106.55438815439803,113.49772656459906,0.5510004857614442,309.1658399918144
30.907485235444167,73.31647480516973,12.523135809273807,1496.8981429480907,140.04939702768883,412.02142534971506,110.7616169840992,115.1202363862188,0.11107696455078053,177.61076331691808
19.410988319367448,48.55126445012246,6.934861899593868,442.56066337258164,262.89782477932056,163.8597455766497,88.13518177031337,53.17651729873165,0.8095801204568599,343.5556315774243
16.17913445229159,68.07754562399089,8.777368870392534,1279.1494192789278,189.28301783173282,445.7450259682335,41.27044658279364,145.26047755827025,0.7605851706775364,315.6181394653363
16.78296861862184,37.11635379448461,8.142528608445145,1252.2396323140704,263.75847767540233,65.28062233903054,141.90809260671654,149.253716842206,0.8203005952826253,296.067665997307
27.240775993659845,92.77938347249292,1.0539403644821703,423.31650290902724,319.40555527934873,472.84004577911,107.53330547291267,13.98619901844733,0.19042946338976185,429.5805146110335
30.053045595652172,41.36102421241878,9.420616000655253,237.81256860138708,323.93974029775467,297.9436558219318,43.15760516171733,85.19396370724014,0.27161705271496706,349.6988123265911
12.903577129428271,72.12197067358892,12.506627643726658,1471.1887191486394,196.58523740019913,343.03773210434406,55.1250565178382,179.126721828308,0.29575169726353,216.59740625544518
18.01540722025966,45.95454006503048,2.7837579470991556,514.4343721288544,188.7977603726608,209.13718036672245,139.06987388825175,108.86053556632926,0.5080805361856736,291.3418189009915
32.35238531222705,76.64148987215482,9.117810141935639,1319.2485066549284,107.6738936159363,399.71737133508776,134.24792613902702,76.04928227340892,0.13387708416345978,134.98991905111484
29.78072503175796,80.49338887061828,9.107352894473008,105.77801654444545,328.81394440466613,116.62047503882678,66.72050137013255,58.198468803074725,0.38538175327486734,341.1806937960676
34.59117687458685,73.77228237924312,2.8806819788172016,129.4347301074431,171.1133251758749,62.499439628104035,15.363011078803137,56.237358784473635,0.1821581610790296,185.7410282349269
28.364703011416182,69.94246491658751,2.290221819095672,752.2198321749157,62.10510896483446,221.93779382947628,16.789631645151346,28.955926431653207,0.26476271303273646,129.33831715564253
18.616270427753904,88.01049110688075,14.710753173159029,434.200557509089,162.79262182676146,432.70002843127816,49.74856072857447,165.27301962768752,0.7063876345584273,260.33955054838725
23.94722151785522,35.110736214334274,6.208927959969045,1065.77779681035,61.92757257854131,387.26634485333955,98.07711070745992,26.464907024892533,0.8548111563172811,194.24581160051358
25.847384864677647,51.509459775712685,3.7976150664911748,891.790055795136,185.83545580483477,277.8917464249207,91.78724894683866,65.53600551374501,0.022905866597183855,225.153966292479
10.118307040562346,46.13868617600499,2.984205894588437,208.48011643068804,205.22091990255,303.1833636960626,98.73589017215198,18.67839032760711,0.5658969633550004,286.934114419345
22.701417895804358,94.2209075342524,10.180224846956909,327.6796148420039,131.45940129288317,99.7507000974275,110.41961607049494,158.4634482475031,0.03605976206226713,118.9552950955205
27.15166236876046,55.310335678346775,9.336956811245543,643.26897808178,43.64470269638994,426.7134939640878,12.664515502983377,17.46389962309019,0.08524924501155029,99.30641616356884
12.517675208028631,77.61982545062591,9.831505783317553,359.8456895376064,331.35616675896887,402.0014541635306,24.711983324142004,68.5772097349596,0.7050840346141091,441.3893747074162
29.077056370490045,74.5071356522653,1.7760873989160577,1209.1112861415,275.2065274495318,341.97638118799364,60.32768325580977,118.92650031646616,0.7356081065021166,399.3723084605447
23.76186507388101,43.78528043602955,13.456251460727335,682.4983297745921,296.83075656668996,254.4478767113117,31.680399653021446,87.81665845575432,0.8139806731727988,355.7166548015712
33.709988213835054,45.53484921375083,6.1443627537312,230.80461357949898,141.06657011445571,483.65126340857574,20.54480595623758,63.63150277732908,0.47424151177030494,259.88977366081957
9.145402051586075,48.28349663094721,5.04385639324019,778.0800631809748,271.0742399064187,444.3547070631767,99.73501543962647,62.285923761232915,0.8598074820161882,395.20221637842894
15.163805713997608,56.72327308685965,7.204240985092218,227.17345348597985,180.1730554058341,336.43802701672456,124.14710684875386,161.58015814118738,0.16683829164162434,266.54048970898816
24.24195474109525,45.231129267284246,6.15595795334061,280.51222758774406,86.35755117399516,211.02845894995244,115.36773204079955,195.05583806657657,0.24971641363500263,145.394915294196
16.007117629560128,31.277346378545108,13.021866545517614,435.4537648394874,61.05971437938038,324.2902481934957,124.38556900528509,76.12780338527075,0.13450214760197132,86.87306855162456
27.28945242992354,87.1605486924677,13.974284140369436,1303.3387873464858,133.86678687627875,304.7028262041061,103.21991616810281,17.43764758571314,0.7975372605818766,207.4338528565563
28.493142628092137,92.76463903975747,4.90007163851929,1394.4575452661607,65.39219678679609,221.35131440406153,112.9483450539883,16.947497802730602,0.22867511838661891,101.31238138048732
10.76793102979481,52.202075157051915,13.027069208169344,1256.7608210648966,349.42876214734264,181.070026976515,48.04902838916219,154.25054889003644,0.15551124275829564,299.7169691469214
21.874070533582728,52.00294716265574,11.832085378229474,567.7081043849862,36.232366776567275,227.2249644291683,149.02112507978302,114.95026610573412,0.6231106875880562,105.00939187093363
21.74004500095851,30.460967830334113,13.996711248999047,481.4250175523643,165.57738779179525,303.999246775363,35.6431916291442,158.88260490929278,0.0770820263606744,189.58103499815368
17.970580795819608,74.21629474147431,4.063379526695373,868.8179671063349,169.19086238882676,236.94202856710342,40.02914241451355,142.52443195482923,0.044900277220172535,209.30946164771692
33.18897128938114,83.65359322366086,8.865907676754198,1110.5944247463572,119.20853643195292,161.24426457263655,50.44905645421856,182.42620636042534,0.10671764855245891,107.36166860919536
30.342670636576972,39.5295395234002,4.480896478736447,1490.7219034242448,208.54601668329195,390.043126169972,146.54654021492104,178.30661529885847,0.00024088398716759496,236.2128667080796
26.824653311560194,40.3783127088648,12.449370112023427,284.1989966304967,69.49241797000974,284.47504814040997,148.36040250954684,159.7822051680237,0.6969901542217924,205.67527859334865
27.286819164844935,81.35541124814345,0.5772007632804317,169.0087986333262,278.69108559378714,71.13057508377598,121.28512495890965,100.2859404080073,0.5622353217144787,337.90941206594863
20.466335882954215,70.0588986430194,8.689877861852743,1072.0982445933794,129.70774702172065,209.42559258801774,98.06806379834872,68.54401744473196,0.20987510903772388,152.98123606575973
32.866852069607546,32.9159362458016,5.418449753442811,1265.1160969054677,215.14305463355177,447.060190317517,82.80876052584588,106.33508961448159,0.23300494797759586,315.477483789657
26.754076535838706,70.4655543800483,5.178913752628393,1284.8882918129925,256.1609479020966,387.4088043519779,145.8869183961584,105.39360539076648,0.8109685984700397,387.234225867089
27.682488664707044,50.079651984844794,9.851141696041296,1049.848968708025,313.3838988377532,188.69352061424325,107.38719240015465,125.95235428897415,0.5018201158603004,326.7866931862018
31.26565440225832,53.96713510560498,12.846524515052911,1435.622125766862,295.809854029226,471.56424994047416,142.26221796564423,45.358537878751775,0.6985283570817397,354.40581759010774
15.399932912239157,80.0325421892972,9.333333175203231,815.4066689624217,220.74197927417467,75.23733784477668,54.31711192686734,134.56777728454784,0.45275545127491557,207.64539605951717
29.79091440440098,82.71078752371969,12.871008190377475,1379.3407176706976,148.1697495266827,482.1679637904069,56.72847091773919,96.754175599105,0.23771802602079228,210.17431993203044
13.271496279825286,56.02318074458899,4.336658122274935,1454.9369917881322,186.0575411247381,153.0243425429508,129.66144317658097,127.83891806876325,0.9704028006829069,299.7268563351847
17.324232710611973,91.56494084041306,8.032776894092226,1286.0204398043509,273.68248181500485,44.18332293911286,30.97968888194121,55.524916354713675,0.5656475633753975,254.40988405812587
17.061482265285754,56.4200766668847,7.032779816472602,533.6619885620689,309.5900290446261,239.55169679843033,142.4299005814506,92.53502983669745,0.1309819037679124,328.6938310787791
34.4201876465068,80.16934228995714,0.6688510427948952,374.7019116384134,54.24803629830171,205.12639765602398,81.04640965287705,49.93823074597885,0.40609004218390676,164.21151702058722
31.126505041194026,61.452022196676836,8.573776075540732,867.3680909745458,147.00256662270766,287.98094239512517,139.69794300171768,176.30797978379232,0.3293374119469007,207.68594943563915
26.931586262937014,88.33960122393546,10.092102700119536,734.2206505322638,276.1184774764552,406.5155158621289,57.150990421613834,102.71259855789214,0.21408746858852135,337.5472951604903
27.63053256361553,89.00448083726161,9.082758864076515,1328.861679069826,162.44508165600712,427.51816898920566,110.23424657951558,52.746468959024305,0.9334399892402595,294.0575588479336
23.17596544886942,35.68209251162045,11.176058532359612,240.0443394940152,129.63516214187365,224.56579982137822,77.60251707617655,17.829652190893796,0.8809199954597525,207.46846511671157
33.571448011930016,90.87206653516466,8.784423162569619,460.8360858361261,155.73648995167898,237.7290421049211,97.75250823436622,138.39034628417295,0.1991471165201164,205.6941551121106
21.398986327823764,83.65976469882702,1.4678786953359753,1152.518522326192,218.93876643949577,108.1617559515579,80.61214903948131,50.782495658053584,0.35214788905551675,272.06000421975153
18.273978166487154,81.43519643032334,2.1884600992283154,232.98130296823697,349.9356975641545,61.871900085335206,145.3961864319906,198.0206165405679,0.7623153916708216,454.23588716131337
12.401954097152956,43.059237079558955,9.14888137438731,549.0701796303803,182.68750160449548,334.95889550811137,106.89475569394841,111.40307094888261,0.20850604814021567,257.03890171174817
29.227552611048566,82.33274856905322,4.487198283617783,642.0175516755764,88.80317673490597,69.64130775423845,45.18465560768416,64.90562928712609,0.5915648626042445,127.61696111743765
27.829986166040968,85.2586277545274,1.6548543710041046,971.631315187766,73.73936984210127,377.5618549338697,137.35476906671184,134.95871242059977,0.6997939421248166,256.51919964024063
18.37758604015164,48.79477173951982,6.729239780003928,321.3857040071104,33.97541666721672,287.98146671023386,51.16416334171461,62.29178545323625,0.6539723257107664,156.04741127401684
8.680222176899193,91.89690509355104,8.537677672213002,1304.8462864895935,204.40968752304607,131.34816998399836,62.02471390211988,165.85211584285184,0.7064086402755005,227.98373142082022
30.65292784838629,33.240909515945674,5.266816831069295,726.559129652784,199.7087901913153,288.1805540158188,24.297317722829874,68.56484967668897,0.706699589028763,300.11960718582947
8.308285553259989,39.744101461064076,10.94628868227378,1383.830396632779,87.72719583750202,124.17894963696547,135.99531277146673,197.76706915522274,0.9648059198489284,151.76054515520326
26.999894049984377,64.94277397334844,9.834673817468047,755.0178790875042,249.45870412934713,241.8191154547895,50.05568325190082,124.97750923460579,0.3464988895203196,258.1001517336754
34.19694196260354,67.42651062295013,5.325866235829244,485.0563625170267,264.56532373779464,407.7977454714253,46.24846651039353,170.43811829910604,0.8785904243758396,428.9874250890605
19.816855860001496,71.93475541455872,11.44565166917413,298.5603601627448,105.50240777609672,252.4828749688932,138.83676371929354,23.83493921990022,0.02180706251510678,130.4032922745054
14.344281934890724,31.10299340550532,9.906078116729015,105.24313259579874,133.55292212981306,108.40168641687218,122.77376073670467,76.17688930337576,0.2882029633232832,154.07414280153017
27.031517271171307,92.42384035043847,9.74295799140958,845.0204789787699,346.8556518745947,372.96119363855473,29.751049012712414,150.12254637156843,0.048655781999131564,373.930543107162
30.0624598344208,32.89822602771936,8.524701661412486,250.0193756976928,143.50727439074228,125.91347148420407,117.70543054651529,134.46121329471072,0.6512039599558402,207.54690011645093
22.753618534101875,39.29902692702115,0.6651501872840155,648.4188690836495,271.06455167951356,379.7329422102503,137.8246337275307,46.90619307241398,0.10079037073161956,389.9041186411489
34.10995243191594,30.910943639193704,10.599354160414892,924.9804657319214,169.39939078788018,260.5020530392833,20.991570549504146,77.67855679684487,0.8457068636520463,222.058507852512
9.39505548476495,66.84579816411616,5.952605971082769,485.9602556637804,281.8037931941221,248.72120918337873,125.53009928664022,60.05424742263278,0.6465916837902598,380.80289352628773
21.629481154222262,90.5973474548632,14.167840797300506,345.3140093125613,273.7776687982738,431.6601174144384,86.63880726222784,126.54033225475017,0.028815401053605694,317.46372435753676
27.398256577708853,73.28656579523017,12.360779180619478,1184.6102716530784,240.35948831551676,365.95762119670763,103.6876429130321,75.46796359716724,0.714777365434623,301.8134233800718
31.291292721027833,83.47273545122778,9.021569808204028,1425.507641194269,302.07685427754114,55.13896659927206,78.99960744669117,68.72030598006646,0.8620349472569611,313.98725814838747
12.839901521510331,30.863278224807704,4.156638736379406,240.61658500675242,329.9421033096361,176.2401847167371,107.69243188673902,49.401816282904925,0.6611210076621494,381.0333664929736
29.600094007619397,65.23099440118219,3.4539022025261654,317.826454139011,211.39449574918768,440.62350399095334,14.77370063334545,87.71515297378318,0.030524215935032184,292.1459751961858
22.92309104440072,59.87159353785892,5.435580146324463,1444.017720153806,98.36473938350609,48.430037530791374,116.77894125125972,47.14549213734518,0.8579195484604065,142.95573942653
18.706949413729006,62.43291637435155,7.410235181910268,152.89791053714478,151.54755734254476,290.8165852805064,14.668117700254177,192.88822160175013,0.732463912934035,257.20345258360845
11.556305771635525,34.693857046787215,4.792949895564733,1468.685271170661,270.24088545938673,374.79980782001417,73.74197868462808,39.35534418410765,0.3784513124839842,332.8138886343245
31.362985490540634,74.48829846950498,7.966477683191,106.50227631898429,234.79155009087694,326.05379932290487,31.135099038241282,183.5278958421675,0.32863025831550263,310.02093747544325
12.246376620852313,62.709326965811236,2.897871169941196,1323.136117911864,78.67345172653208,389.84481296804074,125.30039882918301,91.40988864975057,0.4798201814074401,175.93799640462046
16.36427219864568,79.73467524098216,14.676835785969748,530.2552533828493,36.90904857832015,373.81825050078305,53.9125272845936,81.79453839672719,0.8671017509378709,137.50541364482694
15.831229362985795,61.543891214011495,2.064906046992411,1414.0244014482153,245.3773258688814,358.33411977043215,73.57309624460655,53.950762171921276,0.2520593518695575,340.20461619303137
31.528178923153064,39.70980635471808,14.013190024988395,543.7234040898197,102.85607792968396,417.9083360258,70.02510378176362,130.79370352982863,0.10096381124120113,123.67335775247493
